event_id,spatial_group,dist_to_facility,facility_category_encoded,peak_frp_mw,mean_frp_mw,frp_variance,max_brightness_k,duration_hours,day_night_ratio,historical_active_days_90d,historical_peak_frp,pct_cropland,pct_forest,pct_urban,is_industrial_zone,label,tier,label_source
EVT-IN-WES-15267852,54697ab4-b4a8-4687-a23a-ce6228a6aee9,360.37091135,27.0,5.3,2.8571428571428568,2.15405,296.84,83.95142031833333,0.0,0.0,0.0,0.05,0.1,0.85,1.0,IND_ROUTINE,Tier_A_RuleDerived,nominal_steady_furnace_routine
EVT-2026-B37376,spatial_grid_19_155,29573.35763914,0.0,7.42,2.908,5.662056,318.87,5.433333333333334,0.0,0.0,0.0,0.15,0.8,0.05,0.0,WILDFIRE,Tier_A_RuleDerived,forest_canopy_fire
EVT-IN-TAM-A76ED611,spatial_grid_22_157,79686.75922629,0.0,14.75,14.75,0.0,354.25,146.2347536516667,1.0,0.0,0.0,0.15,0.8,0.05,0.0,WILDFIRE,Tier_A_RuleDerived,forest_canopy_fire
EVT-2026-6B0F09,spatial_grid_19_155,29774.62895002,0.0,3.45,3.45,0.0,306.04,0.0,0.0,0.0,0.0,0.15,0.8,0.05,0.0,WILDFIRE,Tier_A_RuleDerived,forest_canopy_fire
EVT-2026-19F433,d772f6ed-8427-4fe3-80af-34c1a71e8aad,891.78636828,32.0,3.11,1.848586789554532,0.4552592152199762,299.44,95.5,0.0,3.0,3.62,0.05,0.1,0.85,1.0,IND_ROUTINE,Tier_A_RuleDerived,nominal_steady_furnace_routine
EVT-IN-KAR-0014,2304b414-4617-410a-8e31-67ee87ab7f20,273.10643966,92.0,88.2,77.6,0.0,315.0,9.0,0.5,0.0,0.0,0.05,0.1,0.85,1.0,IND_FLARE,Tier_A_RuleDerived,elevated_industrial_flare
EVT-IN-KER-59D1DA72,spatial_grid_18_154,26636.07630017,0.0,1.74,1.35,0.1521,309.28,140.4847536516667,0.0,0.0,0.0,0.15,0.8,0.05,0.0,WILDFIRE,Tier_A_RuleDerived,forest_canopy_fire
EVT-2026-857060,260c913d-b8b3-49bc-919f-7d880bcd2ff2,789.75940402,72.0,1.08,1.08,0.0,306.4,0.0,0.0,0.0,0.0,0.05,0.1,0.85,1.0,IND_ROUTINE,Tier_A_RuleDerived,nominal_steady_furnace_routine
EVT-IN-NON-7FB5A23A,bc41ddd9-9d85-4f06-8316-2d69368e2adb,1237.39342138,32.0,11.92,4.136638932496076,9.329981,328.52,70.43333333333334,0.35,3.0,11.92,0.05,0.1,0.85,1.0,IND_ROUTINE,Tier_A_RuleDerived,nominal_steady_furnace_routine
EVT-2026-AB7777,d772f6ed-8427-4fe3-80af-34c1a71e8aad,1275.78492101,32.0,1.39,1.1966666666666668,0.0210249999999999,301.29,25.316666666666663,0.0,4.0,3.62,0.05,0.1,0.85,1.0,IND_ROUTINE,Tier_A_RuleDerived,nominal_steady_furnace_routine
EVT-IN-ODI-45682A9C,spatial_grid_41_170,11066.24724632,0.0,0.71,0.71,0.0,300.84,14.668086985,0.0,0.0,0.0,0.05,0.1,0.85,1.0,IND_ROUTINE,Tier_A_RuleDerived,nominal_steady_furnace_routine
EVT-IN-JHA-081F309A,spatial_grid_47_172,10574.14685642,0.0,5.56,4.85000000000002,1.0081999999999995,333.77,14.518086985,1.0,0.0,0.0,0.05,0.1,0.85,1.0,IND_ROUTINE,Tier_A_RuleDerived,nominal_steady_furnace_routine
EVT-IN-TAM-CF50276A,spatial_grid_24_156,37790.7373736,0.0,1.02,1.02,0.0,315.57,78.35142031833334,0.0,0.0,0.0,0.15,0.8,0.05,0.0,WILDFIRE,Tier_A_RuleDerived,forest_canopy_fire
EVT-IN-TAM-685EE99D,spatial_grid_17_155,16876.29293415,0.0,6.5,5.0600000000000005,2.0736,337.88,95.18475365166668,1.0,0.0,0.0,0.15,0.8,0.05,0.0,WILDFIRE,Tier_A_RuleDerived,forest_canopy_fire
EVT-IN-NON-23356FD2,bc41ddd9-9d85-4f06-8316-2d69368e2adb,991.34151834,32.0,11.92,3.955476518110796,13.422887326388889,344.97,5.648579681666667,0.4583333333333333,2.0,11.1,0.05,0.1,0.85,1.0,IND_FLARE,Tier_A_RuleDerived,elevated_industrial_flare
EVT-IN-TAM-5B4E1EAF,spatial_grid_17_155,8670.66141456,0.0,1.58,1.58,0.0,337.27,27.248579681666666,1.0,0.0,0.0,0.15,0.8,0.05,0.0,WILDFIRE,Tier_A_RuleDerived,forest_canopy_fire
EVT-2026-3C7A4F,d26d71c2-2802-401c-871e-f542aa27e58d,2284.62124461,32.0,0.85,0.85,0.0,305.21,0.0,0.0,0.0,0.0,0.05,0.1,0.85,1.0,IND_ROUTINE,Tier_A_RuleDerived,nominal_steady_furnace_routine
EVT-IN-TAM-224B9701,spatial_grid_19_156,5695.08002418,0.0,5.4,5.4,0.0,339.46,59.081913015000005,1.0,0.0,0.0,0.1,0.05,0.85,0.0,OTHER_UNCERTAIN,Tier_B_HardNegative,hard_neg_urban_non_ind
EVT-IN-RAJ-AF513F80,7da57bf7-4f1f-4666-baad-99fff862c26a,205.45497171,45.0,0.32,0.32,0.0,299.11,0.731913015,0.0,0.0,0.0,0.05,0.1,0.85,1.0,IND_ROUTINE,Tier_A_RuleDerived,nominal_steady_furnace_routine
EVT-IN-TAM-54BFD6F0,spatial_grid_18_155,16927.68737717,0.0,15.58,11.096666666666666,10.078155555555556,350.7,71.18475365166667,1.0,0.0,0.0,0.15,0.8,0.05,0.0,WILDFIRE,Tier_A_RuleDerived,forest_canopy_fire
EVT-IN-TAM-6B181ADC,spatial_grid_20_156,13104.70888856,0.0,4.01,4.01,0.0,334.77,31.53475365166667,1.0,0.0,0.0,0.1,0.05,0.85,0.0,OTHER_UNCERTAIN,Tier_B_HardNegative,hard_neg_urban_non_ind
EVT-IN-TAM-1D0A1711,spatial_grid_19_156,10830.80301196,0.0,1.97,1.97,0.0,336.6,13.348579681666664,1.0,0.0,0.0,0.1,0.05,0.85,0.0,OTHER_UNCERTAIN,Tier_B_HardNegative,hard_neg_urban_non_ind
EVT-IN-TAM-2334F7E0,spatial_grid_19_155,30156.89827328,0.0,14.8,7.433000041484833,16.25854540816327,319.03,5.116666666666666,0.0,0.0,0.0,0.15,0.8,0.05,0.0,WILDFIRE,Tier_A_RuleDerived,forest_canopy_fire
EVT-IN-TAM-1E3255B3,spatial_grid_18_155,29685.2161136,0.0,12.51,12.509999992931265,14.402025,319.37,13.215246348333332,1.0,1.0,4.92,0.15,0.8,0.05,0.0,WILDFIRE,Tier_A_RuleDerived,forest_canopy_fire
EVT-IN-ASS-69B67A11,spatial_grid_56_191,85047.25168547,0.0,2.14,2.14,0.0,330.43,45.59857968166667,1.0,0.0,0.0,0.15,0.8,0.05,0.0,WILDFIRE,Tier_A_RuleDerived,forest_canopy_fire
EVT-IN-TAM-F9CD84DE,spatial_grid_21_154,13378.56263143,0.0,0.93,0.700952380952381,0.067664,305.55,65.718086985,0.0,0.0,0.0,0.15,0.8,0.05,0.0,WILDFIRE,Tier_A_RuleDerived,forest_canopy_fire
EVT-IN-TEL-A588E86A,e39b7708-069e-48bc-9acb-b8c0449ac22e,995.0439517,32.0,1.4,1.0,0.0828159999999999,313.21,50.34857968166667,0.0,1.0,1.22,0.05,0.1,0.85,1.0,IND_ROUTINE,Tier_A_RuleDerived,nominal_steady_furnace_routine
EVT-IN-RAJ-E963B238,15de79a7-adad-4f5e-8be4-8628c7eb6106,639.20146497,32.0,1.2,0.9773333333333332,0.031725,308.21,32.018086985000004,0.0,0.0,0.0,0.05,0.1,0.85,1.0,IND_ROUTINE,Tier_A_RuleDerived,nominal_steady_furnace_routine
EVT-IN-KAR-0009,cf1d64f9-1ef1-4679-a003-6132e5db576a,80.16188535,72.0,372.0,40.166250000000005,1.821724305555556,351.0,11.0,0.4166666666666667,3.0,7.11,0.05,0.1,0.85,1.0,IND_FIRE,Tier_A_RuleDerived,high_frp_industrial_fire
EVT-IN-TAM-F4FC628C,spatial_grid_18_155,23495.05162889,0.0,15.33,11.79,12.5316,348.33,19.334753651666663,1.0,0.0,0.0,0.15,0.8,0.05,0.0,WILDFIRE,Tier_A_RuleDerived,forest_canopy_fire
EVT-IN-KAR-19377294,2bf95443-7a06-492f-ad09-0b39c3674067,2088.39244597,32.0,0.78,0.6928571428571428,0.002256,309.09,11.965246348333332,0.0,0.0,0.0,0.05,0.1,0.85,1.0,IND_ROUTINE,Tier_A_RuleDerived,nominal_steady_furnace_routine
EVT-IN-KAR-2D8D08C5,df3c5512-1ef8-4adc-8ad3-b86592dbed4e,252.78035822,32.0,1.88,1.1260714285714286,0.1461609374999999,304.53,31.96524634833333,0.0,1.0,1.81,0.05,0.1,0.85,1.0,IND_ROUTINE,Tier_A_RuleDerived,nominal_steady_furnace_routine
EVT-IN-ASS-F0E110F5,spatial_grid_56_189,116970.26969704,0.0,4.26,4.26,0.0,346.8,79.23475365166667,1.0,0.0,0.0,0.15,0.8,0.05,0.0,WILDFIRE,Tier_A_RuleDerived,forest_canopy_fire
EVT-IN-TAM-C816A55D,spatial_grid_23_157,69168.30951946,0.0,6.34,6.34,0.0,334.69,58.80142031833333,1.0,0.0,0.0,0.15,0.8,0.05,0.0,WILDFIRE,Tier_A_RuleDerived,forest_canopy_fire
EVT-IN-WES-E340AA69,spatial_grid_47_174,11840.06230958,0.0,0.31,0.31,0.0,296.94,75.68191301499999,0.0,0.0,0.0,0.05,0.1,0.85,1.0,IND_ROUTINE,Tier_A_RuleDerived,nominal_steady_furnace_routine
EVT-IN-ODI-507EA497,spatial_grid_41_170,7466.4302004,0.0,17.78,17.779999982605226,16.343060937500002,301.97,76.64857968166666,0.375,2.0,9.71,0.05,0.1,0.85,1.0,IND_FLARE,Tier_A_RuleDerived,elevated_industrial_flare
EVT-IN-CHH-0011,abc63f94-66b1-4b21-84ab-89de5f990dc2,138.30322288,72.0,290.2,255.4,0.0,331.0,18.0,0.5,0.0,0.0,0.05,0.1,0.85,1.0,IND_FIRE,Tier_A_RuleDerived,high_frp_industrial_fire
EVT-IN-TAM-85976635,spatial_grid_20_154,7954.12115703,0.0,2.48,1.455,1.050625,320.12,0.6,0.0,0.0,0.0,0.15,0.8,0.05,0.0,WILDFIRE,Tier_A_RuleDerived,forest_canopy_fire
EVT-IN-ASS-016041B7,spatial_grid_49_185,45969.00260735,0.0,4.53,4.53,0.0,297.19,40.568086985,0.0,0.0,0.0,0.15,0.8,0.05,0.0,WILDFIRE,Tier_A_RuleDerived,forest_canopy_fire
EVT-IN-TAM-0D40D99F,spatial_grid_21_157,83366.15391025,0.0,8.61,8.61,0.0,340.1,86.868086985,1.0,0.0,0.0,0.1,0.05,0.85,0.0,OTHER_UNCERTAIN,Tier_A_RuleDerived,transient_unassociated
EVT-IN-TAM-F6FB27B7,spatial_grid_21_157,79827.49513307,0.0,3.38,3.38,0.0,335.91,176.18475365166665,1.0,0.0,0.0,0.1,0.05,0.85,0.0,OTHER_UNCERTAIN,Tier_B_HardNegative,hard_neg_urban_non_ind
EVT-IN-RAJ-8C7511CB,7dc1e35e-b354-42d0-84cb-2283581a54de,1043.64865799,32.0,0.54,0.4666666666655912,0.003025,299.8,20.898579681666664,0.0,0.0,0.0,0.05,0.1,0.85,1.0,IND_ROUTINE,Tier_A_RuleDerived,nominal_steady_furnace_routine
EVT-IN-TAM-3EA58625,spatial_grid_17_155,12981.67916207,0.0,4.11,4.075,0.001225,336.6,0.0,1.0,0.0,0.0,0.15,0.8,0.05,0.0,WILDFIRE,Tier_A_RuleDerived,forest_canopy_fire
EVT-IN-NON-77D74979,670e17f4-7bf8-4120-849b-09f23c4db3f8,3192.55553259,72.0,9.96,9.96,0.0,331.24,3.798579681666667,1.0,0.0,0.0,0.05,0.1,0.85,1.0,IND_ROUTINE,Tier_A_RuleDerived,nominal_steady_furnace_routine
EVT-IN-TAM-483650BC,spatial_grid_18_154,29073.1574501,0.0,2.32,2.32,0.0,336.91,24.48475365166667,1.0,0.0,0.0,0.15,0.8,0.05,0.0,WILDFIRE,Tier_A_RuleDerived,forest_canopy_fire
EVT-IN-ODI-AF694E7B,591982fa-5c59-440f-ac36-368f8db0d798,3211.7793283,72.0,3.38,3.085,0.0870249999999999,330.93,21.201420318333334,1.0,0.0,0.0,0.05,0.1,0.85,1.0,IND_ROUTINE,Tier_A_RuleDerived,nominal_steady_furnace_routine
EVT-IN-ODI-0019,fa0fcd95-8eba-4bf6-b02a-9e894857d3b8,135.94332047,32.0,149.3,131.4,0.0,314.0,12.0,0.5,0.0,0.0,0.05,0.1,0.85,1.0,IND_FLARE,Tier_A_RuleDerived,elevated_industrial_flare
EVT-IN-ASS-3CB963C9,spatial_grid_50_184,30400.05566012,0.0,4.29,4.29,0.0,296.28,16.251420318333334,0.0,0.0,0.0,0.15,0.8,0.05,0.0,WILDFIRE,Tier_A_RuleDerived,forest_canopy_fire
EVT-IN-TAM-0321C80B,spatial_grid_18_155,14052.14411277,0.0,4.69,2.9100000000000006,2.0019142857142858,350.61,0.5152463483333334,1.0,0.0,0.0,0.15,0.8,0.05,0.0,WILDFIRE,Tier_A_RuleDerived,forest_canopy_fire
EVT-IN-TEL-67B242BA,92bb1119-6df4-4460-986d-e9f180226882,1399.27770865,32.0,0.9,0.9,0.0,308.66,90.318086985,0.0,0.0,0.0,0.05,0.1,0.85,1.0,IND_ROUTINE,Tier_A_RuleDerived,nominal_steady_furnace_routine
EVT-IN-TAM-81B3880C,spatial_grid_19_156,19960.75084132,0.0,4.18,4.179999994933604,0.3467999999999999,338.34,78.18475365166667,1.0,0.0,0.0,0.1,0.05,0.85,0.0,OTHER_UNCERTAIN,Tier_B_HardNegative,hard_neg_urban_non_ind
EVT-IN-TAM-5446586B,spatial_grid_18_154,4441.20719899,0.0,9.51,9.51,0.0,367.0,0.0,1.0,0.0,0.0,0.15,0.8,0.05,0.0,WILDFIRE,Tier_A_RuleDerived,forest_canopy_fire
EVT-IN-CHH-000A,499e1b3f-a3e9-4699-acdd-244cc64e1047,67.32266682,32.0,291.6,256.6,0.0,346.8,2.0,0.5,0.0,0.0,0.05,0.1,0.85,1.0,IND_FIRE,Tier_A_RuleDerived,high_frp_industrial_fire
EVT-IN-TAM-0B555303,spatial_grid_24_153,15182.75426783,0.0,3.7,3.7000000000000006,1.972152263052529e-31,338.02,74.18475365166667,1.0,0.0,0.0,0.15,0.8,0.05,0.0,WILDFIRE,Tier_A_RuleDerived,forest_canopy_fire
EVT-IN-TAM-4AB28820,spatial_grid_18_155,40632.04063185,0.0,1.32,0.62,0.12252,314.42,66.86524634833334,0.0,0.0,0.0,0.15,0.8,0.05,0.0,WILDFIRE,Tier_A_RuleDerived,forest_canopy_fire
EVT-IN-TAM-9C810A8A,spatial_grid_21_157,76373.30028861,0.0,2.33,2.33,0.0,331.45,23.548579681666663,1.0,0.0,0.0,0.1,0.05,0.85,0.0,OTHER_UNCERTAIN,Tier_B_HardNegative,hard_neg_urban_non_ind
EVT-2026-84F8D0,8a4531ec-6631-421e-bda2-81d9735a6f1f,3483.10734635,32.0,2.46,2.335,0.015625,304.51,0.0,0.0,0.0,0.0,0.05,0.1,0.85,1.0,IND_ROUTINE,Tier_A_RuleDerived,nominal_steady_furnace_routine
EVT-IN-ASS-2D8D367B,spatial_grid_54_190,4866.04318399,0.0,1.76,1.76,0.0,312.89,19.318086985,0.0,0.0,0.0,0.15,0.8,0.05,0.0,WILDFIRE,Tier_A_RuleDerived,forest_canopy_fire
EVT-IN-TAM-CAA1AB8E,spatial_grid_16_155,9143.481717,0.0,8.3,8.3,0.0,343.41,171.18475365166665,1.0,0.0,0.0,0.15,0.8,0.05,0.0,WILDFIRE,Tier_A_RuleDerived,forest_canopy_fire
EVT-2026-7F5325,8de15edc-4114-4802-8e8f-40218a58e589,397.92742218,32.0,0.97,0.78,0.0361,306.77,0.75,0.0,0.0,0.0,0.05,0.1,0.85,1.0,IND_ROUTINE,Tier_A_RuleDerived,nominal_steady_furnace_routine
EVT-2026-4B851F,260c913d-b8b3-49bc-919f-7d880bcd2ff2,929.4001897,72.0,3.24,3.24,0.0,327.01,0.0,0.0,0.0,0.0,0.05,0.1,0.85,1.0,IND_ROUTINE,Tier_A_RuleDerived,nominal_steady_furnace_routine
EVT-IN-TAM-DEAABDC3,spatial_grid_19_154,20827.10420648,0.0,0.88,0.778,0.0080159999999999,301.05,5.418086985,0.0,0.0,0.0,0.15,0.8,0.05,0.0,WILDFIRE,Tier_A_RuleDerived,forest_canopy_fire
EVT-2026-83F951,591982fa-5c59-440f-ac36-368f8db0d798,766.92093661,72.0,5.23,5.23,0.0,334.29,0.0,1.0,0.0,0.0,0.05,0.1,0.85,1.0,IND_ROUTINE,Tier_A_RuleDerived,nominal_steady_furnace_routine
EVT-IN-ODI-67720F9D,c1497182-40e9-421f-a67e-f55783ab0fe5,566.22380828,72.0,4.14,4.14,0.0,307.72,64.45142031833333,0.0,0.0,0.0,0.05,0.1,0.85,1.0,IND_ROUTINE,Tier_A_RuleDerived,nominal_steady_furnace_routine
EVT-IN-ODI-0004,13205ae7-ed59-4dde-bdb1-bc1924359027,255.40000305,92.0,266.0,234.1,0.0,362.5,12.0,0.5,0.0,0.0,0.05,0.1,0.85,1.0,IND_FIRE,Tier_A_RuleDerived,high_frp_industrial_fire
EVT-IN-KAR-7701892F,0bf568bb-b5b5-4845-b61f-12d02a7ab8d1,500.79882045,32.0,2.13,1.1546774193548386,0.2327,296.09,96.1,0.0,1.0,1.69,0.05,0.1,0.85,1.0,IND_ROUTINE,Tier_A_RuleDerived,nominal_steady_furnace_routine
EVT-IN-TAM-E024C9B7,spatial_grid_23_156,69344.32441457,0.0,2.19,2.19,0.0,330.64,63.91524634833333,1.0,0.0,0.0,0.15,0.8,0.05,0.0,WILDFIRE,Tier_A_RuleDerived,forest_canopy_fire
EVT-IN-TEL-000B,88a685c7-59f2-49cb-9505-1e6b87e91ebe,131.71012191,32.0,192.4,169.3,0.0,339.5,12.0,0.5,0.0,0.0,0.05,0.1,0.85,1.0,IND_FIRE,Tier_A_RuleDerived,high_frp_industrial_fire
EVT-IN-TAM-0A39C66D,spatial_grid_24_157,28223.79095138,0.0,1.07,1.07,0.0,302.25,85.06808698500001,0.0,0.0,0.0,0.15,0.8,0.05,0.0,WILDFIRE,Tier_A_RuleDerived,forest_canopy_fire
EVT-IN-KAR-5B17FB7C,df3c5512-1ef8-4adc-8ad3-b86592dbed4e,341.79029879,32.0,1.81,1.4799999771515528,0.1276472222222222,305.59,54.03475365166666,0.0,0.0,0.0,0.05,0.1,0.85,1.0,IND_ROUTINE,Tier_A_RuleDerived,nominal_steady_furnace_routine
EVT-IN-ASS-D2A7923E,spatial_grid_56_190,110548.50319524,0.0,4.86,4.86,0.0,329.86,70.281913015,1.0,0.0,0.0,0.15,0.8,0.05,0.0,WILDFIRE,Tier_A_RuleDerived,forest_canopy_fire
EVT-IN-ASS-C5CEEE37,spatial_grid_54_190,8427.73327708,0.0,3.02,2.307666666666667,0.2102543209876543,306.89,112.318086985,0.0,0.0,0.0,0.15,0.8,0.05,0.0,WILDFIRE,Tier_A_RuleDerived,forest_canopy_fire
EVT-IN-MAD-0013,f6d70f52-9976-4fd5-ab47-5f41c2c3c8cd,224.66599992,7.0,221.0,194.5,0.0,329.0,6.0,0.5,0.0,0.0,0.05,0.1,0.85,1.0,IND_FIRE,Tier_A_RuleDerived,high_frp_industrial_fire
EVT-2026-5807B8,spatial_grid_18_155,21213.68571634,0.0,1.36,1.36,0.0,313.85,0.0,0.0,0.0,0.0,0.15,0.8,0.05,0.0,WILDFIRE,Tier_A_RuleDerived,forest_canopy_fire
EVT-IN-KAR-891AC825,df3c5512-1ef8-4adc-8ad3-b86592dbed4e,354.84417825,32.0,1.48,1.46921875,0.1170666666666666,301.93,71.44857968166667,0.0,2.0,1.88,0.05,0.1,0.85,1.0,IND_ROUTINE,Tier_A_RuleDerived,nominal_steady_furnace_routine
EVT-IN-TAM-CAC1FE9A,spatial_grid_17_154,7440.01403727,0.0,2.81,2.81,0.0,331.74,102.23475365166668,1.0,0.0,0.0,0.15,0.8,0.05,0.0,WILDFIRE,Tier_A_RuleDerived,forest_canopy_fire
EVT-IN-ODI-37E1BF47,spatial_grid_41_170,8515.3269428,0.0,11.97,2.773000000013038,11.766251,352.45,20.165246348333334,0.25,1.0,2.64,0.05,0.1,0.85,1.0,IND_FLARE,Tier_A_RuleDerived,elevated_industrial_flare
EVT-IN-TAM-9D1668AB,spatial_grid_24_153,17995.7551909,0.0,1.61,1.61,0.0,331.26,12.084753651666668,1.0,0.0,0.0,0.15,0.8,0.05,0.0,WILDFIRE,Tier_A_RuleDerived,forest_canopy_fire
EVT-IN-TAM-B7D95AFA,spatial_grid_17_155,7043.86554439,0.0,1.37,1.37,0.0,335.65,91.18475365166668,1.0,0.0,0.0,0.15,0.8,0.05,0.0,WILDFIRE,Tier_A_RuleDerived,forest_canopy_fire
EVT-IN-TAM-7D250DBF,spatial_grid_19_156,8430.33920511,0.0,5.83,5.665,0.027225,333.9,103.881913015,1.0,0.0,0.0,0.1,0.05,0.85,0.0,OTHER_UNCERTAIN,Tier_B_HardNegative,hard_neg_urban_non_ind
EVT-IN-WES-E684D4E3,spatial_grid_47_174,5785.59287017,0.0,4.9,3.97,3.460855555555556,309.47,70.88475365166666,0.5,0.0,0.0,0.05,0.1,0.85,1.0,IND_ROUTINE,Tier_A_RuleDerived,nominal_steady_furnace_routine
EVT-IN-RAJ-26ECB799,5a218a2b-c326-498e-8546-0d9630ad9c1e,442.49317505,32.0,1.49,0.8007142857142856,0.1236888888888888,295.01,18.431913015,0.0,0.0,0.0,0.05,0.1,0.85,1.0,IND_ROUTINE,Tier_A_RuleDerived,nominal_steady_furnace_routine
EVT-IN-TAM-DB9806DE,spatial_grid_18_155,30009.12298496,0.0,3.24,3.24,0.0,334.6,55.09857968166667,1.0,0.0,0.0,0.15,0.8,0.05,0.0,WILDFIRE,Tier_A_RuleDerived,forest_canopy_fire
EVT-IN-TAM-C00EB435,6f6c79e4-a169-4809-8d99-10aea66d5654,2193.03003553,81.0,4.9,4.465,0.189225,338.85,75.18475365166667,1.0,0.0,0.0,0.05,0.1,0.85,1.0,IND_ROUTINE,Tier_A_RuleDerived,nominal_steady_furnace_routine
EVT-IN-ODI-AC2A3EAD,spatial_grid_41_172,3996.19639386,0.0,4.14,4.14,0.0,307.47,43.548579681666666,0.0,0.0,0.0,0.05,0.1,0.85,1.0,IND_ROUTINE,Tier_A_RuleDerived,nominal_steady_furnace_routine
EVT-IN-WES-42D23E2B,8109d87d-ebd4-48d6-92bf-3f12bc60749e,3282.26958586,32.0,14.28,9.076483516483515,14.308151473922903,343.58,19.431913015,0.1904761904761904,1.0,2.46,0.05,0.1,0.85,1.0,IND_FLARE,Tier_A_RuleDerived,elevated_industrial_flare
EVT-IN-MAH-2FB2242F,spatial_grid_38_145,4526.15468093,0.0,25.4,25.4,0.0,315.5,120.43475365166668,0.0,0.0,0.0,0.1,0.05,0.85,0.0,OTHER_UNCERTAIN,Tier_A_RuleDerived,transient_unassociated
EVT-IN-NON-C7B6C830,8c1619b0-7630-4c2b-aead-4842225a3e3a,1542.01717775,32.0,2.89,2.1157777777777778,0.560675,307.93,71.35,0.0,1.0,2.89,0.05,0.1,0.85,1.0,IND_ROUTINE,Tier_A_RuleDerived,nominal_steady_furnace_routine
EVT-IN-KAR-A944D2B0,6e02687c-ca01-43e0-b711-603a4cb9febb,677.28583417,32.0,7.11,2.4444856977059795,1.740013148788928,300.4,132.7347536516667,0.0352941176470588,0.0,0.0,0.05,0.1,0.85,1.0,IND_ROUTINE,Tier_A_RuleDerived,nominal_steady_furnace_routine
EVT-2026-34105F,b91eb7d1-578b-43c0-bbb2-04086b4b1dff,783.84940317,72.0,7.11,2.515631756836149,2.149674985122,338.03,12.866666666666667,0.0985915492957746,1.0,7.11,0.05,0.1,0.85,1.0,IND_ROUTINE,Tier_A_RuleDerived,nominal_steady_furnace_routine
EVT-IN-WES-E0C61DCA,6b7d6271-d859-4425-9aeb-5e8ea53fccb5,3083.49436907,81.0,2.02,2.02,0.0,301.23,106.931913015,0.0,0.0,0.0,0.05,0.1,0.85,1.0,IND_ROUTINE,Tier_A_RuleDerived,nominal_steady_furnace_routine
EVT-IN-TAM-4147CD65,spatial_grid_18_154,14128.19379642,0.0,1.61,1.61,0.0,331.96,66.45142031833333,1.0,0.0,0.0,0.15,0.8,0.05,0.0,WILDFIRE,Tier_A_RuleDerived,forest_canopy_fire
EVT-IN-GUJ-80E5CC19,f3a23ad9-9585-4718-80e5-235550f19b17,2199.16358804,32.0,4.01,2.0346666666665403,0.8973728395061727,309.44,1.0666666666666669,0.0,1.0,4.01,0.05,0.1,0.85,1.0,IND_ROUTINE,Tier_A_RuleDerived,nominal_steady_furnace_routine
EVT-IN-KAR-22F89899,6e02687c-ca01-43e0-b711-603a4cb9febb,872.5902216,32.0,5.52,2.3508616780045357,1.0510481404958678,340.96,81.25,0.0909090909090909,5.0,7.11,0.05,0.1,0.85,1.0,IND_ROUTINE,Tier_A_RuleDerived,nominal_steady_furnace_routine
EVT-IN-WES-A8A6C962,9a68179a-3b46-4cc6-a6e5-54206f37cc3f,2340.24507232,72.0,1.98,1.846666666666667,0.0088888888888888,309.68,12.951420318333334,0.0,0.0,0.0,0.05,0.1,0.85,1.0,IND_ROUTINE,Tier_A_RuleDerived,nominal_steady_furnace_routine
EVT-IN-UTT-000E,1d1f3af7-39c2-48c1-89d0-1f0e7b6b5355,104.86237312,92.0,89.8,79.0,0.0,328.4,21.0,0.5,0.0,0.0,0.05,0.1,0.85,1.0,IND_FLARE,Tier_A_RuleDerived,elevated_industrial_flare
EVT-IN-UTT-52BECDE3,spatial_grid_57_154,4094.39379102,0.0,10.5,10.5,0.0,330.1,25.731913015,1.0,0.0,0.0,0.1,0.05,0.85,0.0,OTHER_UNCERTAIN,Tier_A_RuleDerived,transient_unassociated
EVT-IN-TAM-0F52CC38,spatial_grid_23_157,65054.97920987,0.0,12.68,10.465,4.906224999999999,338.89,0.9166666666666666,1.0,0.0,0.0,0.15,0.8,0.05,0.0,WILDFIRE,Tier_A_RuleDerived,forest_canopy_fire
EVT-IN-TAM-7D53E09D,spatial_grid_24_157,64829.54357632,0.0,22.47,22.47,0.0,348.36,0.0,1.0,0.0,0.0,0.15,0.8,0.05,0.0,WILDFIRE,Tier_A_RuleDerived,forest_canopy_fire
EVT-IN-TAM-CF1F7FDA,spatial_grid_23_157,77717.06814369,0.0,4.3,3.2,1.2099999999999995,331.27,111.18475365166668,1.0,0.0,0.0,0.15,0.8,0.05,0.0,WILDFIRE,Tier_A_RuleDerived,forest_canopy_fire
EVT-IN-TAM-D5E8E133,spatial_grid_22_153,23030.17639331,0.0,5.04,5.04,0.0,332.31,84.218086985,1.0,0.0,0.0,0.15,0.8,0.05,0.0,WILDFIRE,Tier_A_RuleDerived,forest_canopy_fire
EVT-IN-TAM-76D148A7,spatial_grid_21_157,81461.40458639,0.0,3.35,3.35,0.0,335.81,149.18475365166665,1.0,0.0,0.0,0.1,0.05,0.85,0.0,OTHER_UNCERTAIN,Tier_B_HardNegative,hard_neg_urban_non_ind
EVT-IN-ASS-72714087,spatial_grid_53_186,83025.97996781,0.0,1.84,1.84,0.0,332.56,32.515246348333335,1.0,0.0,0.0,0.15,0.8,0.05,0.0,WILDFIRE,Tier_A_RuleDerived,forest_canopy_fire
EVT-IN-TAM-305336A5,spatial_grid_21_157,90846.36761227,0.0,5.89,4.72,1.3688999999999998,338.36,127.18475365166668,1.0,0.0,0.0,0.1,0.05,0.85,0.0,OTHER_UNCERTAIN,Tier_B_HardNegative,hard_neg_urban_non_ind
EVT-IN-TAM-1732E7CF,spatial_grid_21_157,91464.15714438,0.0,9.28,7.45,3.3488999999999987,339.35,0.6,1.0,1.0,5.89,0.1,0.05,0.85,0.0,OTHER_UNCERTAIN,Tier_A_RuleDerived,transient_unassociated
EVT-IN-KAR-720D95B3,0bf568bb-b5b5-4845-b61f-12d02a7ab8d1,562.02950511,32.0,1.69,1.1460000000000004,0.172184,306.74,36.0,0.0,0.0,0.0,0.05,0.1,0.85,1.0,IND_ROUTINE,Tier_A_RuleDerived,nominal_steady_furnace_routine
EVT-IN-TAM-E9F71E9D,spatial_grid_18_155,26184.2922012,0.0,4.97,3.345,2.640625,334.37,73.80142031833334,1.0,0.0,0.0,0.15,0.8,0.05,0.0,WILDFIRE,Tier_A_RuleDerived,forest_canopy_fire
EVT-IN-TAM-F51176E5,a8f29765-d1b5-4c77-9b69-b4a9bc5539cb,1622.69086196,81.0,6.5,6.195,0.0930250000000001,340.97,110.18475365166668,1.0,0.0,0.0,0.05,0.1,0.85,1.0,IND_ROUTINE,Tier_A_RuleDerived,nominal_steady_furnace_routine
EVT-IN-JHA-1CBCC7CB,spatial_grid_47_172,9362.93881938,0.0,11.8,11.8,0.0,329.0,76.618086985,1.0,0.0,0.0,0.05,0.1,0.85,1.0,IND_ROUTINE,Tier_A_RuleDerived,nominal_steady_furnace_routine
EVT-IN-TAM-D98DE14D,spatial_grid_24_154,10207.96456155,0.0,12.97,12.97,0.0,345.6,0.0,1.0,0.0,0.0,0.15,0.8,0.05,0.0,WILDFIRE,Tier_A_RuleDerived,forest_canopy_fire
EVT-IN-TEL-19A5150A,da83aca8-bfdd-46e8-b33c-268dab96eeca,847.80131385,32.0,1.5,1.202,0.2058979591836734,296.6,108.03475365166668,0.0,0.0,0.0,0.05,0.1,0.85,1.0,IND_ROUTINE,Tier_A_RuleDerived,nominal_steady_furnace_routine
EVT-IN-WES-2D1A5E6F,54697ab4-b4a8-4687-a23a-ce6228a6aee9,0.0,27.0,5.3,5.3,0.0,323.61,43.0,0.0,1.0,5.3,0.05,0.1,0.85,1.0,IND_ROUTINE,Tier_A_RuleDerived,nominal_steady_furnace_routine
EVT-IN-TAM-63797582,spatial_grid_24_156,34219.02353068,0.0,8.28,8.28,0.0,332.63,0.0,1.0,0.0,0.0,0.15,0.8,0.05,0.0,WILDFIRE,Tier_A_RuleDerived,forest_canopy_fire
EVT-IN-ODI-00B0FF07,spatial_grid_41_170,12151.50878058,0.0,2.11,1.8,0.0760666666666666,303.89,90.831913015,0.0,0.0,0.0,0.05,0.1,0.85,1.0,IND_ROUTINE,Tier_A_RuleDerived,nominal_steady_furnace_routine
EVT-IN-TAM-567065D3,spatial_grid_24_157,65433.18114901,0.0,1.61,1.61,0.0,297.43,0.0,0.0,0.0,0.0,0.15,0.8,0.05,0.0,WILDFIRE,Tier_A_RuleDerived,forest_canopy_fire
EVT-IN-TAM-B3AFFF52,spatial_grid_24_157,48347.40015136,0.0,6.94,6.94,0.0,345.02,0.0,1.0,0.0,0.0,0.15,0.8,0.05,0.0,WILDFIRE,Tier_A_RuleDerived,forest_canopy_fire
EVT-IN-ODI-5E82F235,c1497182-40e9-421f-a67e-f55783ab0fe5,391.13246836,72.0,3.23,3.23,0.0,331.01,71.29857968166667,1.0,1.0,4.14,0.05,0.1,0.85,1.0,IND_ROUTINE,Tier_A_RuleDerived,nominal_steady_furnace_routine
EVT-IN-TAM-2C814866,5c24ac35-a6d8-43c1-8b9f-3798dea4a52a,2185.90459119,81.0,2.34,1.532,0.1632159999999999,311.47,86.35142031833334,0.0,0.0,0.0,0.05,0.1,0.85,1.0,IND_ROUTINE,Tier_A_RuleDerived,nominal_steady_furnace_routine
EVT-IN-RAJ-BB040E12,spatial_grid_49_149,5470.59890883,0.0,1.34,0.7166666666666667,0.1956222222222222,302.81,6.018086985,0.0,0.0,0.0,0.05,0.1,0.85,1.0,IND_ROUTINE,Tier_A_RuleDerived,nominal_steady_furnace_routine
EVT-IN-KAR-8CE29158,b91eb7d1-578b-43c0-bbb2-04086b4b1dff,1864.8686232,72.0,2.47,1.9749999999999857,0.4225859375,308.78,66.94857968166667,0.0,3.0,7.11,0.05,0.1,0.85,1.0,IND_ROUTINE,Tier_A_RuleDerived,nominal_steady_furnace_routine
EVT-IN-TAM-1021B2E4,spatial_grid_18_155,6658.73880436,0.0,1.26,1.045,0.046225,331.4,50.518086985,1.0,0.0,0.0,0.15,0.8,0.05,0.0,WILDFIRE,Tier_A_RuleDerived,forest_canopy_fire
EVT-IN-MAH-B721FEC1,d772f6ed-8427-4fe3-80af-34c1a71e8aad,352.88803331,32.0,3.62,2.505,0.9745805555555556,319.89,21.268086985,0.1666666666666666,1.0,3.11,0.05,0.1,0.85,1.0,IND_ROUTINE,Tier_A_RuleDerived,nominal_steady_furnace_routine
EVT-2026-AC3ACA,b91eb7d1-578b-43c0-bbb2-04086b4b1dff,959.20544708,72.0,4.91,2.0525,1.04298875,337.31,14.4,0.05,2.0,7.11,0.05,0.1,0.85,1.0,IND_ROUTINE,Tier_A_RuleDerived,nominal_steady_furnace_routine
EVT-IN-GUJ-0006,98a92d1f-b7d2-4e40-8dd5-2f2cff90f20f,190.22691011,27.0,76.8,67.6,0.0,348.0,23.0,0.5,0.0,0.0,0.05,0.1,0.85,1.0,IND_FLARE,Tier_A_RuleDerived,elevated_industrial_flare
EVT-IN-TAM-2D49E780,spatial_grid_21_154,16128.27466076,0.0,0.34,0.34,0.0,304.6,87.49857968166666,0.0,0.0,0.0,0.15,0.8,0.05,0.0,WILDFIRE,Tier_A_RuleDerived,forest_canopy_fire
EVT-IN-RAJ-7B2267AE,15de79a7-adad-4f5e-8be4-8628c7eb6106,686.76444569,32.0,1.2,1.1331250000000002,0.031725,313.08,24.433333333333334,0.0,1.0,1.2,0.05,0.1,0.85,1.0,IND_ROUTINE,Tier_A_RuleDerived,nominal_steady_furnace_routine
EVT-IN-ASS-5D71ECC2,spatial_grid_54_190,13155.97923455,0.0,3.6,2.7016666666666667,1.5499583333333335,309.66,14.718086985,0.0,0.0,0.0,0.15,0.8,0.05,0.0,WILDFIRE,Tier_A_RuleDerived,forest_canopy_fire
EVT-IN-TAM-5DB91769,3eea7891-05d0-4ca9-976e-dcbcd3ef285b,1682.95110778,32.0,3.67,3.67,0.0,340.46,90.868086985,1.0,0.0,0.0,0.05,0.1,0.85,1.0,IND_ROUTINE,Tier_A_RuleDerived,nominal_steady_furnace_routine
EVT-IN-NON-B72C8346,spatial_grid_26_160,6354.5793205,0.0,3.64,3.64,0.0,335.92,0.0,1.0,0.0,0.0,0.05,0.1,0.85,1.0,IND_ROUTINE,Tier_A_RuleDerived,nominal_steady_furnace_routine
EVT-IN-KAR-BBC07ADA,6e02687c-ca01-43e0-b711-603a4cb9febb,2199.7612918,32.0,4.32,3.3842857142857143,1.9986408163265303,330.42,123.03475365166668,0.1428571428571428,0.0,0.0,0.05,0.1,0.85,1.0,IND_ROUTINE,Tier_A_RuleDerived,nominal_steady_furnace_routine
EVT-IN-TAM-CA914F25,spatial_grid_19_156,23749.95388612,0.0,4.38,4.126666666666666,0.0320888888888888,340.06,17.084753651666666,1.0,0.0,0.0,0.1,0.05,0.85,0.0,OTHER_UNCERTAIN,Tier_B_HardNegative,hard_neg_urban_non_ind
EVT-IN-KAR-FF4FEFD9,2bf95443-7a06-492f-ad09-0b39c3674067,2002.41031525,32.0,0.69,0.69,0.0,302.99,3.818086985,0.0,1.0,0.78,0.05,0.1,0.85,1.0,IND_ROUTINE,Tier_A_RuleDerived,nominal_steady_furnace_routine
EVT-IN-TAM-CF971F77,spatial_grid_19_156,15785.88690042,0.0,2.94,2.94,0.0,332.32,80.45142031833333,1.0,0.0,0.0,0.1,0.05,0.85,0.0,OTHER_UNCERTAIN,Tier_B_HardNegative,hard_neg_urban_non_ind
EVT-IN-TAM-A4D33CFB,dbb01fca-ff98-4411-9afa-2eb4c645497e,1722.81712453,81.0,29.4,29.4,0.0,339.12,197.18475365166665,1.0,0.0,0.0,0.05,0.1,0.85,1.0,IND_FLARE,Tier_A_RuleDerived,elevated_industrial_flare
EVT-IN-TAM-DD042884,spatial_grid_20_154,14456.46881924,0.0,0.74,0.485,0.065025,303.46,106.48475365166668,0.0,0.0,0.0,0.15,0.8,0.05,0.0,WILDFIRE,Tier_A_RuleDerived,forest_canopy_fire
EVT-IN-TAM-F2A09717,spatial_grid_24_153,12695.83877414,0.0,5.61,5.61,0.0,309.2,50.71524634833334,1.0,0.0,0.0,0.15,0.8,0.05,0.0,WILDFIRE,Tier_A_RuleDerived,forest_canopy_fire
EVT-IN-WES-000F,7bba0ef9-c8aa-42f0-967f-78ead477c010,214.02975906,89.0,140.8,123.9,0.0,325.0,21.0,0.5,0.0,0.0,0.05,0.1,0.85,1.0,IND_FLARE,Tier_A_RuleDerived,elevated_industrial_flare
EVT-IN-TAM-F0852122,spatial_grid_19_155,38844.18771561,0.0,4.45,4.45,0.0,335.3,1.468086985,1.0,0.0,0.0,0.15,0.8,0.05,0.0,WILDFIRE,Tier_A_RuleDerived,forest_canopy_fire
EVT-IN-TAM-49040F05,afd3ea7e-73e2-4f98-ad6c-19f4f6d61596,3225.90645583,81.0,6.56,6.56,0.0,341.42,87.18475365166667,1.0,0.0,0.0,0.05,0.1,0.85,1.0,IND_ROUTINE,Tier_A_RuleDerived,nominal_steady_furnace_routine
EVT-IN-GUJ-001A,88114c25-04bb-4992-adef-b23fd7dcf930,193.15509324,89.0,140.0,123.2,0.0,321.0,5.0,0.5,0.0,0.0,0.05,0.1,0.85,1.0,IND_FLARE,Tier_A_RuleDerived,elevated_industrial_flare
EVT-2026-97853B,spatial_grid_41_170,6268.89560227,0.0,9.71,7.443333333333333,2.624955555555557,309.52,17.383333333333333,0.6666666666666666,0.0,0.0,0.05,0.1,0.85,1.0,IND_ROUTINE,Tier_A_RuleDerived,nominal_steady_furnace_routine
EVT-IN-ASS-AFA76ED9,spatial_grid_54_190,14397.43233421,0.0,1.89,1.89,0.0,307.94,139.318086985,0.0,0.0,0.0,0.15,0.8,0.05,0.0,WILDFIRE,Tier_A_RuleDerived,forest_canopy_fire
EVT-IN-JHA-BFA591C4,260c913d-b8b3-49bc-919f-7d880bcd2ff2,1403.34373306,72.0,4.82,4.819999947150548,2.349955555555556,330.49,7.734753651666667,0.3333333333333333,1.0,3.24,0.05,0.1,0.85,1.0,IND_ROUTINE,Tier_A_RuleDerived,nominal_steady_furnace_routine
EVT-IN-GUJ-0001,b8dae176-f3e2-45ba-a275-0a75a78114c6,126.45747512,92.0,363.0,319.4,0.0,382.4,21.0,0.5,0.0,0.0,0.05,0.1,0.85,1.0,IND_FIRE,Tier_A_RuleDerived,high_frp_industrial_fire
EVT-IN-JHA-0003,32306ea1-b578-4b5f-9a7d-8a145cf390b6,190.73922013,72.0,441.0,388.1,0.0,395.0,23.0,0.5,1.0,3.24,0.05,0.1,0.85,1.0,IND_FIRE,Tier_A_RuleDerived,high_frp_industrial_fire
EVT-IN-ODI-0008,591982fa-5c59-440f-ac36-368f8db0d798,168.2546731,72.0,313.5,68.07300000000001,0.6400000000000003,355.4,7.0,1.0,1.0,5.23,0.05,0.1,0.85,1.0,IND_FIRE,Tier_A_RuleDerived,high_frp_industrial_fire
EVT-2026-443263,bc41ddd9-9d85-4f06-8316-2d69368e2adb,2190.12746659,32.0,0.95,0.95,0.0,297.67,0.0,0.0,2.0,11.1,0.05,0.1,0.85,1.0,IND_ROUTINE,Tier_A_RuleDerived,nominal_steady_furnace_routine
EVT-2026-EF8497,9a68179a-3b46-4cc6-a6e5-54206f37cc3f,2502.3936945,72.0,3.88,2.8175,1.14091875,323.59,0.3333333333333333,0.0,1.0,1.98,0.05,0.1,0.85,1.0,IND_ROUTINE,Tier_A_RuleDerived,nominal_steady_furnace_routine
EVT-IN-TAM-04BD52DA,spatial_grid_22_156,37900.96303203,0.0,4.18,4.18,0.0,332.79,52.91524634833333,1.0,0.0,0.0,0.15,0.8,0.05,0.0,WILDFIRE,Tier_A_RuleDerived,forest_canopy_fire
EVT-IN-JHA-348848A8,1b634478-eb76-4247-9147-2d45d3717527,1854.92246443,7.0,7.03,5.335,2.873025,330.6,146.868086985,1.0,0.0,0.0,0.05,0.1,0.85,1.0,IND_ROUTINE,Tier_A_RuleDerived,nominal_steady_furnace_routine
EVT-IN-MAD-0005,1e0998f4-c74e-4a90-9909-f46ab7b2d6a5,135.84080642,32.0,507.0,446.2,0.0,374.0,21.0,0.5,0.0,0.0,0.05,0.1,0.85,1.0,IND_FIRE,Tier_A_RuleDerived,high_frp_industrial_fire
EVT-IN-TAM-AAD228F0,spatial_grid_18_155,26467.02865057,0.0,6.5,6.5,0.0,321.0,41.28475365166666,1.0,0.0,0.0,0.15,0.8,0.05,0.0,WILDFIRE,Tier_A_RuleDerived,forest_canopy_fire
EVT-IN-ASS-54F9E5A5,spatial_grid_55_188,82099.69453625,0.0,18.02,13.6,29.3046,336.75,25.31524634833333,1.0,0.0,0.0,0.15,0.8,0.05,0.0,WILDFIRE,Tier_A_RuleDerived,forest_canopy_fire
EVT-IN-TEL-FC29F1A2,da83aca8-bfdd-46e8-b33c-268dab96eeca,869.60355334,32.0,1.5,0.7450000000000001,0.2058979591836734,312.97,180.418086985,0.0,0.0,0.0,0.05,0.1,0.85,1.0,IND_ROUTINE,Tier_A_RuleDerived,nominal_steady_furnace_routine
EVT-IN-HAR-584987E3,spatial_grid_56_153,11321.11008513,0.0,2.37,2.37,0.0,335.41,18.951420318333334,1.0,0.0,0.0,0.05,0.1,0.85,1.0,IND_ROUTINE,Tier_A_RuleDerived,nominal_steady_furnace_routine
EVT-IN-KAR-0DD31F7E,spatial_grid_26_155,12008.01472707,0.0,0.53,0.53,0.0,304.66,0.0,0.0,0.0,0.0,0.1,0.05,0.85,0.0,OTHER_UNCERTAIN,Tier_B_HardNegative,hard_neg_urban_non_ind
EVT-2026-DDB548,spatial_grid_18_155,29987.61217524,0.0,4.92,4.92,0.0,330.37,0.0,1.0,0.0,0.0,0.15,0.8,0.05,0.0,WILDFIRE,Tier_A_RuleDerived,forest_canopy_fire
EVT-IN-TAM-165BF86B,spatial_grid_20_154,15549.61497761,0.0,0.64,0.639999999627471,0.000625,303.47,65.418086985,0.0,0.0,0.0,0.15,0.8,0.05,0.0,WILDFIRE,Tier_A_RuleDerived,forest_canopy_fire
EVT-IN-TAM-926F3301,spatial_grid_16_155,15766.15349476,0.0,2.18,2.18,0.0,335.04,16.501420318333334,1.0,0.0,0.0,0.15,0.8,0.05,0.0,WILDFIRE,Tier_A_RuleDerived,forest_canopy_fire
EVT-IN-AND-000D,670e17f4-7bf8-4120-849b-09f23c4db3f8,53.65809292,72.0,230.4,202.8,0.0,338.0,21.0,0.5,0.0,0.0,0.05,0.1,0.85,1.0,IND_FIRE,Tier_A_RuleDerived,high_frp_industrial_fire
EVT-IN-TAM-877DC82C,spatial_grid_18_155,40432.28619252,0.0,7.59,7.59,0.0,342.98,18.348579681666667,1.0,0.0,0.0,0.15,0.8,0.05,0.0,WILDFIRE,Tier_A_RuleDerived,forest_canopy_fire
EVT-IN-GUJ-A77C6B02,f3a23ad9-9585-4718-80e5-235550f19b17,2038.79538707,32.0,4.01,0.5900001476117347,1.0062231404958677,317.74,18.001420318333334,0.0,0.0,0.0,0.05,0.1,0.85,1.0,IND_ROUTINE,Tier_A_RuleDerived,nominal_steady_furnace_routine
EVT-2026-A5F765,spatial_grid_54_190,14191.64800439,0.0,3.49,3.49,0.0,308.66,0.0,0.0,1.0,3.6,0.15,0.8,0.05,0.0,WILDFIRE,Tier_A_RuleDerived,forest_canopy_fire
EVT-2026-3C9565,bc41ddd9-9d85-4f06-8316-2d69368e2adb,1891.41504334,32.0,11.1,2.8085888888888886,8.622034288804759,335.99,0.0,0.2558139534883721,3.0,11.92,0.05,0.1,0.85,1.0,IND_ROUTINE,Tier_A_RuleDerived,nominal_steady_furnace_routine
EVT-IN-TAM-000C,14d8289b-a26a-4298-8627-d63af4a4d8d2,190.31867081,92.0,139.0,122.3,0.0,345.2,7.0,0.5,0.0,0.0,0.05,0.1,0.85,1.0,IND_FLARE,Tier_A_RuleDerived,elevated_industrial_flare
EVT-IN-TAM-0902B91C,spatial_grid_23_157,76703.28678178,0.0,4.61,4.61,0.0,341.68,25.915246348333334,1.0,0.0,0.0,0.15,0.8,0.05,0.0,WILDFIRE,Tier_A_RuleDerived,forest_canopy_fire
EVT-2026-EC2B2C,spatial_grid_22_154,55818.81835325,0.0,1.98,1.5749999999999995,0.092825,309.49,0.95,0.0,0.0,0.0,0.15,0.8,0.05,0.0,WILDFIRE,Tier_A_RuleDerived,forest_canopy_fire
EVT-IN-TEL-9195ED6B,da83aca8-bfdd-46e8-b33c-268dab96eeca,833.84155661,32.0,0.84,0.68,0.0344,306.39,0.6,0.0,1.0,1.5,0.05,0.1,0.85,1.0,IND_ROUTINE,Tier_A_RuleDerived,nominal_steady_furnace_routine
EVT-IN-TAM-2C86DEB6,spatial_grid_19_155,20259.67033483,0.0,9.74,3.982727272727273,9.517892561983476,355.55,70.10142031833333,0.0,0.0,0.0,0.15,0.8,0.05,0.0,WILDFIRE,Tier_A_RuleDerived,forest_canopy_fire
EVT-IN-RAJ-48C2A801,32d048f6-b5b9-477e-81e5-ffc6b0f80049,445.11324392,32.0,1.44,1.03,0.1680999999999999,305.62,57.95142031833333,0.0,0.0,0.0,0.05,0.1,0.85,1.0,IND_ROUTINE,Tier_A_RuleDerived,nominal_steady_furnace_routine
EVT-IN-TAM-D1E56557,spatial_grid_18_154,27306.55791518,0.0,2.53,2.53,0.0,333.17,8.351420318333334,1.0,0.0,0.0,0.15,0.8,0.05,0.0,WILDFIRE,Tier_A_RuleDerived,forest_canopy_fire
EVT-IN-TAM-36DB832B,spatial_grid_24_157,45434.92434148,0.0,3.56,3.56,0.0,334.91,24.80142031833333,1.0,0.0,0.0,0.15,0.8,0.05,0.0,WILDFIRE,Tier_A_RuleDerived,forest_canopy_fire
EVT-IN-ASS-CA7BC9DE,spatial_grid_53_180,21905.52627485,0.0,5.57,5.57,0.0,336.49,69.20142031833333,1.0,0.0,0.0,0.15,0.8,0.05,0.0,WILDFIRE,Tier_A_RuleDerived,forest_canopy_fire
EVT-2026-F1210B,d783206a-4277-417c-86bd-5e7bc749cfc6,235.63219769,32.0,0.61,0.61,0.0,301.2,0.0,0.0,0.0,0.0,0.05,0.1,0.85,1.0,IND_ROUTINE,Tier_A_RuleDerived,nominal_steady_furnace_routine
EVT-IN-ASS-F2C94BCD,spatial_grid_56_190,86499.55200607,0.0,3.0,3.0,0.0,332.86,31.415246348333334,1.0,0.0,0.0,0.15,0.8,0.05,0.0,WILDFIRE,Tier_A_RuleDerived,forest_canopy_fire
EVT-IN-TAM-0A90846C,spatial_grid_18_155,8342.83340976,0.0,4.13,4.13,0.0,340.71,49.41524634833333,1.0,0.0,0.0,0.15,0.8,0.05,0.0,WILDFIRE,Tier_A_RuleDerived,forest_canopy_fire
EVT-IN-HAR-0007,9547e722-0073-48b7-a9e9-1c0e4f26f9b1,167.60799937,92.0,144.4,127.1,0.0,342.1,12.0,0.5,0.0,0.0,0.05,0.1,0.85,1.0,IND_FLARE,Tier_A_RuleDerived,elevated_industrial_flare
EVT-IN-TAM-7C620BD8,spatial_grid_21_157,77982.02239492,0.0,5.56,5.56,0.0,336.72,0.0,1.0,0.0,0.0,0.1,0.05,0.85,0.0,OTHER_UNCERTAIN,Tier_B_HardNegative,hard_neg_urban_non_ind
EVT-IN-TAM-0016,9fa0290c-436b-4587-b766-262f9eaef28a,208.88270074,32.0,126.5,111.3,0.0,318.0,9.0,0.5,0.0,0.0,0.05,0.1,0.85,1.0,IND_FLARE,Tier_A_RuleDerived,elevated_industrial_flare
EVT-2026-4B487E,6e02687c-ca01-43e0-b711-603a4cb9febb,539.78746621,32.0,2.82,2.82,0.0,310.47,0.0,0.0,5.0,7.11,0.05,0.1,0.85,1.0,IND_ROUTINE,Tier_A_RuleDerived,nominal_steady_furnace_routine
EVT-IN-TAM-16D4D9C3,spatial_grid_19_155,37067.23383831,0.0,2.09,2.09,0.0,330.61,79.23475365166667,1.0,1.0,7.4,0.15,0.8,0.05,0.0,WILDFIRE,Tier_A_RuleDerived,forest_canopy_fire
EVT-IN-TAM-60B25F60,spatial_grid_18_155,11418.06743871,0.0,16.19,16.19,0.0,339.43,87.83475365166667,1.0,0.0,0.0,0.15,0.8,0.05,0.0,WILDFIRE,Tier_A_RuleDerived,forest_canopy_fire
EVT-IN-TAM-1532899C,spatial_grid_19_155,48902.5608887,0.0,18.25,15.4,8.122499999999999,343.48,0.0,1.0,0.0,0.0,0.15,0.8,0.05,0.0,WILDFIRE,Tier_A_RuleDerived,forest_canopy_fire
EVT-IN-MAH-C3136C9A,d772f6ed-8427-4fe3-80af-34c1a71e8aad,1105.37668526,32.0,3.11,1.7549841410489309,0.4270409989594172,305.51,188.13475365166664,0.0,0.0,0.0,0.05,0.1,0.85,1.0,IND_ROUTINE,Tier_A_RuleDerived,nominal_steady_furnace_routine
EVT-2026-7744D9,spatial_grid_26_160,8721.56868057,0.0,5.12,5.12,0.0,313.12,0.0,0.0,0.0,0.0,0.1,0.05,0.85,0.0,OTHER_UNCERTAIN,Tier_B_HardNegative,hard_neg_urban_non_ind
EVT-2026-3A2B0B,spatial_grid_20_154,19660.74903487,0.0,1.69,1.69,0.0,311.85,0.0,0.0,0.0,0.0,0.15,0.8,0.05,0.0,WILDFIRE,Tier_A_RuleDerived,forest_canopy_fire
EVT-IN-CHH-EF7FA4C5,spatial_grid_43_166,7693.69311622,0.0,2.84,2.84,0.0,326.38,5.118086985,1.0,0.0,0.0,0.05,0.1,0.85,1.0,IND_ROUTINE,Tier_A_RuleDerived,nominal_steady_furnace_routine
EVT-2026-6E6097,spatial_grid_20_154,14817.08683503,0.0,0.59,0.59,0.0,307.32,0.0,0.0,1.0,0.64,0.15,0.8,0.05,0.0,WILDFIRE,Tier_A_RuleDerived,forest_canopy_fire
EVT-IN-JHA-667CBDEA,spatial_grid_47_172,10574.14685642,0.0,5.56,4.495,1.0081999999999995,341.8,42.868086985,1.0,1.0,5.56,0.05,0.1,0.85,1.0,IND_ROUTINE,Tier_A_RuleDerived,nominal_steady_furnace_routine
EVT-2026-6D511E,591982fa-5c59-440f-ac36-368f8db0d798,1523.08978399,72.0,3.63,3.63,0.0,331.63,0.0,1.0,0.0,0.0,0.05,0.1,0.85,1.0,IND_ROUTINE,Tier_A_RuleDerived,nominal_steady_furnace_routine
EVT-IN-KAR-90422F12,d26d71c2-2802-401c-871e-f542aa27e58d,356.13291676,32.0,0.62,0.62,0.0,296.84,64.45142031833333,0.0,0.0,0.0,0.05,0.1,0.85,1.0,IND_ROUTINE,Tier_A_RuleDerived,nominal_steady_furnace_routine
EVT-IN-TAM-E1E8A501,spatial_grid_18_155,8528.89833632,0.0,1.0,1.0,0.0,314.12,0.0,0.0,0.0,0.0,0.15,0.8,0.05,0.0,WILDFIRE,Tier_A_RuleDerived,forest_canopy_fire
EVT-2026-E789CC,spatial_grid_47_174,6299.21833259,0.0,3.21,2.2766666666666664,1.742222222222222,295.74,35.25,0.3333333333333333,1.0,4.9,0.05,0.1,0.85,1.0,IND_ROUTINE,Tier_A_RuleDerived,nominal_steady_furnace_routine
EVT-IN-KAR-F52D7EB4,cf1d64f9-1ef1-4679-a003-6132e5db576a,1591.46447855,72.0,1.87,1.478279569892473,0.1331100591715976,320.05,114.73475365166668,0.0,1.0,1.87,0.05,0.1,0.85,1.0,IND_ROUTINE,Tier_A_RuleDerived,nominal_steady_furnace_routine
EVT-IN-ASS-0015,f3348b6e-4261-473f-9db2-0f15918df502,59.02235035,92.0,52.9,46.6,0.0,312.4,11.0,0.5,0.0,0.0,0.05,0.1,0.85,1.0,IND_FLARE,Tier_A_RuleDerived,elevated_industrial_flare
EVT-IN-ODI-0018,594bf70c-3c40-4599-92b8-b529bd138bcb,234.76163768,72.0,199.8,175.8,0.0,316.5,21.0,0.5,0.0,0.0,0.05,0.1,0.85,1.0,IND_FIRE,Tier_A_RuleDerived,high_frp_industrial_fire
EVT-IN-WES-538D34CD,9a68179a-3b46-4cc6-a6e5-54206f37cc3f,1943.66007331,72.0,5.59,2.5799999998899343,3.294480991735537,310.17,0.081913015,0.1818181818181818,1.0,3.88,0.05,0.1,0.85,1.0,IND_ROUTINE,Tier_A_RuleDerived,nominal_steady_furnace_routine
EVT-IN-RAJ-32BBC1C2,24810f3b-b0dc-4c30-b6e6-f27498343f4a,3298.99353764,81.0,3.09,3.09,0.0,340.62,0.0,1.0,0.0,0.0,0.05,0.1,0.85,1.0,IND_ROUTINE,Tier_A_RuleDerived,nominal_steady_furnace_routine
EVT-IN-KAR-D28C5C7A,582e904f-b077-4678-a1de-4777770a8a4a,1183.55428463,32.0,1.18,0.978095238095238,0.0185472222222222,304.27,44.734753651666665,0.0,1.0,1.18,0.05,0.1,0.85,1.0,IND_ROUTINE,Tier_A_RuleDerived,nominal_steady_furnace_routine
EVT-2026-1D0047,d772f6ed-8427-4fe3-80af-34c1a71e8aad,1482.00578149,32.0,1.8,1.8,0.0,304.94,0.0,0.0,2.0,3.62,0.05,0.1,0.85,1.0,IND_ROUTINE,Tier_A_RuleDerived,nominal_steady_furnace_routine
EVT-IN-TAM-16807E6B,spatial_grid_18_155,34405.283757,0.0,3.45,2.407333333332708,0.4519102040816327,337.26,41.80142031833333,1.0,0.0,0.0,0.15,0.8,0.05,0.0,WILDFIRE,Tier_A_RuleDerived,forest_canopy_fire
EVT-IN-KER-646239C7,a4a98cc5-14ed-40fd-8de7-e9854ad9acd3,2258.99357778,32.0,0.97,0.97,0.0,300.76,25.134753651666667,0.0,0.0,0.0,0.05,0.1,0.85,1.0,IND_ROUTINE,Tier_A_RuleDerived,nominal_steady_furnace_routine
EVT-IN-NON-157E927A,bc41ddd9-9d85-4f06-8316-2d69368e2adb,2562.64015453,32.0,11.1,3.3184375,11.91640710059171,318.99,80.35142031833334,0.3076923076923077,0.0,0.0,0.05,0.1,0.85,1.0,IND_FLARE,Tier_A_RuleDerived,elevated_industrial_flare
EVT-IN-RAJ-AE51004A,eb06e654-27e1-4d83-a512-b185c36a7a6f,663.27066085,32.0,0.53,0.53,0.0,296.48,103.018086985,0.0,0.0,0.0,0.05,0.1,0.85,1.0,IND_ROUTINE,Tier_A_RuleDerived,nominal_steady_furnace_routine
EVT-IN-AND-0010,c537b217-4b9b-4237-845e-563854f2edbe,80.63010796,92.0,90.0,79.2,0.0,322.0,21.0,0.5,0.0,0.0,0.05,0.1,0.85,1.0,IND_FLARE,Tier_A_RuleDerived,elevated_industrial_flare
EVT-IN-TAM-396B5BBF,spatial_grid_22_157,62017.42644848,0.0,3.92,3.92,0.0,337.84,21.868086985,1.0,0.0,0.0,0.15,0.8,0.05,0.0,WILDFIRE,Tier_A_RuleDerived,forest_canopy_fire
EVT-IN-TAM-DECD9987,spatial_grid_19_155,35410.27684947,0.0,7.4,5.3100000000000005,1.4997500000000006,339.31,172.18475365166665,1.0,0.0,0.0,0.15,0.8,0.05,0.0,WILDFIRE,Tier_A_RuleDerived,forest_canopy_fire
EVT-IN-ASS-B525985B,spatial_grid_54_190,32083.41945993,0.0,2.8,2.68,0.0071999999999999,301.57,33.931913015,0.0,0.0,0.0,0.15,0.8,0.05,0.0,WILDFIRE,Tier_A_RuleDerived,forest_canopy_fire
EVT-IN-TAM-74A6B73F,spatial_grid_17_155,14650.07114311,0.0,3.0,2.564,0.285144,336.67,152.468086985,1.0,0.0,0.0,0.15,0.8,0.05,0.0,WILDFIRE,Tier_A_RuleDerived,forest_canopy_fire
EVT-2026-0E43B1,spatial_grid_23_156,36207.13525309,0.0,1.53,1.53,0.0,304.35,0.0,0.0,0.0,0.0,0.15,0.8,0.05,0.0,WILDFIRE,Tier_A_RuleDerived,forest_canopy_fire
EVT-IN-WES-CB5407DC,spatial_grid_47_174,10369.47680667,0.0,2.08,1.415,0.442225,314.34,66.71524634833334,0.0,0.0,0.0,0.05,0.1,0.85,1.0,IND_ROUTINE,Tier_A_RuleDerived,nominal_steady_furnace_routine
EVT-IN-NON-98A66EDD,bc41ddd9-9d85-4f06-8316-2d69368e2adb,1106.27471532,32.0,9.54,3.586428571428573,6.504784863945578,347.97,13.0,0.1904761904761904,1.0,11.1,0.05,0.1,0.85,1.0,IND_ROUTINE,Tier_A_RuleDerived,nominal_steady_furnace_routine
EVT-IN-TAM-AD6CFC77,spatial_grid_18_154,25225.16928975,0.0,5.73,5.73,0.0,336.04,41.08475365166667,1.0,0.0,0.0,0.15,0.8,0.05,0.0,WILDFIRE,Tier_A_RuleDerived,forest_canopy_fire
EVT-IN-ODI-E29FC914,spatial_grid_41_170,7217.91349304,0.0,9.02,6.279999998571972,6.8194,313.74,2.1319130150000003,0.2857142857142857,0.0,0.0,0.05,0.1,0.85,1.0,IND_ROUTINE,Tier_A_RuleDerived,nominal_steady_furnace_routine
EVT-IN-TAM-BAD98CA7,spatial_grid_18_155,35254.81518332,0.0,17.27,7.604444444444446,24.879024691358023,351.06,62.468086985,1.0,0.0,0.0,0.15,0.8,0.05,0.0,WILDFIRE,Tier_A_RuleDerived,forest_canopy_fire
EVT-IN-ODI-A6CB081B,spatial_grid_41_170,6638.04323245,0.0,2.64,2.64,0.0,303.54,36.0,0.0,0.0,0.0,0.05,0.1,0.85,1.0,IND_ROUTINE,Tier_A_RuleDerived,nominal_steady_furnace_routine
EVT-IN-MAH-9ED8E073,d772f6ed-8427-4fe3-80af-34c1a71e8aad,944.45006696,32.0,3.11,1.9633333333333327,0.6990222222222222,311.06,0.6,0.0,4.0,3.62,0.05,0.1,0.85,1.0,IND_ROUTINE,Tier_A_RuleDerived,nominal_steady_furnace_routine
EVT-IN-RAJ-E349B833,08dcc5c5-3289-4c1e-8525-ed6406724cfd,171.2733472,32.0,0.64,0.64,0.0,303.83,156.38475365166664,0.0,0.0,0.0,0.05,0.1,0.85,1.0,IND_ROUTINE,Tier_A_RuleDerived,nominal_steady_furnace_routine
EVT-IN-TAM-5D187EFA,spatial_grid_18_155,34216.58649325,0.0,2.45,1.955,0.2450250000000001,335.16,17.0,1.0,1.0,3.45,0.15,0.8,0.05,0.0,WILDFIRE,Tier_A_RuleDerived,forest_canopy_fire
EVT-IN-TAM-2F57D132,spatial_grid_20_156,6450.94506473,0.0,8.15,5.835,5.359225,345.21,1.0666666666666669,1.0,0.0,0.0,0.1,0.05,0.85,0.0,OTHER_UNCERTAIN,Tier_A_RuleDerived,transient_unassociated
EVT-IN-KAR-252589E5,b91eb7d1-578b-43c0-bbb2-04086b4b1dff,1864.8686232,72.0,2.47,1.9748531827059657,0.3371322314049587,312.8,23.681913015,0.0,3.0,7.11,0.05,0.1,0.85,1.0,IND_ROUTINE,Tier_A_RuleDerived,nominal_steady_furnace_routine
EVT-IN-KER-F0F1F69A,spatial_grid_19_154,11668.91253389,0.0,1.76,1.76,0.0,331.44,147.18475365166665,1.0,0.0,0.0,0.15,0.8,0.05,0.0,WILDFIRE,Tier_A_RuleDerived,forest_canopy_fire
EVT-IN-NON-3104634B,8c1619b0-7630-4c2b-aead-4842225a3e3a,1542.01717775,32.0,2.89,1.54875,0.560675,305.7,194.13475365166664,0.0,0.0,0.0,0.05,0.1,0.85,1.0,IND_ROUTINE,Tier_A_RuleDerived,nominal_steady_furnace_routine
EVT-IN-TAM-584E5F72,spatial_grid_22_153,29255.93252516,0.0,2.29,2.29,0.0,332.0,26.184753651666668,1.0,0.0,0.0,0.15,0.8,0.05,0.0,WILDFIRE,Tier_A_RuleDerived,forest_canopy_fire
EVT-IN-TAM-17C4A9CE,spatial_grid_20_154,32537.16414102,0.0,5.53,5.53,0.0,303.87,56.234753651666665,0.0,0.0,0.0,0.15,0.8,0.05,0.0,WILDFIRE,Tier_A_RuleDerived,forest_canopy_fire
EVT-IN-TAM-B1199342,spatial_grid_17_154,7252.04608152,0.0,7.03,6.73,0.0900000000000001,343.07,57.234753651666665,1.0,0.0,0.0,0.15,0.8,0.05,0.0,WILDFIRE,Tier_A_RuleDerived,forest_canopy_fire
EVT-IN-MAH-0002,0f157225-0f94-42a3-9bb7-ccdaa044bbe1,93.31139291,74.0,164.0,144.3,0.0,368.1,12.0,0.5,0.0,0.0,0.05,0.1,0.85,1.0,IND_FIRE,Tier_A_RuleDerived,high_frp_industrial_fire
EVT-IN-TAM-A70000B4,spatial_grid_23_157,52803.5629596,0.0,3.99,3.99,0.0,347.16,39.15142031833333,1.0,0.0,0.0,0.15,0.8,0.05,0.0,WILDFIRE,Tier_A_RuleDerived,forest_canopy_fire
EVT-IN-ASS-515FD24B,spatial_grid_56_190,87180.26700753,0.0,3.18,3.18,0.0,330.19,5.098579681666667,1.0,1.0,3.0,0.15,0.8,0.05,0.0,WILDFIRE,Tier_A_RuleDerived,forest_canopy_fire
EVT-IN-JHA-09CF0D2B,spatial_grid_47_172,14386.86868957,0.0,1.39,1.39,0.0,299.33,19.71524634833333,0.0,0.0,0.0,0.05,0.1,0.85,1.0,IND_ROUTINE,Tier_A_RuleDerived,nominal_steady_furnace_routine
EVT-IN-WES-0012,5e3b07e1-1bf7-4fab-b704-c6b893107639,118.44705542,72.0,220.5,194.0,0.0,324.5,17.0,0.5,0.0,0.0,0.05,0.1,0.85,1.0,IND_FIRE,Tier_A_RuleDerived,high_frp_industrial_fire
EVT-IN-ASS-9F29742A,d7c1cb8a-6b9c-4fee-8a4d-77fd0c66a998,1370.86434777,32.0,2.51,2.51,0.0,318.81,18.281913015,0.0,0.0,0.0,0.05,0.1,0.85,1.0,IND_ROUTINE,Tier_A_RuleDerived,nominal_steady_furnace_routine
EVT-IN-TAM-DC73C82F,spatial_grid_23_154,40751.20267693,0.0,0.44,0.44,0.0,302.99,74.35142031833334,0.0,0.0,0.0,0.15,0.8,0.05,0.0,WILDFIRE,Tier_A_RuleDerived,forest_canopy_fire
EVT-IN-KAR-EC97666A,cf1d64f9-1ef1-4679-a003-6132e5db576a,1582.43684783,72.0,1.87,1.3233333333333337,0.0435111111111111,315.2,47.0,0.0,0.0,0.0,0.05,0.1,0.85,1.0,IND_ROUTINE,Tier_A_RuleDerived,nominal_steady_furnace_routine
EVT-IN-TAM-04C41201,spatial_grid_19_156,17982.64949091,0.0,6.3,6.3,0.0,339.23,59.18475365166666,1.0,0.0,0.0,0.1,0.05,0.85,0.0,OTHER_UNCERTAIN,Tier_B_HardNegative,hard_neg_urban_non_ind
EVT-IN-JHA-0EFEE5BC,spatial_grid_47_172,12483.48533633,0.0,3.42,3.42,0.0,297.85,91.431913015,0.0,0.0,0.0,0.05,0.1,0.85,1.0,IND_ROUTINE,Tier_A_RuleDerived,nominal_steady_furnace_routine
EVT-IN-JHA-0017,1b634478-eb76-4247-9147-2d45d3717527,53.29720616,7.0,224.2,197.3,0.0,320.0,14.0,0.5,1.0,7.03,0.05,0.1,0.85,1.0,IND_FIRE,Tier_A_RuleDerived,high_frp_industrial_fire
EVT-IN-KAR-FDC6EAFC,582e904f-b077-4678-a1de-4777770a8a4a,1185.39735399,32.0,1.18,1.039526621500651,0.0185472222222222,303.84,114.03475365166668,0.0,0.0,0.0,0.05,0.1,0.85,1.0,IND_ROUTINE,Tier_A_RuleDerived,nominal_steady_furnace_routine
EVT-2026-DAF972,e39b7708-069e-48bc-9acb-b8c0449ac22e,292.620478,32.0,1.22,1.0571428571428574,0.0712666666666666,308.27,23.716666666666665,0.0,0.0,0.0,0.05,0.1,0.85,1.0,IND_ROUTINE,Tier_A_RuleDerived,nominal_steady_furnace_routine
EVT-IN-TAM-643688B9,spatial_grid_17_155,27175.13287204,0.0,3.72,3.72,0.0,339.99,47.468086985,1.0,0.0,0.0,0.15,0.8,0.05,0.0,WILDFIRE,Tier_A_RuleDerived,forest_canopy_fire
EVT-IN-WES-29056B02,spatial_grid_44_174,4764.2757615,0.0,10.47,2.3778222222222225,7.161227664399094,330.44,37.63475365166666,0.3333333333333333,0.0,0.0,0.05,0.1,0.85,1.0,IND_ROUTINE,Tier_A_RuleDerived,nominal_steady_furnace_routine
EVT-IN-TAM-E61B2398,spatial_grid_23_157,74783.84903311,0.0,1.9,1.9,0.0,319.18,14.981913015,0.0,0.0,0.0,0.15,0.8,0.05,0.0,WILDFIRE,Tier_A_RuleDerived,forest_canopy_fire
EVT-2026-5782A3,spatial_grid_19_156,19975.91234752,0.0,2.82,2.82,0.0,331.13,0.0,1.0,1.0,4.18,0.1,0.05,0.85,0.0,OTHER_UNCERTAIN,Tier_B_HardNegative,hard_neg_urban_non_ind
HARD-NEG-AGRI-001,neg_plant_cluster_0,1298.89628523367,12.0,9.686478485851078,20.153202006000924,9.154327290224062,328.3749825856077,0.7999247474540087,0.91888733379488,0.0,0.0,0.8167417222278044,0.05,0.1,0.0,AGRI_BURN,Tier_B_HardNegative,hard_neg_cropland_adjacent_to_refinery
HARD-NEG-AGRI-002,neg_plant_cluster_1,742.8803630126579,67.0,4.638119323169876,24.338016747563877,12.570418291606115,321.3701733203483,1.045474901621302,0.8775106764780151,0.0,0.0,0.8108484485919075,0.05,0.1,0.0,AGRI_BURN,Tier_B_HardNegative,hard_neg_cropland_adjacent_to_refinery
HARD-NEG-AGRI-003,neg_plant_cluster_2,1659.4154359173708,83.0,4.7149351762838885,14.54504252568456,6.297984089871204,316.39996989640844,3.4212665565243774,0.8849157010645456,0.0,0.0,0.7681212869065641,0.05,0.1,0.0,AGRI_BURN,Tier_B_HardNegative,hard_neg_cropland_adjacent_to_refinery
HARD-NEG-AGRI-004,neg_plant_cluster_3,1884.1264223994092,83.0,19.94126759082196,16.033120514964935,1.173530984439967,333.22634555704315,1.0115723710618747,0.859757738947792,0.0,0.0,0.9397771074506668,0.05,0.1,0.0,AGRI_BURN,Tier_B_HardNegative,hard_neg_cropland_adjacent_to_refinery
HARD-NEG-AGRI-005,neg_plant_cluster_4,2717.5168793789426,45.0,15.9479115787374,3.3512575488447123,3.84796047152116,322.23076398078035,2.5497905564763745,0.9414994986673932,0.0,0.0,0.9166389823472328,0.05,0.1,0.0,AGRI_BURN,Tier_B_HardNegative,hard_neg_cropland_adjacent_to_refinery
HARD-NEG-AGRI-006,neg_plant_cluster_5,816.075168418653,12.0,12.022179429600524,17.575490255787603,5.019810603296459,330.60204063533433,2.140130838029839,0.877728168328829,0.0,0.0,0.9439169255529116,0.05,0.1,0.0,AGRI_BURN,Tier_B_HardNegative,hard_neg_cropland_adjacent_to_refinery
HARD-NEG-AGRI-007,neg_plant_cluster_6,2260.318776066675,45.0,16.249657316056247,23.386495047463477,11.045443939918105,324.7962230641751,2.211331923216198,0.9281251390038736,0.0,0.0,0.9422344048698698,0.05,0.1,0.0,AGRI_BURN,Tier_B_HardNegative,hard_neg_cropland_adjacent_to_refinery
HARD-NEG-AGRI-008,neg_plant_cluster_7,2426.881236827563,12.0,12.411819984990773,21.232225201342445,5.672923237057044,323.42803529062144,2.1280882494747453,0.8711386337462144,0.0,0.0,0.910439396150808,0.05,0.1,0.0,AGRI_BURN,Tier_B_HardNegative,hard_neg_cropland_adjacent_to_refinery
HARD-NEG-AGRI-009,neg_plant_cluster_8,578.92154483145,67.0,17.125445901897457,11.687393399862534,4.755578533411553,315.42239468145254,1.0965272122664156,0.9567012929122976,0.0,0.0,0.9080351081062412,0.05,0.1,0.0,AGRI_BURN,Tier_B_HardNegative,hard_neg_cropland_adjacent_to_refinery
HARD-NEG-AGRI-010,neg_plant_cluster_9,1854.3039394744276,45.0,15.11243758487245,5.549119309552854,13.014999675196108,333.69894380482674,1.4926940745579476,0.8595337525429035,0.0,0.0,0.8121964643431324,0.05,0.1,0.0,AGRI_BURN,Tier_B_HardNegative,hard_neg_cropland_adjacent_to_refinery
HARD-NEG-AGRI-011,neg_plant_cluster_10,1180.439972864193,67.0,22.33023141893954,9.04387944578141,8.638029674791667,326.4878062426137,3.415136286167311,0.9773370736399124,0.0,0.0,0.8943459042329747,0.05,0.1,0.0,AGRI_BURN,Tier_B_HardNegative,hard_neg_cropland_adjacent_to_refinery
HARD-NEG-AGRI-012,neg_plant_cluster_11,966.3638073974938,45.0,19.30766348729611,14.500122246403867,6.69934476619897,315.76257380232283,0.8236742809799134,0.8547143778530101,0.0,0.0,0.8772820822527561,0.05,0.1,0.0,AGRI_BURN,Tier_B_HardNegative,hard_neg_cropland_adjacent_to_refinery
HARD-NEG-AGRI-013,neg_plant_cluster_12,1154.454354583184,83.0,25.560998679209952,6.065291996929265,9.26405199952835,331.1952327390502,1.1091836742043082,0.9914280355836972,0.0,0.0,0.8697730932977071,0.05,0.1,0.0,AGRI_BURN,Tier_B_HardNegative,hard_neg_cropland_adjacent_to_refinery
HARD-NEG-AGRI-014,neg_plant_cluster_13,2067.48383929529,83.0,32.82062722261976,20.77864835041717,9.68435446940114,341.14381770563153,2.9110162306973435,0.8779855088329054,0.0,0.0,0.9285117996979956,0.05,0.1,0.0,AGRI_BURN,Tier_B_HardNegative,hard_neg_cropland_adjacent_to_refinery
HARD-NEG-AGRI-015,neg_plant_cluster_14,1694.4213805975617,45.0,7.784726595720874,10.838552437693448,13.649012402413431,323.16396748153903,2.4430703616240868,0.8500780565492974,0.0,0.0,0.8205137712668338,0.05,0.1,0.0,AGRI_BURN,Tier_B_HardNegative,hard_neg_cropland_adjacent_to_refinery
HARD-NEG-AGRI-016,neg_plant_cluster_0,1131.4750195792697,45.0,19.83316637990454,12.18304206927314,3.7205632518255887,318.59596102001046,1.512845514210884,0.991436455586878,0.0,0.0,0.814640586404151,0.05,0.1,0.0,AGRI_BURN,Tier_B_HardNegative,hard_neg_cropland_adjacent_to_refinery
HARD-NEG-AGRI-017,neg_plant_cluster_1,1645.0974921840786,12.0,16.518921302799264,4.427629436397594,4.181773502047998,322.406281885158,2.588912818519365,0.9568405884886664,0.0,0.0,0.77961738599068,0.05,0.1,0.0,AGRI_BURN,Tier_B_HardNegative,hard_neg_cropland_adjacent_to_refinery
HARD-NEG-AGRI-018,neg_plant_cluster_2,2794.5771641174606,67.0,22.8964943533768,14.058938511034953,1.2464418931248455,323.3593939270983,3.224797657899961,0.8859342836000459,0.0,0.0,0.7789789744182446,0.05,0.1,0.0,AGRI_BURN,Tier_B_HardNegative,hard_neg_cropland_adjacent_to_refinery
HARD-NEG-AGRI-019,neg_plant_cluster_3,1574.6866246661511,83.0,21.139685761211165,16.039327925346658,1.6723732318243711,326.08963368184214,1.2264798148322775,0.9704709634569844,0.0,0.0,0.8440601268892076,0.05,0.1,0.0,AGRI_BURN,Tier_B_HardNegative,hard_neg_cropland_adjacent_to_refinery
HARD-NEG-AGRI-020,neg_plant_cluster_4,2760.215538147623,45.0,20.609015206317512,4.986374941196983,12.61188618604395,324.6234019491521,1.0595555311995626,0.8561162712332145,0.0,0.0,0.8681785886376483,0.05,0.1,0.0,AGRI_BURN,Tier_B_HardNegative,hard_neg_cropland_adjacent_to_refinery
HARD-NEG-AGRI-021,neg_plant_cluster_5,2026.1544684214775,67.0,26.045635505578552,20.809023015073738,5.555656815730076,317.88529653274264,3.321569793468812,0.9096358031631284,0.0,0.0,0.853550270105496,0.05,0.1,0.0,AGRI_BURN,Tier_B_HardNegative,hard_neg_cropland_adjacent_to_refinery
HARD-NEG-AGRI-022,neg_plant_cluster_6,2410.5042541775874,67.0,14.573056882558014,5.496417467292959,13.90805746503916,341.32018060142946,1.2738248831454668,0.9489976069051268,0.0,0.0,0.9134444400402432,0.05,0.1,0.0,AGRI_BURN,Tier_B_HardNegative,hard_neg_cropland_adjacent_to_refinery
HARD-NEG-AGRI-023,neg_plant_cluster_7,1732.4819478387096,83.0,12.08570441974268,24.917581394674336,14.498580593687509,331.74880360821294,3.147909029568019,0.8783060662512069,0.0,0.0,0.8057742705184363,0.05,0.1,0.0,AGRI_BURN,Tier_B_HardNegative,hard_neg_cropland_adjacent_to_refinery
HARD-NEG-AGRI-024,neg_plant_cluster_8,2080.858791934651,83.0,31.81041805852989,22.51590133383258,11.808195414935549,334.26094938462865,0.7524198949851465,0.8742443071141921,0.0,0.0,0.9297108377054158,0.05,0.1,0.0,AGRI_BURN,Tier_B_HardNegative,hard_neg_cropland_adjacent_to_refinery
HARD-NEG-AGRI-025,neg_plant_cluster_9,1855.429743183016,67.0,15.540765763414036,23.68293573407113,14.6181256329521,323.517629242124,1.4160915810331804,0.922842063037934,0.0,0.0,0.8396848285972495,0.05,0.1,0.0,AGRI_BURN,Tier_B_HardNegative,hard_neg_cropland_adjacent_to_refinery
HARD-NEG-AGRI-026,neg_plant_cluster_10,2786.6979102659698,83.0,26.07755586177361,8.219479924929601,5.218295623309382,337.39474215354073,2.448898697141644,0.9773835115741268,0.0,0.0,0.8815225784600687,0.05,0.1,0.0,AGRI_BURN,Tier_B_HardNegative,hard_neg_cropland_adjacent_to_refinery
HARD-NEG-AGRI-027,neg_plant_cluster_11,1763.9406480051318,83.0,19.77323638200156,16.999317600089697,4.13169636978097,332.6961254268163,3.4366785748250277,0.9230113229439184,0.0,0.0,0.9312197575437108,0.05,0.1,0.0,AGRI_BURN,Tier_B_HardNegative,hard_neg_cropland_adjacent_to_refinery
HARD-NEG-AGRI-028,neg_plant_cluster_12,1442.5464772250289,12.0,19.581749886260955,15.6918854617799,7.641506560373527,320.8572896339413,2.667356345784516,0.8921158543661284,0.0,0.0,0.7548631932862908,0.05,0.1,0.0,AGRI_BURN,Tier_B_HardNegative,hard_neg_cropland_adjacent_to_refinery
HARD-NEG-AGRI-029,neg_plant_cluster_13,1949.1335101772029,12.0,34.83106583471757,13.338779307800744,4.553624956053,341.50482066798776,2.7431563216922417,0.992960777053593,0.0,0.0,0.8161500609341027,0.05,0.1,0.0,AGRI_BURN,Tier_B_HardNegative,hard_neg_cropland_adjacent_to_refinery
HARD-NEG-AGRI-030,neg_plant_cluster_14,1726.6359204051755,67.0,33.87221928976684,21.766208020281923,4.769508935008992,326.5529318580578,3.053410014550571,0.8975383007734417,0.0,0.0,0.7838985493372185,0.05,0.1,0.0,AGRI_BURN,Tier_B_HardNegative,hard_neg_cropland_adjacent_to_refinery
HARD-NEG-AGRI-031,neg_plant_cluster_0,1736.3230299000404,67.0,30.170607362515653,23.4603703658383,1.5210338973183866,321.2675615284608,2.513430550472152,0.9037970171944244,0.0,0.0,0.8008327298139477,0.05,0.1,0.0,AGRI_BURN,Tier_B_HardNegative,hard_neg_cropland_adjacent_to_refinery
HARD-NEG-AGRI-032,neg_plant_cluster_1,1108.697412205453,45.0,26.963827150380336,18.33434630189589,10.686019217813085,325.7847345365927,1.38077553279348,0.9714041733217772,0.0,0.0,0.912022678935836,0.05,0.1,0.0,AGRI_BURN,Tier_B_HardNegative,hard_neg_cropland_adjacent_to_refinery
HARD-NEG-AGRI-033,neg_plant_cluster_2,2480.9735645922487,12.0,6.529419592407451,3.114066981027709,9.604469016755225,320.82821860536126,0.712822750999783,0.9095175740820832,0.0,0.0,0.7601537062078794,0.05,0.1,0.0,AGRI_BURN,Tier_B_HardNegative,hard_neg_cropland_adjacent_to_refinery
HARD-NEG-AGRI-034,neg_plant_cluster_3,2527.881157481584,67.0,15.643071531838263,5.067602676499118,8.885062044444522,316.0782682139023,1.8967940543973805,0.9313966952061364,0.0,0.0,0.8073082504256569,0.05,0.1,0.0,AGRI_BURN,Tier_B_HardNegative,hard_neg_cropland_adjacent_to_refinery
HARD-NEG-AGRI-035,neg_plant_cluster_4,1817.9998253656256,45.0,11.757792175991783,3.854364157447311,4.897349962761731,331.11247281589965,1.4799537253881223,0.9741803505681385,0.0,0.0,0.8043085831639484,0.05,0.1,0.0,AGRI_BURN,Tier_B_HardNegative,hard_neg_cropland_adjacent_to_refinery
HARD-NEG-AGRI-036,neg_plant_cluster_5,2716.6043929378475,67.0,6.645771414806807,4.136997865709369,8.204642157738146,331.2190536483032,2.4122897044946194,0.9589137000583992,0.0,0.0,0.9451704158925068,0.05,0.1,0.0,AGRI_BURN,Tier_B_HardNegative,hard_neg_cropland_adjacent_to_refinery
HARD-NEG-AGRI-037,neg_plant_cluster_6,1639.1208359228688,45.0,5.27309301980415,11.77405983178548,6.78605069492076,337.32127928997346,1.2525815820399837,0.8776500511497055,0.0,0.0,0.7661745933234395,0.05,0.1,0.0,AGRI_BURN,Tier_B_HardNegative,hard_neg_cropland_adjacent_to_refinery
HARD-NEG-AGRI-038,neg_plant_cluster_7,1427.9547398562586,83.0,16.677541276842366,6.812475041558607,2.768337118730748,322.50728694493785,2.147679994118361,0.9571893884050092,0.0,0.0,0.8820394753435462,0.05,0.1,0.0,AGRI_BURN,Tier_B_HardNegative,hard_neg_cropland_adjacent_to_refinery
HARD-NEG-AGRI-039,neg_plant_cluster_8,1071.841352670263,83.0,20.017583980223566,17.45644922700367,6.8172570308294205,336.9011794968546,0.6431483830749464,0.9349055815741114,0.0,0.0,0.7817292895284982,0.05,0.1,0.0,AGRI_BURN,Tier_B_HardNegative,hard_neg_cropland_adjacent_to_refinery
HARD-NEG-AGRI-040,neg_plant_cluster_9,688.3951547335412,12.0,7.598251855714404,4.0120581244785605,1.090567633625067,340.6638175203302,2.610973578140071,0.9211260743630988,0.0,0.0,0.7695668321302003,0.05,0.1,0.0,AGRI_BURN,Tier_B_HardNegative,hard_neg_cropland_adjacent_to_refinery
HARD-NEG-AGRI-041,neg_plant_cluster_10,1579.8781002803976,67.0,14.735433953771423,13.22282388467145,9.921718398320069,316.441767725911,3.347437194774158,0.9830020580947072,0.0,0.0,0.8021787246683427,0.05,0.1,0.0,AGRI_BURN,Tier_B_HardNegative,hard_neg_cropland_adjacent_to_refinery
HARD-NEG-AGRI-042,neg_plant_cluster_11,436.7308966969234,67.0,19.59722401598272,21.84277650614309,10.051057658474702,319.8880328124429,0.7117062422012895,0.9463628917309472,0.0,0.0,0.7553022621083244,0.05,0.1,0.0,AGRI_BURN,Tier_B_HardNegative,hard_neg_cropland_adjacent_to_refinery
HARD-NEG-AGRI-043,neg_plant_cluster_12,1805.861395056312,67.0,28.82942813515439,17.8977035324256,8.813822104243034,318.8550105970173,2.933612530208009,0.9730959213615932,0.0,0.0,0.8751879340203146,0.05,0.1,0.0,AGRI_BURN,Tier_B_HardNegative,hard_neg_cropland_adjacent_to_refinery
HARD-NEG-AGRI-044,neg_plant_cluster_13,2369.024425051043,83.0,32.06586990063798,7.307404965364522,1.505738862689899,318.0233400413228,0.5546654769546492,0.8641664441133893,0.0,0.0,0.8866013546832714,0.05,0.1,0.0,AGRI_BURN,Tier_B_HardNegative,hard_neg_cropland_adjacent_to_refinery
HARD-NEG-AGRI-045,neg_plant_cluster_14,570.8527563045495,83.0,15.947295249932516,17.995500717401374,5.4390562572314805,322.8208358470771,1.9881123628802184,0.9539335538037907,0.0,0.0,0.8196673208906394,0.05,0.1,0.0,AGRI_BURN,Tier_B_HardNegative,hard_neg_cropland_adjacent_to_refinery
HARD-NEG-AGRI-046,neg_plant_cluster_0,2647.9555644536977,83.0,26.78720235792046,20.676580468466668,4.589501302283944,320.32318631339166,2.751844254922575,0.9710252108900896,0.0,0.0,0.9481010284001344,0.05,0.1,0.0,AGRI_BURN,Tier_B_HardNegative,hard_neg_cropland_adjacent_to_refinery
HARD-NEG-AGRI-047,neg_plant_cluster_1,1390.2824245874235,45.0,11.750509925699244,15.771968271566015,13.07319080454097,331.8560007643132,1.2157905793710206,0.9519767169850368,0.0,0.0,0.8979817520894748,0.05,0.1,0.0,AGRI_BURN,Tier_B_HardNegative,hard_neg_cropland_adjacent_to_refinery
HARD-NEG-AGRI-048,neg_plant_cluster_2,971.7667657695506,45.0,31.979140107066566,14.115552193852857,12.483633258562254,324.60148803091835,3.186569685488601,0.9083802518101244,0.0,0.0,0.7521675302960596,0.05,0.1,0.0,AGRI_BURN,Tier_B_HardNegative,hard_neg_cropland_adjacent_to_refinery
HARD-NEG-AGRI-049,neg_plant_cluster_3,2572.916743406233,83.0,15.00206090434434,24.04961947278204,10.313163614152398,329.4756284892793,1.979076973315415,0.862492661679289,0.0,0.0,0.7683408294516962,0.05,0.1,0.0,AGRI_BURN,Tier_B_HardNegative,hard_neg_cropland_adjacent_to_refinery
HARD-NEG-AGRI-050,neg_plant_cluster_4,1845.8582221626853,83.0,24.84807213838819,19.55223964762896,11.977896134024803,338.6885442838366,0.7736183091460711,0.9241630457053872,0.0,0.0,0.7615117520033289,0.05,0.1,0.0,AGRI_BURN,Tier_B_HardNegative,hard_neg_cropland_adjacent_to_refinery
HARD-NEG-AGRI-051,neg_plant_cluster_5,1718.8693175769654,12.0,26.848102260521276,15.010146943629756,10.73455651624107,344.05955831922404,2.5640900305251173,0.975544581135606,0.0,0.0,0.9233737410621684,0.05,0.1,0.0,AGRI_BURN,Tier_B_HardNegative,hard_neg_cropland_adjacent_to_refinery
HARD-NEG-AGRI-052,neg_plant_cluster_6,2412.353833033564,45.0,25.73004307523272,4.600786140012257,12.416970859710164,336.1872668146949,0.7440463419256993,0.8627256571127788,0.0,0.0,0.947327915700235,0.05,0.1,0.0,AGRI_BURN,Tier_B_HardNegative,hard_neg_cropland_adjacent_to_refinery
HARD-NEG-AGRI-053,neg_plant_cluster_7,1298.2499098146886,12.0,31.29115902779092,8.207074261005733,13.661558742053922,332.75666216463856,1.5506547401009407,0.95622717933748,0.0,0.0,0.846333397592823,0.05,0.1,0.0,AGRI_BURN,Tier_B_HardNegative,hard_neg_cropland_adjacent_to_refinery
HARD-NEG-AGRI-054,neg_plant_cluster_8,1307.1702162934107,67.0,17.150882286656262,22.93979647208419,2.1123634934391946,329.7787531287258,0.5340609343022572,0.9202990962991188,0.0,0.0,0.7612606551363674,0.05,0.1,0.0,AGRI_BURN,Tier_B_HardNegative,hard_neg_cropland_adjacent_to_refinery
HARD-NEG-AGRI-055,neg_plant_cluster_9,685.1629990433726,12.0,29.50650090817749,19.372656452752555,10.37507169290518,322.1251941387741,1.7006686786160743,0.921657233632034,0.0,0.0,0.7665782643386708,0.05,0.1,0.0,AGRI_BURN,Tier_B_HardNegative,hard_neg_cropland_adjacent_to_refinery
HARD-NEG-AGRI-056,neg_plant_cluster_10,1668.088291113302,12.0,33.859898722658954,3.2673984431759595,14.563242987260766,316.29479735851726,3.1734293410942134,0.9291551663629448,0.0,0.0,0.94859295922386,0.05,0.1,0.0,AGRI_BURN,Tier_B_HardNegative,hard_neg_cropland_adjacent_to_refinery
HARD-NEG-AGRI-057,neg_plant_cluster_11,577.1117553649573,67.0,25.557744816306077,4.659560035974923,2.9101237626841674,321.5042731975947,1.3834818405182896,0.9993747062544056,0.0,0.0,0.8893850111727629,0.05,0.1,0.0,AGRI_BURN,Tier_B_HardNegative,hard_neg_cropland_adjacent_to_refinery
HARD-NEG-AGRI-058,neg_plant_cluster_12,1322.0843953101278,67.0,5.408837790585194,9.181190171029067,14.280966519110102,341.7079135167275,1.8669702583571388,0.9430198896702304,0.0,0.0,0.8054762365962265,0.05,0.1,0.0,AGRI_BURN,Tier_B_HardNegative,hard_neg_cropland_adjacent_to_refinery
HARD-NEG-AGRI-059,neg_plant_cluster_13,851.4907833370271,45.0,16.036319903686035,8.046684405508893,4.356099911981465,325.81035285615803,1.279849588562788,0.9179861270243246,0.0,0.0,0.7564631902219301,0.05,0.1,0.0,AGRI_BURN,Tier_B_HardNegative,hard_neg_cropland_adjacent_to_refinery
HARD-NEG-AGRI-060,neg_plant_cluster_14,1071.4324172054698,12.0,29.22764561091541,18.064085796185346,2.857945620500924,342.3278155348153,2.9676117287695067,0.9924699869937886,0.0,0.0,0.895143901677672,0.05,0.1,0.0,AGRI_BURN,Tier_B_HardNegative,hard_neg_cropland_adjacent_to_refinery
HARD-NEG-AGRI-061,neg_plant_cluster_0,1872.196470245896,45.0,6.56520102109449,22.28655269036744,8.498024151889016,319.94502783411,1.7337653497561072,0.966640342560284,0.0,0.0,0.846074016373271,0.05,0.1,0.0,AGRI_BURN,Tier_B_HardNegative,hard_neg_cropland_adjacent_to_refinery
HARD-NEG-AGRI-062,neg_plant_cluster_1,2764.6865215972102,67.0,22.418052175916188,11.379598845882471,14.563758768311748,340.26356769407124,3.0149861141334133,0.9203039739692456,0.0,0.0,0.832963900467533,0.05,0.1,0.0,AGRI_BURN,Tier_B_HardNegative,hard_neg_cropland_adjacent_to_refinery
HARD-NEG-AGRI-063,neg_plant_cluster_2,1056.176972633695,83.0,6.336130870926332,18.217716737716067,8.248020987927216,337.4973224840992,3.2394972567729283,0.9377724298488208,0.0,0.0,0.8952241688143696,0.05,0.1,0.0,AGRI_BURN,Tier_B_HardNegative,hard_neg_cropland_adjacent_to_refinery
HARD-NEG-AGRI-064,neg_plant_cluster_3,2216.994884901894,67.0,11.667791154039127,12.911970976822058,2.3728115196966773,343.62153081776165,2.31852390335264,0.8842964208255194,0.0,0.0,0.8843401368811713,0.05,0.1,0.0,AGRI_BURN,Tier_B_HardNegative,hard_neg_cropland_adjacent_to_refinery
HARD-NEG-AGRI-065,neg_plant_cluster_4,1883.50777709895,83.0,12.328846942784528,3.488064324666636,7.723395206365447,329.2863209036704,2.994114470187504,0.8961665859656573,0.0,0.0,0.9132771470426124,0.05,0.1,0.0,AGRI_BURN,Tier_B_HardNegative,hard_neg_cropland_adjacent_to_refinery
HARD-NEG-AGRI-066,neg_plant_cluster_5,2723.1370370555755,45.0,31.176261682408697,11.876623056672734,2.4432208125342907,315.8634802894002,2.765411767020857,0.9430464327030196,0.0,0.0,0.8908159536198447,0.05,0.1,0.0,AGRI_BURN,Tier_B_HardNegative,hard_neg_cropland_adjacent_to_refinery
HARD-NEG-AGRI-067,neg_plant_cluster_6,911.1139876213858,45.0,23.13517507501605,24.570179952032312,9.317273818357336,334.09932964866846,2.164446825626677,0.8636503136576995,0.0,0.0,0.8952794065300456,0.05,0.1,0.0,AGRI_BURN,Tier_B_HardNegative,hard_neg_cropland_adjacent_to_refinery
HARD-NEG-AGRI-068,neg_plant_cluster_7,1713.8711365578677,12.0,28.293243394975438,11.723941211067944,9.520257153304165,340.8709112624024,3.3485618709729263,0.8720610221393557,0.0,0.0,0.9353175250322988,0.05,0.1,0.0,AGRI_BURN,Tier_B_HardNegative,hard_neg_cropland_adjacent_to_refinery
HARD-NEG-AGRI-069,neg_plant_cluster_8,1581.0791033908918,83.0,6.0533153134078415,4.008947860901925,9.501682424120323,325.42240224676243,1.1273923732355424,0.9369474901707608,0.0,0.0,0.8183126420913089,0.05,0.1,0.0,AGRI_BURN,Tier_B_HardNegative,hard_neg_cropland_adjacent_to_refinery
HARD-NEG-AGRI-070,neg_plant_cluster_9,1689.4322001137682,67.0,7.969421007690945,6.341859257270476,2.512994003416447,334.2262423440964,1.0456402531974345,0.9018500924985796,0.0,0.0,0.9293576819812024,0.05,0.1,0.0,AGRI_BURN,Tier_B_HardNegative,hard_neg_cropland_adjacent_to_refinery
HARD-NEG-AGRI-071,neg_plant_cluster_10,1537.5079366308937,12.0,34.16642082737323,16.242578701901124,3.7458114556416486,339.6537191053335,1.5352478834671603,0.9021428821724023,0.0,0.0,0.756360936297033,0.05,0.1,0.0,AGRI_BURN,Tier_B_HardNegative,hard_neg_cropland_adjacent_to_refinery
HARD-NEG-AGRI-072,neg_plant_cluster_11,1716.9167420977808,12.0,18.2841418090145,7.539341804927435,5.781912985197094,330.1025181256457,2.571184485888096,0.8558968209761648,0.0,0.0,0.9098820797818084,0.05,0.1,0.0,AGRI_BURN,Tier_B_HardNegative,hard_neg_cropland_adjacent_to_refinery
HARD-NEG-AGRI-073,neg_plant_cluster_12,1906.9609347781784,67.0,19.8613674199651,6.453509019756262,5.970646496010053,315.0778507315094,3.1049033211067605,0.8626775511521023,0.0,0.0,0.869455616451086,0.05,0.1,0.0,AGRI_BURN,Tier_B_HardNegative,hard_neg_cropland_adjacent_to_refinery
HARD-NEG-AGRI-074,neg_plant_cluster_13,2767.0167900803563,67.0,15.484635186532842,13.65950567420247,9.464694187189291,326.0674091870932,1.887604148399444,0.9621206407200636,0.0,0.0,0.7573366405781196,0.05,0.1,0.0,AGRI_BURN,Tier_B_HardNegative,hard_neg_cropland_adjacent_to_refinery
HARD-NEG-AGRI-075,neg_plant_cluster_14,1005.8486664256498,67.0,25.302130667503263,21.577694797939834,11.369435364124516,315.9141645820078,3.1016449432241697,0.9031220006189687,0.0,0.0,0.8294327665008165,0.05,0.1,0.0,AGRI_BURN,Tier_B_HardNegative,hard_neg_cropland_adjacent_to_refinery
HARD-NEG-AGRI-076,neg_plant_cluster_0,651.6859996779542,67.0,15.695809056243302,3.44156635110998,5.170147900956085,321.3434402098964,1.482492056533744,0.8679643197728877,0.0,0.0,0.9281054561479788,0.05,0.1,0.0,AGRI_BURN,Tier_B_HardNegative,hard_neg_cropland_adjacent_to_refinery
HARD-NEG-AGRI-077,neg_plant_cluster_1,1824.621888529717,83.0,15.008233401658448,17.27410248641467,7.453940475436628,332.5259845414251,2.7104674261847386,0.9336613398925656,0.0,0.0,0.8673070869321517,0.05,0.1,0.0,AGRI_BURN,Tier_B_HardNegative,hard_neg_cropland_adjacent_to_refinery
HARD-NEG-AGRI-078,neg_plant_cluster_2,1754.700502054339,45.0,12.797053079760458,10.987810520769973,9.865799999308216,332.1233491400674,1.5682901776935387,0.997977287318947,0.0,0.0,0.8711549638713774,0.05,0.1,0.0,AGRI_BURN,Tier_B_HardNegative,hard_neg_cropland_adjacent_to_refinery
HARD-NEG-AGRI-079,neg_plant_cluster_3,969.3443001663868,45.0,10.985316729088376,11.037850032829269,7.5732421117266995,340.5245255350844,0.7636628736204316,0.9708797330111716,0.0,0.0,0.7611306978713951,0.05,0.1,0.0,AGRI_BURN,Tier_B_HardNegative,hard_neg_cropland_adjacent_to_refinery
HARD-NEG-AGRI-080,neg_plant_cluster_4,2421.553684715636,67.0,20.259853076677896,12.028730193772551,14.744489945174792,318.3611670650416,1.6935667971372248,0.9954205649913052,0.0,0.0,0.923101425178796,0.05,0.1,0.0,AGRI_BURN,Tier_B_HardNegative,hard_neg_cropland_adjacent_to_refinery
HARD-NEG-AGRI-081,neg_plant_cluster_5,2360.9729702782715,12.0,19.21321215702232,18.903714125679063,12.402491360723612,336.5537181250966,2.1051101961347314,0.9214929226189618,0.0,0.0,0.9177165117405248,0.05,0.1,0.0,AGRI_BURN,Tier_B_HardNegative,hard_neg_cropland_adjacent_to_refinery
HARD-NEG-AGRI-082,neg_plant_cluster_6,892.1861443587018,45.0,14.034056328531554,12.359601649561167,7.860350490924597,322.2722919724524,0.8445104742176106,0.9415930063662448,0.0,0.0,0.8077261106480511,0.05,0.1,0.0,AGRI_BURN,Tier_B_HardNegative,hard_neg_cropland_adjacent_to_refinery
HARD-NEG-AGRI-083,neg_plant_cluster_7,1794.9717314142697,67.0,32.892444609964954,10.054128227509311,9.111304914589534,326.0769144452969,1.862803916657299,0.932290467690723,0.0,0.0,0.8597843959777954,0.05,0.1,0.0,AGRI_BURN,Tier_B_HardNegative,hard_neg_cropland_adjacent_to_refinery
HARD-NEG-AGRI-084,neg_plant_cluster_8,884.153109592566,83.0,29.10610782149368,8.602094404802806,10.381789472246975,337.8068357966906,2.2869162218235326,0.9207364282825238,0.0,0.0,0.8323681828294537,0.05,0.1,0.0,AGRI_BURN,Tier_B_HardNegative,hard_neg_cropland_adjacent_to_refinery
HARD-NEG-AGRI-085,neg_plant_cluster_9,1237.2838397031887,12.0,30.372551260510097,19.4114395620718,6.423515247570795,342.98814201299865,3.472788429372172,0.8807502715079856,0.0,0.0,0.8258457169927601,0.05,0.1,0.0,AGRI_BURN,Tier_B_HardNegative,hard_neg_cropland_adjacent_to_refinery
HARD-NEG-AGRI-086,neg_plant_cluster_10,2623.4786166153067,83.0,21.808666508577268,21.520233088681984,2.526699461081198,338.8580193557967,1.1048819601432336,0.8745483914298556,0.0,0.0,0.7828531595861986,0.05,0.1,0.0,AGRI_BURN,Tier_B_HardNegative,hard_neg_cropland_adjacent_to_refinery
HARD-NEG-AGRI-087,neg_plant_cluster_11,2354.979328555317,67.0,23.646515475325494,22.97305487017535,5.084850443299172,332.6492002738517,2.548946190251397,0.917792290194856,0.0,0.0,0.8927564909710651,0.05,0.1,0.0,AGRI_BURN,Tier_B_HardNegative,hard_neg_cropland_adjacent_to_refinery
HARD-NEG-AGRI-088,neg_plant_cluster_12,2559.2018687012155,12.0,13.342714099088404,19.447406363877526,7.7894456563409475,321.9663808544045,3.1987237198237053,0.9075836832059816,0.0,0.0,0.8587105722227977,0.05,0.1,0.0,AGRI_BURN,Tier_B_HardNegative,hard_neg_cropland_adjacent_to_refinery
HARD-NEG-AGRI-089,neg_plant_cluster_13,2575.5330663149125,67.0,20.82832862901568,12.493619149001738,5.325828895731022,336.916474104279,2.581152822210015,0.8750096139990075,0.0,0.0,0.9257258230746876,0.05,0.1,0.0,AGRI_BURN,Tier_B_HardNegative,hard_neg_cropland_adjacent_to_refinery
HARD-NEG-AGRI-090,neg_plant_cluster_14,1589.0167033695177,45.0,31.71067007457969,20.349138646939675,2.699285756124892,324.35166203386643,1.2454674194433972,0.9615919438859016,0.0,0.0,0.7567064869471559,0.05,0.1,0.0,AGRI_BURN,Tier_B_HardNegative,hard_neg_cropland_adjacent_to_refinery
HARD-NEG-AGRI-091,neg_plant_cluster_0,1767.7352436911597,45.0,19.31342610105674,19.601976420922565,1.9922824457901027,331.09444054453786,1.636464696670747,0.9185500328922518,0.0,0.0,0.8707915744145025,0.05,0.1,0.0,AGRI_BURN,Tier_B_HardNegative,hard_neg_cropland_adjacent_to_refinery
HARD-NEG-AGRI-092,neg_plant_cluster_1,1605.4920339100725,83.0,8.647440247811987,8.043530695118113,10.972662241699462,336.6010960963822,2.423442898655892,0.954092266670065,0.0,0.0,0.8585448886695192,0.05,0.1,0.0,AGRI_BURN,Tier_B_HardNegative,hard_neg_cropland_adjacent_to_refinery
HARD-NEG-AGRI-093,neg_plant_cluster_2,1004.3177413766866,12.0,29.630763662081428,24.09964548040861,5.466601729088879,321.8205294908996,1.770790587261449,0.8931894424713589,0.0,0.0,0.8729900526305309,0.05,0.1,0.0,AGRI_BURN,Tier_B_HardNegative,hard_neg_cropland_adjacent_to_refinery
HARD-NEG-AGRI-094,neg_plant_cluster_3,2588.445781223116,83.0,19.682549045418448,16.45199317956225,0.7625976654021873,341.16371726832455,3.296354847450837,0.9347699775383812,0.0,0.0,0.8893301647753784,0.05,0.1,0.0,AGRI_BURN,Tier_B_HardNegative,hard_neg_cropland_adjacent_to_refinery
HARD-NEG-AGRI-095,neg_plant_cluster_4,2613.9985148255096,83.0,24.19238354063563,19.967426707434235,5.929312860946119,317.0676461810166,0.7319631964663618,0.8656370449077714,0.0,0.0,0.9180879263960846,0.05,0.1,0.0,AGRI_BURN,Tier_B_HardNegative,hard_neg_cropland_adjacent_to_refinery
HARD-NEG-AGRI-096,neg_plant_cluster_5,2585.646875813711,12.0,7.510379421063413,24.66650637717136,12.664022253466044,318.739880436098,3.262525647852117,0.9804844543093192,0.0,0.0,0.8537676114252144,0.05,0.1,0.0,AGRI_BURN,Tier_B_HardNegative,hard_neg_cropland_adjacent_to_refinery
HARD-NEG-AGRI-097,neg_plant_cluster_6,1819.0610457878304,12.0,15.758476649952014,19.373492340552357,3.480907221446744,338.6336966614348,2.3111645951904167,0.8671400950083531,0.0,0.0,0.8329009168407255,0.05,0.1,0.0,AGRI_BURN,Tier_B_HardNegative,hard_neg_cropland_adjacent_to_refinery
HARD-NEG-AGRI-098,neg_plant_cluster_7,2472.4435374710965,45.0,14.7367258253448,10.63297044171701,11.193768097591352,328.5665382266942,1.173814468819946,0.917865927419904,0.0,0.0,0.77817140407596,0.05,0.1,0.0,AGRI_BURN,Tier_B_HardNegative,hard_neg_cropland_adjacent_to_refinery
HARD-NEG-AGRI-099,neg_plant_cluster_8,823.3287676149359,67.0,9.13091284026719,3.74534152542509,5.016360981424983,338.4148712263826,1.3327615178882544,0.8830145821121645,0.0,0.0,0.7925361568682452,0.05,0.1,0.0,AGRI_BURN,Tier_B_HardNegative,hard_neg_cropland_adjacent_to_refinery
HARD-NEG-AGRI-100,neg_plant_cluster_9,1636.4168377763503,12.0,33.79317984155311,6.2705800105684855,6.512049794041844,317.56049004235933,3.490622755537842,0.9253292515496864,0.0,0.0,0.8690770034640087,0.05,0.1,0.0,AGRI_BURN,Tier_B_HardNegative,hard_neg_cropland_adjacent_to_refinery
HARD-NEG-AGRI-101,neg_plant_cluster_10,560.9835457322259,67.0,17.23045606543923,20.59520448563393,5.566111486215329,329.0469548532414,2.3749279611531566,0.9066588921160254,0.0,0.0,0.9173129626584664,0.05,0.1,0.0,AGRI_BURN,Tier_B_HardNegative,hard_neg_cropland_adjacent_to_refinery
HARD-NEG-AGRI-102,neg_plant_cluster_11,1809.8886501617783,12.0,28.041356117545327,12.972354364456608,8.103658905249912,328.22288240814686,1.7022891826259778,0.9339460496962326,0.0,0.0,0.7810480491861425,0.05,0.1,0.0,AGRI_BURN,Tier_B_HardNegative,hard_neg_cropland_adjacent_to_refinery
HARD-NEG-AGRI-103,neg_plant_cluster_12,836.6275131886507,12.0,6.340604277920566,19.57141685644392,4.448376893444342,341.9229122945665,2.0797353999778814,0.970112465722918,0.0,0.0,0.945786287123192,0.05,0.1,0.0,AGRI_BURN,Tier_B_HardNegative,hard_neg_cropland_adjacent_to_refinery
HARD-NEG-AGRI-104,neg_plant_cluster_13,2415.4932626957693,67.0,24.42664219921469,3.596111835076637,3.718596348027767,321.93224389764214,2.515678230796185,0.8529565806631546,0.0,0.0,0.7708217163969148,0.05,0.1,0.0,AGRI_BURN,Tier_B_HardNegative,hard_neg_cropland_adjacent_to_refinery
HARD-NEG-AGRI-105,neg_plant_cluster_14,2319.7986048956545,67.0,31.51127495791859,15.247874865234056,10.951789896502346,339.1594490207372,3.4661863458663285,0.9404796103265468,0.0,0.0,0.9113700297925172,0.05,0.1,0.0,AGRI_BURN,Tier_B_HardNegative,hard_neg_cropland_adjacent_to_refinery
HARD-NEG-AGRI-106,neg_plant_cluster_0,2710.3583645316994,83.0,24.71063923369003,7.509654499148061,4.7506420887846925,341.8900745556336,0.5390057705322081,0.8628262796281702,0.0,0.0,0.7915772510292054,0.05,0.1,0.0,AGRI_BURN,Tier_B_HardNegative,hard_neg_cropland_adjacent_to_refinery
HARD-NEG-AGRI-107,neg_plant_cluster_1,463.6772892971673,12.0,31.169766352134108,17.14436239951357,10.707218959508388,342.3187201062091,2.374283813129753,0.9003798785724753,0.0,0.0,0.915021466284532,0.05,0.1,0.0,AGRI_BURN,Tier_B_HardNegative,hard_neg_cropland_adjacent_to_refinery
HARD-NEG-AGRI-108,neg_plant_cluster_2,1271.3421092682172,67.0,12.309972865509163,16.731275972680947,6.436468956772986,331.5614154255594,1.80837958740595,0.8941698639312876,0.0,0.0,0.9396906613924312,0.05,0.1,0.0,AGRI_BURN,Tier_B_HardNegative,hard_neg_cropland_adjacent_to_refinery
HARD-NEG-AGRI-109,neg_plant_cluster_3,2232.653905983426,83.0,7.541375703532301,15.44708563926433,14.787826027505153,329.13196358081444,1.0463214164647496,0.922716755072552,0.0,0.0,0.8524915311763843,0.05,0.1,0.0,AGRI_BURN,Tier_B_HardNegative,hard_neg_cropland_adjacent_to_refinery
HARD-NEG-AGRI-110,neg_plant_cluster_4,2180.0486661487976,45.0,23.637824814610564,8.67352907953045,2.5206630740559497,340.04790710397896,3.4532065421106566,0.9288535273454028,0.0,0.0,0.7843358571696607,0.05,0.1,0.0,AGRI_BURN,Tier_B_HardNegative,hard_neg_cropland_adjacent_to_refinery
HARD-NEG-AGRI-111,neg_plant_cluster_5,1053.5375836464857,67.0,29.50010015326189,14.652556930411784,12.318289211835628,329.9427226053302,0.7015261997471303,0.9107872132041532,0.0,0.0,0.8494929787959781,0.05,0.1,0.0,AGRI_BURN,Tier_B_HardNegative,hard_neg_cropland_adjacent_to_refinery
HARD-NEG-AGRI-112,neg_plant_cluster_6,2128.4861959175096,12.0,4.340870688412895,6.01148386151376,13.550270306797524,341.21670232687546,2.292239306510925,0.940077529065048,0.0,0.0,0.8830073349092511,0.05,0.1,0.0,AGRI_BURN,Tier_B_HardNegative,hard_neg_cropland_adjacent_to_refinery
HARD-NEG-AGRI-113,neg_plant_cluster_7,820.891068696279,12.0,29.98131585852717,11.896393034078535,11.678214967431922,327.66108178652064,1.5616141296837482,0.993794076596983,0.0,0.0,0.7868741841357927,0.05,0.1,0.0,AGRI_BURN,Tier_B_HardNegative,hard_neg_cropland_adjacent_to_refinery
HARD-NEG-AGRI-114,neg_plant_cluster_8,616.8087053862589,67.0,11.60582240012095,11.564503508923485,4.686059183175148,325.67018149394846,2.6571377155527367,0.8945682573434762,0.0,0.0,0.8632809280593794,0.05,0.1,0.0,AGRI_BURN,Tier_B_HardNegative,hard_neg_cropland_adjacent_to_refinery
HARD-NEG-AGRI-115,neg_plant_cluster_9,1542.5209652778392,67.0,33.57669503272862,5.970028103266553,7.514446658019985,323.09733667176585,2.1195283367245805,0.8743020816837377,0.0,0.0,0.9183059320620086,0.05,0.1,0.0,AGRI_BURN,Tier_B_HardNegative,hard_neg_cropland_adjacent_to_refinery
HARD-NEG-AGRI-116,neg_plant_cluster_10,2431.378838354937,67.0,22.502128316423565,10.353365597973138,11.678226954314418,318.1979475940132,0.7254133452074263,0.9592283134305404,0.0,0.0,0.8490982632412397,0.05,0.1,0.0,AGRI_BURN,Tier_B_HardNegative,hard_neg_cropland_adjacent_to_refinery
HARD-NEG-AGRI-117,neg_plant_cluster_11,2052.165751426566,45.0,18.250126895595063,4.670535028131686,1.6275974891448777,315.07018171877337,3.4030981646212592,0.8507880727837577,0.0,0.0,0.770618749202749,0.05,0.1,0.0,AGRI_BURN,Tier_B_HardNegative,hard_neg_cropland_adjacent_to_refinery
HARD-NEG-AGRI-118,neg_plant_cluster_12,1155.031736342586,67.0,32.436720839329524,6.010009880217151,14.278441630401636,328.3801731887387,1.055398786515859,0.9312851421067536,0.0,0.0,0.9245891671752816,0.05,0.1,0.0,AGRI_BURN,Tier_B_HardNegative,hard_neg_cropland_adjacent_to_refinery
HARD-NEG-AGRI-119,neg_plant_cluster_13,2157.339727382947,12.0,27.530111211704344,18.93027324400905,9.73985790694756,344.4173040053996,3.210091437908075,0.9469997378675744,0.0,0.0,0.8886350422913849,0.05,0.1,0.0,AGRI_BURN,Tier_B_HardNegative,hard_neg_cropland_adjacent_to_refinery
HARD-NEG-AGRI-120,neg_plant_cluster_14,523.829935980904,45.0,5.222231152423683,18.522653795345143,13.916100602527154,320.41726035382,2.2038356916578885,0.9873232446382064,0.0,0.0,0.7567891957171597,0.05,0.1,0.0,AGRI_BURN,Tier_B_HardNegative,hard_neg_cropland_adjacent_to_refinery
HARD-NEG-URBAN-001,urban_grid_0,33804.54988813308,0.0,3.7301175552941306,7.023696030872141,3.8871271561449343,323.8853297822687,4.319499516602246,0.658612795296794,0.0,2.2757184251807807,0.05,0.05,0.8783651864106753,0.0,OTHER_UNCERTAIN,Tier_B_HardNegative,hard_neg_urban_commercial_heat
HARD-NEG-URBAN-002,urban_grid_1,31848.22607315542,0.0,6.376255128324211,3.4975926715810264,2.2866410566137048,314.6212376768817,7.194988495662967,0.55907953979047,1.0,3.623833857643808,0.05,0.05,0.8098034511198414,0.0,OTHER_UNCERTAIN,Tier_B_HardNegative,hard_neg_urban_commercial_heat
HARD-NEG-URBAN-003,urban_grid_2,19665.74249973258,0.0,5.546184692815029,6.18155593848547,1.3431347614350728,317.51782752874016,7.20184423765331,0.5847589564546913,1.0,2.0875304201394607,0.05,0.05,0.8692914275863382,0.0,OTHER_UNCERTAIN,Tier_B_HardNegative,hard_neg_urban_commercial_heat
HARD-NEG-URBAN-004,urban_grid_3,44642.62859364575,0.0,1.5017814268191343,2.368479330333352,1.5974591706869306,323.65179818850504,1.4902079402322972,0.4028456300885494,0.0,3.8359414446556346,0.05,0.05,0.8602896370413864,0.0,OTHER_UNCERTAIN,Tier_B_HardNegative,hard_neg_urban_commercial_heat
HARD-NEG-URBAN-005,urban_grid_4,25755.397951244628,0.0,6.206290974137776,6.704165819373934,3.937925529877251,320.36546827729035,3.924367475171336,0.526407100683121,0.0,3.6613590359232258,0.05,0.05,0.8005019543064469,0.0,OTHER_UNCERTAIN,Tier_B_HardNegative,hard_neg_urban_commercial_heat
HARD-NEG-URBAN-006,urban_grid_5,25290.498361893144,0.0,3.7275215734116167,6.572777476658978,2.8906579294135435,316.7821706894179,2.940859519877415,0.6731017306172602,0.0,2.138865668679312,0.05,0.05,0.8576489970739523,0.0,OTHER_UNCERTAIN,Tier_B_HardNegative,hard_neg_urban_commercial_heat
HARD-NEG-URBAN-007,urban_grid_6,33146.94945964358,0.0,3.1369041589879814,7.18475545888642,3.166745556220653,306.7882200462452,3.9230654304944985,0.6637354922686494,1.0,3.00399223221099,0.05,0.05,0.9355585950762906,0.0,OTHER_UNCERTAIN,Tier_B_HardNegative,hard_neg_urban_commercial_heat
HARD-NEG-URBAN-008,urban_grid_7,44599.84166309428,0.0,7.0751461717021815,1.6094143797422322,1.6661629220594012,321.7565147056649,2.613984370635133,0.6491927553251873,1.0,1.153349058588793,0.05,0.05,0.8264792048008263,0.0,OTHER_UNCERTAIN,Tier_B_HardNegative,hard_neg_urban_commercial_heat
HARD-NEG-URBAN-009,urban_grid_8,16157.989735596488,0.0,2.898286966081909,6.111382183470546,1.465488510750247,306.1568535312679,7.78371841098568,0.6651357654890278,0.0,2.986370362151705,0.05,0.05,0.8787547251290402,0.0,OTHER_UNCERTAIN,Tier_B_HardNegative,hard_neg_urban_commercial_heat
HARD-NEG-URBAN-010,urban_grid_9,17628.63461420651,0.0,5.364359432360445,4.294473947472347,3.9857095256462247,322.9487229609241,4.243665237509339,0.5868812148805356,0.0,2.684872114467068,0.05,0.05,0.8889409902262555,0.0,OTHER_UNCERTAIN,Tier_B_HardNegative,hard_neg_urban_commercial_heat
HARD-NEG-URBAN-011,urban_grid_0,29463.189689999013,0.0,2.1861512804831618,6.728003434571396,1.1358401660959536,307.5902984256561,7.221236559082841,0.6866954494689259,1.0,0.1771118420927253,0.05,0.05,0.8493577048054807,0.0,OTHER_UNCERTAIN,Tier_B_HardNegative,hard_neg_urban_commercial_heat
HARD-NEG-URBAN-012,urban_grid_1,42468.81106780263,0.0,7.014094908925896,2.9727630516384185,1.0853314664474518,305.1016427963605,5.870000049948251,0.414635074501952,1.0,0.4052310795382396,0.05,0.05,0.8330274802924718,0.0,OTHER_UNCERTAIN,Tier_B_HardNegative,hard_neg_urban_commercial_heat
HARD-NEG-URBAN-013,urban_grid_2,33280.57425540505,0.0,2.0709814461772518,6.562603558507242,2.0310714553545,314.6117315465329,5.146854492616623,0.6474042897775447,1.0,3.310560050532823,0.05,0.05,0.8815668361996098,0.0,OTHER_UNCERTAIN,Tier_B_HardNegative,hard_neg_urban_commercial_heat
HARD-NEG-URBAN-014,urban_grid_3,39986.23657137189,0.0,7.004324392152763,4.483939966736614,3.485827135801033,309.9057106451067,2.101384617917682,0.4481200315990216,0.0,4.18506664181836,0.05,0.05,0.9046207192503926,0.0,OTHER_UNCERTAIN,Tier_B_HardNegative,hard_neg_urban_commercial_heat
HARD-NEG-URBAN-015,urban_grid_4,33165.20855513112,0.0,6.139585336613882,5.94211482921314,0.7185599106429874,322.6174151839785,7.102904694216624,0.4087741849103677,0.0,0.0257258537735738,0.05,0.05,0.922992037611215,0.0,OTHER_UNCERTAIN,Tier_B_HardNegative,hard_neg_urban_commercial_heat
HARD-NEG-URBAN-016,urban_grid_5,16459.13097642217,0.0,8.315259819520259,1.2070567023246896,2.2691087666550525,320.1327160756987,2.810818314885356,0.4579398593761879,0.0,3.084634591878711,0.05,0.05,0.9471779267041136,0.0,OTHER_UNCERTAIN,Tier_B_HardNegative,hard_neg_urban_commercial_heat
HARD-NEG-URBAN-017,urban_grid_6,31377.10049961673,0.0,3.4485268579811983,5.194235929527552,2.2059429808918365,320.5969079030229,1.7488644717887087,0.6283083707506084,1.0,2.1612039194625616,0.05,0.05,0.9260182254111828,0.0,OTHER_UNCERTAIN,Tier_B_HardNegative,hard_neg_urban_commercial_heat
HARD-NEG-URBAN-018,urban_grid_7,22509.594823472275,0.0,2.8462299256787507,5.948302654518271,3.1763472292959025,308.4750695061513,6.395978759786929,0.6841893664769014,1.0,3.540860443226408,0.05,0.05,0.8101025902203158,0.0,OTHER_UNCERTAIN,Tier_B_HardNegative,hard_neg_urban_commercial_heat
HARD-NEG-URBAN-019,urban_grid_8,29540.30702652211,0.0,4.094122927147176,5.111767761935106,0.2783939318688001,322.4307361230475,7.814422784241779,0.6906633565857074,1.0,3.237868217009538,0.05,0.05,0.8891593788842818,0.0,OTHER_UNCERTAIN,Tier_B_HardNegative,hard_neg_urban_commercial_heat
HARD-NEG-URBAN-020,urban_grid_9,22193.65363500801,0.0,1.992196084305097,6.375531568666879,1.550150764031026,321.3757128671419,2.7675612478186755,0.40030884395369,1.0,1.3681333314083295,0.05,0.05,0.9495686750236566,0.0,OTHER_UNCERTAIN,Tier_B_HardNegative,hard_neg_urban_commercial_heat
HARD-NEG-URBAN-021,urban_grid_0,23768.708182731,0.0,4.885402682472567,2.230830073507516,3.1997572401247245,318.8736445156298,2.5453872895213228,0.4247143136847528,1.0,1.1502684151571696,0.05,0.05,0.8197002689614068,0.0,OTHER_UNCERTAIN,Tier_B_HardNegative,hard_neg_urban_commercial_heat
HARD-NEG-URBAN-022,urban_grid_1,40118.00993369483,0.0,8.724274900800989,1.3972045766093522,2.9519532611973736,323.1904902189564,7.00152064464749,0.6893561416810625,0.0,1.3710760117433505,0.05,0.05,0.9475966471939742,0.0,OTHER_UNCERTAIN,Tier_B_HardNegative,hard_neg_urban_commercial_heat
HARD-NEG-URBAN-023,urban_grid_2,23145.358233656592,0.0,8.205744027593507,2.648714017113843,0.9311083456978247,305.62268165769024,5.561667777631195,0.5105579031171283,0.0,2.357662300512564,0.05,0.05,0.8814849208684937,0.0,OTHER_UNCERTAIN,Tier_B_HardNegative,hard_neg_urban_commercial_heat
HARD-NEG-URBAN-024,urban_grid_3,13892.092316332786,0.0,3.0277593695720566,1.7743362895590074,0.6992663488283394,314.0738726921056,4.712480756097793,0.4053585677434958,0.0,0.6562243884119379,0.05,0.05,0.8048789269236878,0.0,OTHER_UNCERTAIN,Tier_B_HardNegative,hard_neg_urban_commercial_heat
HARD-NEG-URBAN-025,urban_grid_4,42071.37036918041,0.0,6.124877358905535,6.218184933149911,1.9779371708989453,307.3461637792479,1.8763005454178527,0.6056695861686914,1.0,2.792063362915989,0.05,0.05,0.8338310213665603,0.0,OTHER_UNCERTAIN,Tier_B_HardNegative,hard_neg_urban_commercial_heat
HARD-NEG-URBAN-026,urban_grid_5,13950.542355893032,0.0,6.386396001016985,3.2533304228980717,2.4020293616539274,313.6649349794331,7.890459851820328,0.4448741928002697,0.0,0.3622344389727944,0.05,0.05,0.8588740334610028,0.0,OTHER_UNCERTAIN,Tier_B_HardNegative,hard_neg_urban_commercial_heat
HARD-NEG-URBAN-027,urban_grid_6,25757.73688453357,0.0,6.000154110894778,3.0374742458686104,2.810429355893516,322.2024479437841,6.458956922253448,0.4118856476045072,1.0,3.7458081955064153,0.05,0.05,0.8218883111052718,0.0,OTHER_UNCERTAIN,Tier_B_HardNegative,hard_neg_urban_commercial_heat
HARD-NEG-URBAN-028,urban_grid_7,11803.318966228631,0.0,5.781783763831232,1.315716112725402,1.981189888051207,309.2069915983774,3.422115973513877,0.6327414207378868,1.0,1.632306541219959,0.05,0.05,0.8776567465077068,0.0,OTHER_UNCERTAIN,Tier_B_HardNegative,hard_neg_urban_commercial_heat
HARD-NEG-URBAN-029,urban_grid_8,11251.060468358834,0.0,4.129701984068856,1.4091795853856093,0.4064561389045809,312.9384655240319,1.9290102783014225,0.5702622544784675,1.0,3.4659697041134048,0.05,0.05,0.92321610920148,0.0,OTHER_UNCERTAIN,Tier_B_HardNegative,hard_neg_urban_commercial_heat
HARD-NEG-URBAN-030,urban_grid_9,9523.789325333051,0.0,6.527890937658092,7.19476483843856,0.5844578702394314,322.9244260537008,5.163436461638552,0.5849813745587422,0.0,2.7064816765053523,0.05,0.05,0.9063590779176376,0.0,OTHER_UNCERTAIN,Tier_B_HardNegative,hard_neg_urban_commercial_heat
HARD-NEG-URBAN-031,urban_grid_0,40225.857578605166,0.0,6.855651990993208,6.250886923339689,1.4238557509169436,321.2965022749302,1.560803924692726,0.6684449968181583,1.0,2.9873793131596504,0.05,0.05,0.9175748830128292,0.0,OTHER_UNCERTAIN,Tier_B_HardNegative,hard_neg_urban_commercial_heat
HARD-NEG-URBAN-032,urban_grid_1,25793.44176361244,0.0,1.8056557956935455,2.2331967302338325,1.8105681443092,319.49653119748115,5.152950538171251,0.5950882557620362,0.0,4.3589178329610085,0.05,0.05,0.8328820981037066,0.0,OTHER_UNCERTAIN,Tier_B_HardNegative,hard_neg_urban_commercial_heat
HARD-NEG-URBAN-033,urban_grid_2,44107.01446530786,0.0,4.026718438283302,2.3473428688388056,3.179824177855669,318.1741555100175,4.487370015171972,0.5666090652812894,1.0,3.2663150961866503,0.05,0.05,0.8498471938032663,0.0,OTHER_UNCERTAIN,Tier_B_HardNegative,hard_neg_urban_commercial_heat
HARD-NEG-URBAN-034,urban_grid_3,28071.7095216166,0.0,5.1995763508784965,1.713616884180288,1.672719308382944,309.4112224984465,3.9287985206735687,0.4610734841026728,0.0,2.313114783696581,0.05,0.05,0.930240875811257,0.0,OTHER_UNCERTAIN,Tier_B_HardNegative,hard_neg_urban_commercial_heat
HARD-NEG-URBAN-035,urban_grid_4,34905.2555813534,0.0,7.070298908999858,3.8806080070228735,1.4491464709331554,312.42077525969205,7.913546946152405,0.4120327574237448,0.0,2.5699793390436247,0.05,0.05,0.8882087567135118,0.0,OTHER_UNCERTAIN,Tier_B_HardNegative,hard_neg_urban_commercial_heat
HARD-NEG-URBAN-036,urban_grid_5,9087.59449299077,0.0,4.466363773867615,5.01898889543538,2.431121904497871,320.8591218921126,5.58506537182476,0.6976399949022016,1.0,4.561816728083455,0.05,0.05,0.83159932835085,0.0,OTHER_UNCERTAIN,Tier_B_HardNegative,hard_neg_urban_commercial_heat
HARD-NEG-URBAN-037,urban_grid_6,31049.763591848863,0.0,6.236701650693904,5.81861204121627,0.6131139719963132,319.3164992936417,7.363227644659487,0.4539049326610726,1.0,1.864243185944672,0.05,0.05,0.8768922807808708,0.0,OTHER_UNCERTAIN,Tier_B_HardNegative,hard_neg_urban_commercial_heat
HARD-NEG-URBAN-038,urban_grid_7,23282.15346196479,0.0,2.0184958963996458,3.954141949546007,0.4798342309588534,313.10041598160643,5.150428798822473,0.5738244698030502,1.0,2.9647542571746373,0.05,0.05,0.8245285808877535,0.0,OTHER_UNCERTAIN,Tier_B_HardNegative,hard_neg_urban_commercial_heat
HARD-NEG-URBAN-039,urban_grid_8,22470.016856115144,0.0,8.770592417514656,2.826240626017104,2.66127299171104,311.5038012844939,6.414311879806204,0.439262098215505,0.0,1.185139285541681,0.05,0.05,0.8352011057392327,0.0,OTHER_UNCERTAIN,Tier_B_HardNegative,hard_neg_urban_commercial_heat
HARD-NEG-URBAN-040,urban_grid_9,40697.25777744784,0.0,4.815182803371432,3.284602986831783,1.850232537942472,318.3878080291872,2.020295977713262,0.5348301505641213,1.0,3.0857249330201504,0.05,0.05,0.9060165825328168,0.0,OTHER_UNCERTAIN,Tier_B_HardNegative,hard_neg_urban_commercial_heat
HARD-NEG-URBAN-041,urban_grid_0,14180.550592335145,0.0,2.7571441221623827,1.4310299896813206,2.971967858755998,318.27609055243613,4.322416130248698,0.6532511346907591,1.0,2.231843232562928,0.05,0.05,0.9296324266511252,0.0,OTHER_UNCERTAIN,Tier_B_HardNegative,hard_neg_urban_commercial_heat
HARD-NEG-URBAN-042,urban_grid_1,28651.189234972928,0.0,5.549293796266594,1.4153829254166963,3.94810262339293,307.45941617059253,2.6179163869935262,0.4155090511724581,0.0,0.610549570050134,0.05,0.05,0.8678298542425154,0.0,OTHER_UNCERTAIN,Tier_B_HardNegative,hard_neg_urban_commercial_heat
HARD-NEG-URBAN-043,urban_grid_2,42553.375648532485,0.0,3.871170787325629,4.395579294736872,0.2621341502965292,307.96686401924177,7.906410860711929,0.6895356089308136,0.0,0.0868989509273981,0.05,0.05,0.8484695985605418,0.0,OTHER_UNCERTAIN,Tier_B_HardNegative,hard_neg_urban_commercial_heat
HARD-NEG-URBAN-044,urban_grid_3,44004.61667860282,0.0,5.8508417227160106,2.801614853354208,2.134747181881232,311.8530697624184,4.725714921784094,0.4377224535419947,1.0,1.5396497079559546,0.05,0.05,0.905702114410497,0.0,OTHER_UNCERTAIN,Tier_B_HardNegative,hard_neg_urban_commercial_heat
HARD-NEG-URBAN-045,urban_grid_4,15468.57772854909,0.0,6.55074324993688,7.310445890475804,0.4662127915787317,318.4520423645025,4.106251535131998,0.6604426763132516,1.0,1.2765326236421592,0.05,0.05,0.899244852555672,0.0,OTHER_UNCERTAIN,Tier_B_HardNegative,hard_neg_urban_commercial_heat
HARD-NEG-URBAN-046,urban_grid_5,44209.35763381962,0.0,4.307225753548445,1.310350742430992,1.0521744326472595,321.6175438268341,7.052261851685257,0.6305558093571373,0.0,4.654743477534889,0.05,0.05,0.9034290126547342,0.0,OTHER_UNCERTAIN,Tier_B_HardNegative,hard_neg_urban_commercial_heat
HARD-NEG-URBAN-047,urban_grid_6,33030.99527375812,0.0,3.117563642982879,5.350978462465741,1.6360711820512182,318.0246595408298,1.746151212155935,0.5973535913809108,1.0,3.024769613452704,0.05,0.05,0.847716733042718,0.0,OTHER_UNCERTAIN,Tier_B_HardNegative,hard_neg_urban_commercial_heat
HARD-NEG-URBAN-048,urban_grid_7,40058.23069852288,0.0,8.950027030189712,5.940294904478107,0.4528786116194979,310.77371191061275,1.7637674223602482,0.5951534943375147,1.0,1.6351658078161937,0.05,0.05,0.9001390078345377,0.0,OTHER_UNCERTAIN,Tier_B_HardNegative,hard_neg_urban_commercial_heat
HARD-NEG-URBAN-049,urban_grid_8,37890.29985182657,0.0,7.217138510824618,6.226225987809397,1.7987749277704388,321.3566843235004,1.841463387594259,0.5633467293882548,0.0,1.6419061394254053,0.05,0.05,0.8945313122493717,0.0,OTHER_UNCERTAIN,Tier_B_HardNegative,hard_neg_urban_commercial_heat
HARD-NEG-URBAN-050,urban_grid_9,30563.7768034517,0.0,5.725791955113441,3.596644136666625,2.2391489144407597,316.92970949970845,4.819808219468314,0.5333258358253604,1.0,0.3659796188422182,0.05,0.05,0.8905172890072067,0.0,OTHER_UNCERTAIN,Tier_B_HardNegative,hard_neg_urban_commercial_heat
HARD-NEG-URBAN-051,urban_grid_0,32723.8735465356,0.0,6.146177595072109,4.120012475943605,1.5811645426989964,322.2666729914365,4.633572495953526,0.5437545632889192,0.0,4.068831441597932,0.05,0.05,0.8163377512770098,0.0,OTHER_UNCERTAIN,Tier_B_HardNegative,hard_neg_urban_commercial_heat
HARD-NEG-URBAN-052,urban_grid_1,13512.698670897204,0.0,5.449678479517197,2.750238850427389,1.9591123526605208,312.88730647636703,4.845899669013173,0.6240627148407468,1.0,4.777618479774674,0.05,0.05,0.8027348874014543,0.0,OTHER_UNCERTAIN,Tier_B_HardNegative,hard_neg_urban_commercial_heat
HARD-NEG-URBAN-053,urban_grid_2,15243.785470291205,0.0,1.556721562336066,5.279090699173999,3.602319140904949,309.869645931526,7.489241813574146,0.4180802170868682,0.0,2.395916147218,0.05,0.05,0.8291837484777952,0.0,OTHER_UNCERTAIN,Tier_B_HardNegative,hard_neg_urban_commercial_heat
HARD-NEG-URBAN-054,urban_grid_3,14154.26948649626,0.0,6.1301381805973065,4.495433764865243,2.713374534982673,323.5921175484398,4.725821493373282,0.5742796159788393,1.0,3.051668916554592,0.05,0.05,0.9074226011334792,0.0,OTHER_UNCERTAIN,Tier_B_HardNegative,hard_neg_urban_commercial_heat
HARD-NEG-URBAN-055,urban_grid_4,18087.08802714075,0.0,4.601618261440136,1.9678823880227692,0.8064824631852532,318.62235707929966,2.2700684338693886,0.557549015100118,0.0,1.4763914461015504,0.05,0.05,0.9190110887221756,0.0,OTHER_UNCERTAIN,Tier_B_HardNegative,hard_neg_urban_commercial_heat
HARD-NEG-URBAN-056,urban_grid_5,14853.452522254158,0.0,8.38314366878533,3.87452277873708,0.4394519540918686,321.3149728700856,3.614567781268714,0.5579497582461344,0.0,4.757016711033285,0.05,0.05,0.8902417730219496,0.0,OTHER_UNCERTAIN,Tier_B_HardNegative,hard_neg_urban_commercial_heat
HARD-NEG-URBAN-057,urban_grid_6,38309.98779879123,0.0,8.131548475113059,2.6369025632782748,0.926974875642084,317.21961977701983,3.877199288646933,0.6519583908600161,1.0,3.849723501258395,0.05,0.05,0.8834955586905076,0.0,OTHER_UNCERTAIN,Tier_B_HardNegative,hard_neg_urban_commercial_heat
HARD-NEG-URBAN-058,urban_grid_7,17458.864918943073,0.0,3.765453763760963,5.811335825789498,3.419579617325806,318.4284933906123,6.666709830379093,0.6299968405601217,1.0,2.258838393686146,0.05,0.05,0.8879912694763211,0.0,OTHER_UNCERTAIN,Tier_B_HardNegative,hard_neg_urban_commercial_heat
HARD-NEG-URBAN-059,urban_grid_8,14216.525686559948,0.0,7.026553087081366,6.63562158852234,0.945285220354025,306.9142911104032,1.1654701023243548,0.5925914501329798,1.0,1.030930822592132,0.05,0.05,0.8956941189973955,0.0,OTHER_UNCERTAIN,Tier_B_HardNegative,hard_neg_urban_commercial_heat
HARD-NEG-URBAN-060,urban_grid_9,17504.702362891447,0.0,6.240116145153139,1.5682640688838896,0.6529201347556972,310.49080508000253,5.179328418269842,0.6027523735262128,1.0,2.1409980746280737,0.05,0.05,0.9076396648487264,0.0,OTHER_UNCERTAIN,Tier_B_HardNegative,hard_neg_urban_commercial_heat
HARD-NEG-URBAN-061,urban_grid_0,33620.137599001675,0.0,8.934419952766412,2.008884023560989,0.5060276325982487,319.48677634257484,5.048708419044864,0.4822481999679417,1.0,1.3244772361836672,0.05,0.05,0.8967934756288575,0.0,OTHER_UNCERTAIN,Tier_B_HardNegative,hard_neg_urban_commercial_heat
HARD-NEG-URBAN-062,urban_grid_1,30042.7769429914,0.0,4.508909355292371,3.511823298990244,1.4398858516252455,317.3431156679129,4.096869555364687,0.6495589339754266,1.0,4.001782539111808,0.05,0.05,0.8350568122865649,0.0,OTHER_UNCERTAIN,Tier_B_HardNegative,hard_neg_urban_commercial_heat
HARD-NEG-URBAN-063,urban_grid_2,27980.440840366893,0.0,8.100593156710936,5.300527424997323,2.178535367550208,311.48667506230754,3.3310133914073856,0.600846086559457,0.0,1.8923821174293451,0.05,0.05,0.8544416407768988,0.0,OTHER_UNCERTAIN,Tier_B_HardNegative,hard_neg_urban_commercial_heat
HARD-NEG-URBAN-064,urban_grid_3,44832.77815605751,0.0,4.847642633982316,3.301488161674863,2.363852526195031,306.77534788215536,7.731660151683692,0.5904880136773099,0.0,1.0046684432952824,0.05,0.05,0.8803741526709622,0.0,OTHER_UNCERTAIN,Tier_B_HardNegative,hard_neg_urban_commercial_heat
HARD-NEG-URBAN-065,urban_grid_4,11577.028636928626,0.0,4.8777820219363885,5.963828972040051,1.45552894453203,318.29823448974435,6.568149725528104,0.6781533458438358,0.0,0.5991450100882317,0.05,0.05,0.9461246942942024,0.0,OTHER_UNCERTAIN,Tier_B_HardNegative,hard_neg_urban_commercial_heat
HARD-NEG-URBAN-066,urban_grid_5,8740.975169255506,0.0,7.028851687554323,6.042178770167603,1.05026119264908,318.43116887226074,1.6505040106557294,0.4771141799296239,1.0,3.77635210248404,0.05,0.05,0.8191570225452852,0.0,OTHER_UNCERTAIN,Tier_B_HardNegative,hard_neg_urban_commercial_heat
HARD-NEG-URBAN-067,urban_grid_6,38564.50231934355,0.0,7.365210657527895,5.665091595780751,0.2410254840465722,311.0625671189066,2.8417879893759,0.5080409222414557,0.0,1.7316088429450178,0.05,0.05,0.8358582998295898,0.0,OTHER_UNCERTAIN,Tier_B_HardNegative,hard_neg_urban_commercial_heat
HARD-NEG-URBAN-068,urban_grid_7,26859.797129812832,0.0,7.689645811746726,2.962132292370319,3.775309374498709,322.466733234477,2.132349479464767,0.6358827870271283,0.0,4.960790074116563,0.05,0.05,0.9277137436617644,0.0,OTHER_UNCERTAIN,Tier_B_HardNegative,hard_neg_urban_commercial_heat
HARD-NEG-URBAN-069,urban_grid_8,15714.889031221424,0.0,8.479464109829372,1.9331083066784995,3.288053863115647,312.6124658695316,7.145820243115487,0.660417007032235,1.0,0.706390246377529,0.05,0.05,0.8317973736353358,0.0,OTHER_UNCERTAIN,Tier_B_HardNegative,hard_neg_urban_commercial_heat
HARD-NEG-URBAN-070,urban_grid_9,38293.195150748,0.0,3.9189598338481137,1.3442310973495577,0.6997854837053212,309.47228868992624,7.70126021526211,0.5719124286792547,1.0,4.112402818171804,0.05,0.05,0.8198787009112773,0.0,OTHER_UNCERTAIN,Tier_B_HardNegative,hard_neg_urban_commercial_heat
HARD-NEG-URBAN-071,urban_grid_0,39894.53584408703,0.0,8.420678928850457,4.268490088559296,2.464386457228812,320.2961960180599,2.223870390822888,0.5507698229390328,0.0,4.126003837077841,0.05,0.05,0.899946032875256,0.0,OTHER_UNCERTAIN,Tier_B_HardNegative,hard_neg_urban_commercial_heat
HARD-NEG-URBAN-072,urban_grid_1,12505.190711635169,0.0,5.086755172860542,4.38847759553453,1.0069502976249824,306.59930788718606,6.437065413301848,0.4366105156373185,1.0,1.559080665426298,0.05,0.05,0.8759212794260366,0.0,OTHER_UNCERTAIN,Tier_B_HardNegative,hard_neg_urban_commercial_heat
HARD-NEG-URBAN-073,urban_grid_2,24261.932479417675,0.0,2.2924851319630792,5.237205782548299,0.9425489117874384,317.3917590979566,5.551407646787074,0.4456074559385944,0.0,2.8222054533944125,0.05,0.05,0.8287673683387791,0.0,OTHER_UNCERTAIN,Tier_B_HardNegative,hard_neg_urban_commercial_heat
HARD-NEG-URBAN-074,urban_grid_3,15834.9479746227,0.0,5.134511902641485,5.951797329366337,2.516041230489592,310.9471009647368,4.0123602425624485,0.4511994275649995,0.0,0.6069246971121445,0.05,0.05,0.8454912721351393,0.0,OTHER_UNCERTAIN,Tier_B_HardNegative,hard_neg_urban_commercial_heat
HARD-NEG-URBAN-075,urban_grid_4,11738.695007393928,0.0,6.69121006270599,1.5924383282193948,2.08674629978418,324.9339370770595,6.697791886542132,0.5845658314693032,1.0,0.8687629783114725,0.05,0.05,0.8983585508842484,0.0,OTHER_UNCERTAIN,Tier_B_HardNegative,hard_neg_urban_commercial_heat
HARD-NEG-URBAN-076,urban_grid_5,39376.587754227854,0.0,6.932381022574959,6.190189892691422,1.6787138734322793,318.08151590743995,3.4796536831134217,0.557651386590592,1.0,4.137689477834371,0.05,0.05,0.9100421570842104,0.0,OTHER_UNCERTAIN,Tier_B_HardNegative,hard_neg_urban_commercial_heat
HARD-NEG-URBAN-077,urban_grid_6,36464.28106472957,0.0,1.5827344832148542,3.821770188532497,1.9772421913777625,305.38384553646114,2.81869246121524,0.6280869469366405,1.0,0.948474240873386,0.05,0.05,0.8928422289511582,0.0,OTHER_UNCERTAIN,Tier_B_HardNegative,hard_neg_urban_commercial_heat
HARD-NEG-URBAN-078,urban_grid_7,19969.51461172453,0.0,7.757275244660756,5.164582477867638,0.875539483323654,306.29233359688175,1.2984324650092292,0.5114225702950422,0.0,2.739797444868465,0.05,0.05,0.8681566001839941,0.0,OTHER_UNCERTAIN,Tier_B_HardNegative,hard_neg_urban_commercial_heat
HARD-NEG-URBAN-079,urban_grid_8,39241.21206136579,0.0,2.2356193558818345,4.275919163237202,0.6851897923065385,311.4935185378012,6.161499541714598,0.5428054388106299,0.0,3.0704065559236806,0.05,0.05,0.9289347847470418,0.0,OTHER_UNCERTAIN,Tier_B_HardNegative,hard_neg_urban_commercial_heat
HARD-NEG-URBAN-080,urban_grid_9,22518.56769655356,0.0,8.671666429867113,2.03881352632201,0.4983831656643985,318.17384292414886,7.599817989892832,0.6426650384908984,1.0,1.2733531102302558,0.05,0.05,0.9261307369138884,0.0,OTHER_UNCERTAIN,Tier_B_HardNegative,hard_neg_urban_commercial_heat
TIER-A-ROUTINE-SYN-001,routine_gencos_0,94.19030130667376,12.0,15.28954903689491,8.440877344992764,1.7999352033325884,325.35286194565447,36.51218699145933,0.5778781832257689,44.29027768743426,16.589513285473195,0.05,0.05,0.85,1.0,IND_ROUTINE,Tier_A_RuleDerived,rule_routine_gencos_thermal
TIER-A-ROUTINE-SYN-002,routine_gencos_1,171.54750189221522,12.0,9.370732855376083,2.621800665123371,0.2672961322448016,332.1627669220823,83.17583769399752,0.5604261116255175,21.848889706932383,6.42685040442658,0.05,0.05,0.85,1.0,IND_ROUTINE,Tier_A_RuleDerived,rule_routine_gencos_thermal
TIER-A-ROUTINE-SYN-003,routine_gencos_2,634.8661828647153,22.0,9.660177518399816,14.890649315313562,4.371299813750949,336.67325396248344,96.65500909090878,0.4709682720513781,41.78851046708016,12.595392524627094,0.05,0.05,0.85,1.0,IND_ROUTINE,Tier_A_RuleDerived,rule_routine_gencos_thermal
TIER-A-ROUTINE-SYN-004,routine_gencos_3,1005.114624865566,22.0,2.8246468959791486,3.0682316771935554,4.358584153318134,321.7952298819807,95.07609996651844,0.5249327137708527,39.82607657743823,8.46824714634666,0.05,0.05,0.85,1.0,IND_ROUTINE,Tier_A_RuleDerived,rule_routine_gencos_thermal
TIER-A-ROUTINE-SYN-005,routine_gencos_4,189.5943808833174,22.0,6.541056148758706,2.900305981716179,4.323236679534087,325.9998717752462,108.74797651616323,0.4644431006889257,23.14018207813376,11.692033318874566,0.05,0.05,0.85,1.0,IND_ROUTINE,Tier_A_RuleDerived,rule_routine_gencos_thermal
TIER-A-ROUTINE-SYN-006,routine_gencos_5,181.05012992146476,12.0,11.52755120221232,11.724951332583917,3.671787067596606,330.09900796862456,25.834340607549603,0.4676535011988997,75.32543662119323,8.695387342126223,0.05,0.05,0.85,1.0,IND_ROUTINE,Tier_A_RuleDerived,rule_routine_gencos_thermal
TIER-A-ROUTINE-SYN-007,routine_gencos_6,477.9920774131403,33.0,11.026425077101418,7.052486382188011,0.8202087264473266,321.29720007282447,112.25829354764632,0.5351964551172711,47.24310951419263,6.152578679842723,0.05,0.05,0.85,1.0,IND_ROUTINE,Tier_A_RuleDerived,rule_routine_gencos_thermal
TIER-A-ROUTINE-SYN-008,routine_gencos_7,1191.277710562891,22.0,15.147177554013568,13.197809952724668,3.824663090237224,336.13531027370976,39.242030178723056,0.5510083857492556,44.9350673228191,16.10398263468074,0.05,0.05,0.85,1.0,IND_ROUTINE,Tier_A_RuleDerived,rule_routine_gencos_thermal
TIER-A-ROUTINE-SYN-009,routine_gencos_8,887.7642787358552,33.0,5.299216271717164,2.70015669097434,1.5082632630923274,332.32330872600824,41.08778021661871,0.507911244099101,62.31656648749831,7.295324575757572,0.05,0.05,0.85,1.0,IND_ROUTINE,Tier_A_RuleDerived,rule_routine_gencos_thermal
TIER-A-ROUTINE-SYN-010,routine_gencos_9,838.0927185332544,33.0,17.459511002968448,8.349123690844214,0.7629748739234605,322.8748236287716,56.64897652388824,0.5516370022153074,63.32254609497961,13.343286064047971,0.05,0.05,0.85,1.0,IND_ROUTINE,Tier_A_RuleDerived,rule_routine_gencos_thermal
TIER-A-ROUTINE-SYN-011,routine_gencos_10,171.8203194422669,33.0,13.177722181776408,13.3531979061905,2.899681957508692,332.5057953519926,29.287736575093884,0.492311494883958,15.606555288761063,8.960146374259477,0.05,0.05,0.85,1.0,IND_ROUTINE,Tier_A_RuleDerived,rule_routine_gencos_thermal
TIER-A-ROUTINE-SYN-012,routine_gencos_11,885.4309723799555,12.0,6.807482507357451,4.521400274481073,3.971192538144531,330.1238871938945,45.58032444081585,0.5484696101145018,67.98269499122392,13.379738884093587,0.05,0.05,0.85,1.0,IND_ROUTINE,Tier_A_RuleDerived,rule_routine_gencos_thermal
TIER-A-ROUTINE-SYN-013,routine_gencos_12,841.0667263619024,12.0,10.849782843817106,8.81406921944011,3.8314102809753967,334.3191715464902,101.92949068948067,0.4022063228524932,63.72045649047774,15.10411668133206,0.05,0.05,0.85,1.0,IND_ROUTINE,Tier_A_RuleDerived,rule_routine_gencos_thermal
TIER-A-ROUTINE-SYN-014,routine_gencos_13,830.1356462834132,33.0,15.550540758198986,8.114147703323214,2.309020939349168,317.868423308962,53.62059536911507,0.5286730359823568,65.72598544957285,8.606509172294526,0.05,0.05,0.85,1.0,IND_ROUTINE,Tier_A_RuleDerived,rule_routine_gencos_thermal
TIER-A-ROUTINE-SYN-015,routine_gencos_14,208.49633403312072,22.0,8.895638533153669,11.04303590445849,0.1141603598588262,329.2505547615763,50.3932451276666,0.5588394662554168,21.04439158850359,13.058427203380688,0.05,0.05,0.85,1.0,IND_ROUTINE,Tier_A_RuleDerived,rule_routine_gencos_thermal
TIER-A-ROUTINE-SYN-016,routine_gencos_15,603.1188233690423,22.0,13.712773866990435,3.3537856529637367,1.091930524040253,331.16769914250955,17.702827730601033,0.4973195324487506,53.9589827680907,13.225747728629774,0.05,0.05,0.85,1.0,IND_ROUTINE,Tier_A_RuleDerived,rule_routine_gencos_thermal
TIER-A-ROUTINE-SYN-017,routine_gencos_16,76.37273295824833,33.0,10.22296307508353,3.0017576287463053,0.3576240886735085,322.6874813300094,96.7688735280385,0.5415361869481832,66.25997270370641,12.207228677299312,0.05,0.05,0.85,1.0,IND_ROUTINE,Tier_A_RuleDerived,rule_routine_gencos_thermal
TIER-A-ROUTINE-SYN-018,routine_gencos_17,556.2288476488142,22.0,7.586987680944329,7.642251760260378,0.4898418905903159,320.07407491235784,76.60833175888379,0.5471326228478379,79.89258824054173,17.19735997612269,0.05,0.05,0.85,1.0,IND_ROUTINE,Tier_A_RuleDerived,rule_routine_gencos_thermal
TIER-A-ROUTINE-SYN-019,routine_gencos_18,788.9499794654703,12.0,12.38207559928856,8.450162993471853,0.884310854380423,330.77595923414685,119.0416546367008,0.5494439175484075,63.09911513456477,17.4037530351671,0.05,0.05,0.85,1.0,IND_ROUTINE,Tier_A_RuleDerived,rule_routine_gencos_thermal
TIER-A-ROUTINE-SYN-020,routine_gencos_19,283.3768227111375,12.0,17.684524083025195,4.148823442612269,3.1811086215558926,328.4736333573537,75.33974195638035,0.539534125504015,75.42509998691946,15.390983278216057,0.05,0.05,0.85,1.0,IND_ROUTINE,Tier_A_RuleDerived,rule_routine_gencos_thermal
TIER-A-ROUTINE-SYN-021,routine_gencos_0,114.55651892864152,33.0,9.159680597453494,13.345493256299823,3.8045076938839584,319.2803326104644,98.68547745793671,0.4916373773475785,46.39297668554809,7.601759668991326,0.05,0.05,0.85,1.0,IND_ROUTINE,Tier_A_RuleDerived,rule_routine_gencos_thermal
TIER-A-ROUTINE-SYN-022,routine_gencos_1,142.69174082069335,33.0,16.510656619035807,13.82207249610915,3.5329374790924506,315.16167168771324,18.186267116383323,0.4450447404536979,23.53771152941893,10.786032356444752,0.05,0.05,0.85,1.0,IND_ROUTINE,Tier_A_RuleDerived,rule_routine_gencos_thermal
TIER-A-ROUTINE-SYN-023,routine_gencos_2,1111.016516800958,12.0,17.3275266267936,2.896454212633476,0.351040773065519,321.4903027179436,40.26421384347785,0.4493957598144,73.90654773386738,8.994554398194072,0.05,0.05,0.85,1.0,IND_ROUTINE,Tier_A_RuleDerived,rule_routine_gencos_thermal
TIER-A-ROUTINE-SYN-024,routine_gencos_3,362.74218504792566,22.0,9.147746622346098,12.982262671718278,1.279811688420259,318.5967815012793,104.13367932759424,0.4093001172880131,55.28046361296202,12.74391416960168,0.05,0.05,0.85,1.0,IND_ROUTINE,Tier_A_RuleDerived,rule_routine_gencos_thermal
TIER-A-ROUTINE-SYN-025,routine_gencos_4,447.8085146269484,22.0,8.871981840310951,6.515463241364955,4.059266721023999,315.50193812583626,83.68928610696362,0.5926788868427101,51.410931925019725,17.2418695443971,0.05,0.05,0.85,1.0,IND_ROUTINE,Tier_A_RuleDerived,rule_routine_gencos_thermal
TIER-A-ROUTINE-SYN-026,routine_gencos_5,110.09656117892732,22.0,13.827724957201312,14.756862176464209,1.2287322747546905,330.0460158339037,33.39454433805193,0.513066050914322,45.15561163474185,17.664063955578445,0.05,0.05,0.85,1.0,IND_ROUTINE,Tier_A_RuleDerived,rule_routine_gencos_thermal
TIER-A-ROUTINE-SYN-027,routine_gencos_6,749.8063636009365,12.0,5.336739385638271,2.286457083867554,3.268035374517698,324.61376847902113,21.594746469456958,0.5367508211154085,50.43185933694548,17.766201864013272,0.05,0.05,0.85,1.0,IND_ROUTINE,Tier_A_RuleDerived,rule_routine_gencos_thermal
TIER-A-ROUTINE-SYN-028,routine_gencos_7,311.5209202405858,22.0,10.909459952629057,12.292099849893573,2.5148900895682584,329.09670369982484,36.4238815717136,0.569383745617712,42.86098555308092,7.691515530261231,0.05,0.05,0.85,1.0,IND_ROUTINE,Tier_A_RuleDerived,rule_routine_gencos_thermal
TIER-A-ROUTINE-SYN-029,routine_gencos_8,813.81610168123,12.0,12.86984622860118,8.009842293007893,1.9117683829718377,329.972389744472,70.9066418959458,0.4124546211763771,48.31267217007156,15.676843406794074,0.05,0.05,0.85,1.0,IND_ROUTINE,Tier_A_RuleDerived,rule_routine_gencos_thermal
TIER-A-ROUTINE-SYN-030,routine_gencos_9,578.1258592365018,33.0,14.687312090452512,4.617729167767667,1.2379316735073709,318.78824612894283,47.66322700612174,0.551350301137727,48.76008086775592,8.45857528980855,0.05,0.05,0.85,1.0,IND_ROUTINE,Tier_A_RuleDerived,rule_routine_gencos_thermal
TIER-A-ROUTINE-SYN-031,routine_gencos_10,1059.504589874847,22.0,5.005107074931008,5.321413480522861,4.265206998478272,327.884191942623,93.07878675592949,0.511596147756528,50.91338496087714,7.129822921508374,0.05,0.05,0.85,1.0,IND_ROUTINE,Tier_A_RuleDerived,rule_routine_gencos_thermal
TIER-A-ROUTINE-SYN-032,routine_gencos_11,445.2126715004685,12.0,8.556289667011004,12.378474446916268,1.7365037388342055,325.3890268423287,54.91719017241418,0.4186815943950591,43.66969028630094,8.34731127653418,0.05,0.05,0.85,1.0,IND_ROUTINE,Tier_A_RuleDerived,rule_routine_gencos_thermal
TIER-A-ROUTINE-SYN-033,routine_gencos_12,264.73179013899767,12.0,11.452697171157942,10.24957142815395,3.610822302309934,324.1073208712365,110.82972738796067,0.506605773449228,25.267063484297623,14.350789418025627,0.05,0.05,0.85,1.0,IND_ROUTINE,Tier_A_RuleDerived,rule_routine_gencos_thermal
TIER-A-ROUTINE-SYN-034,routine_gencos_13,962.2505530039924,33.0,12.008833648907231,6.720309576242135,4.047619900244324,318.8836467535868,66.76151921746764,0.5196225258738036,17.16993411611478,10.364317497073683,0.05,0.05,0.85,1.0,IND_ROUTINE,Tier_A_RuleDerived,rule_routine_gencos_thermal
TIER-A-ROUTINE-SYN-035,routine_gencos_14,892.5305199059577,33.0,7.354010919667877,12.381712540975766,4.358125859254911,334.7081005297272,24.70555072120712,0.5479460664171081,35.77834410863541,17.86099187294492,0.05,0.05,0.85,1.0,IND_ROUTINE,Tier_A_RuleDerived,rule_routine_gencos_thermal
TIER-A-ROUTINE-SYN-036,routine_gencos_15,608.1628306338702,12.0,12.85275998145622,10.25072655230124,0.830201539301454,335.2843384410068,58.16888629542643,0.4324466811564958,15.819488798424338,12.717068203660592,0.05,0.05,0.85,1.0,IND_ROUTINE,Tier_A_RuleDerived,rule_routine_gencos_thermal
TIER-A-ROUTINE-SYN-037,routine_gencos_16,656.5095654410778,12.0,15.255855916433037,4.7267883198878575,1.767719355364029,337.38951996945195,48.37877420099915,0.4592979562566631,74.68351997548038,7.328981343827497,0.05,0.05,0.85,1.0,IND_ROUTINE,Tier_A_RuleDerived,rule_routine_gencos_thermal
TIER-A-ROUTINE-SYN-038,routine_gencos_17,923.5197716318264,12.0,9.803102433458626,12.681279670236131,2.1207668675621414,323.22936010248515,65.37494430303238,0.5656498504874437,36.78852307910672,8.085139117628925,0.05,0.05,0.85,1.0,IND_ROUTINE,Tier_A_RuleDerived,rule_routine_gencos_thermal
TIER-A-ROUTINE-SYN-039,routine_gencos_18,868.8161233803979,22.0,4.059880917114766,5.118363465827281,0.7246767549483731,323.0026524663898,60.63790572178456,0.5497652673926613,57.32459301730882,13.451142809741174,0.05,0.05,0.85,1.0,IND_ROUTINE,Tier_A_RuleDerived,rule_routine_gencos_thermal
TIER-A-ROUTINE-SYN-040,routine_gencos_19,455.2311886011026,12.0,14.996036155558755,12.968585243287416,1.217489448116909,315.71565879809924,91.8438313977955,0.4212687452511549,35.469773259842896,6.045805609492166,0.05,0.05,0.85,1.0,IND_ROUTINE,Tier_A_RuleDerived,rule_routine_gencos_thermal
TIER-A-ROUTINE-SYN-041,routine_gencos_0,833.9199047618631,22.0,15.763927513039688,4.9533342413056936,3.7829809510689367,321.42335003445146,81.43124628634042,0.5388301147019662,48.32255895442844,9.663728120360776,0.05,0.05,0.85,1.0,IND_ROUTINE,Tier_A_RuleDerived,rule_routine_gencos_thermal
TIER-A-ROUTINE-SYN-042,routine_gencos_1,294.54103282676056,33.0,14.328907014512785,7.307982455872864,3.4406944254677088,335.7829804199763,37.13841988693919,0.5614792060679903,18.84110285508646,16.786168658162968,0.05,0.05,0.85,1.0,IND_ROUTINE,Tier_A_RuleDerived,rule_routine_gencos_thermal
TIER-A-ROUTINE-SYN-043,routine_gencos_2,798.3838296925595,22.0,12.896350834540428,9.28572820274572,0.5883536645393168,325.2822775075478,61.71869328980804,0.572912721904534,50.53213431220625,10.564806587644917,0.05,0.05,0.85,1.0,IND_ROUTINE,Tier_A_RuleDerived,rule_routine_gencos_thermal
TIER-A-ROUTINE-SYN-044,routine_gencos_3,1173.3203777872582,22.0,9.925585978101942,2.234001156287795,1.9543537829486888,315.6250253700894,116.3542883563342,0.4254907918845738,60.99974121149022,17.67331587470503,0.05,0.05,0.85,1.0,IND_ROUTINE,Tier_A_RuleDerived,rule_routine_gencos_thermal
TIER-A-ROUTINE-SYN-045,routine_gencos_4,999.9449094165576,33.0,14.9760550410423,2.2340852228059083,4.3363655711257145,331.71343281761744,44.9131183017024,0.5658789329717694,33.298877896970446,16.473046074793537,0.05,0.05,0.85,1.0,IND_ROUTINE,Tier_A_RuleDerived,rule_routine_gencos_thermal
TIER-A-ROUTINE-SYN-046,routine_gencos_5,179.46744897372756,22.0,4.363832010930972,2.8884321619193853,1.2585894485140805,316.0608419797219,73.25444423129363,0.4567656894047041,68.59476252565709,6.890890475860637,0.05,0.05,0.85,1.0,IND_ROUTINE,Tier_A_RuleDerived,rule_routine_gencos_thermal
TIER-A-ROUTINE-SYN-047,routine_gencos_6,310.30421849270886,22.0,14.019494580339853,2.625856867718595,4.072737978844744,334.60206911099715,84.1229057884519,0.5186443140214768,72.99966237907739,8.223962154344573,0.05,0.05,0.85,1.0,IND_ROUTINE,Tier_A_RuleDerived,rule_routine_gencos_thermal
TIER-A-ROUTINE-SYN-048,routine_gencos_7,140.8145365194529,12.0,15.49135884505483,5.708774398645113,1.9884034109439703,321.1588635362317,97.229371431583,0.5146698691270436,57.82362955910458,9.02768699807288,0.05,0.05,0.85,1.0,IND_ROUTINE,Tier_A_RuleDerived,rule_routine_gencos_thermal
TIER-A-ROUTINE-SYN-049,routine_gencos_8,303.2590965839124,12.0,13.932269110938815,8.828116847762082,0.2436409812009418,334.9766846453666,18.98618449963421,0.5911648967441504,16.63422728802273,14.333405473568504,0.05,0.05,0.85,1.0,IND_ROUTINE,Tier_A_RuleDerived,rule_routine_gencos_thermal
TIER-A-ROUTINE-SYN-050,routine_gencos_9,144.5381232685489,22.0,9.236237393310033,12.060435524492032,2.7484630964665797,335.5280356689615,59.88504155295227,0.5214179157437508,56.034990950979264,13.100365947675906,0.05,0.05,0.85,1.0,IND_ROUTINE,Tier_A_RuleDerived,rule_routine_gencos_thermal
TIER-A-ROUTINE-SYN-051,routine_gencos_10,858.0288390483438,33.0,10.441638551959755,3.35492243650852,1.7918498416371755,326.2163425782891,82.44022003091102,0.5901062105172407,54.042319325643135,14.923126994118718,0.05,0.05,0.85,1.0,IND_ROUTINE,Tier_A_RuleDerived,rule_routine_gencos_thermal
TIER-A-ROUTINE-SYN-052,routine_gencos_11,632.2059684194832,33.0,8.80806459933109,13.589240203105588,0.1128525435339928,315.9146171947371,77.23974112369167,0.5814760329425694,30.5256829261253,11.635701296168508,0.05,0.05,0.85,1.0,IND_ROUTINE,Tier_A_RuleDerived,rule_routine_gencos_thermal
TIER-A-ROUTINE-SYN-053,routine_gencos_12,568.035096906491,12.0,9.971636400737278,4.549270265599108,2.7874323127333804,321.4557139568674,34.35519847135009,0.5033145256891958,15.357876945427352,6.091968391790704,0.05,0.05,0.85,1.0,IND_ROUTINE,Tier_A_RuleDerived,rule_routine_gencos_thermal
TIER-A-ROUTINE-SYN-054,routine_gencos_13,301.9291304671365,33.0,15.580831495481725,5.70380427990249,2.136548602069743,325.086385236361,35.599062110246074,0.4793593694172633,17.885205191105538,9.333864873380811,0.05,0.05,0.85,1.0,IND_ROUTINE,Tier_A_RuleDerived,rule_routine_gencos_thermal
TIER-A-ROUTINE-SYN-055,routine_gencos_14,989.1845017683258,12.0,12.06453099982592,3.4798991151958183,1.6189818283274453,326.6704745905096,106.41603266599898,0.4987093160680237,60.646819792058174,17.913802067988843,0.05,0.05,0.85,1.0,IND_ROUTINE,Tier_A_RuleDerived,rule_routine_gencos_thermal
TIER-A-ROUTINE-SYN-056,routine_gencos_15,201.2124878826789,22.0,5.0606610597366775,7.068340588240074,3.3113853589333053,335.2919467901815,84.46184451219085,0.4516346508382338,58.84951043955405,9.56073169324908,0.05,0.05,0.85,1.0,IND_ROUTINE,Tier_A_RuleDerived,rule_routine_gencos_thermal
TIER-A-ROUTINE-SYN-057,routine_gencos_16,876.1936142915455,22.0,13.681598492147469,13.21744653786136,0.109256909973887,331.50415886882666,101.59545614144704,0.4081117475089363,71.653852273735,9.08033073972055,0.05,0.05,0.85,1.0,IND_ROUTINE,Tier_A_RuleDerived,rule_routine_gencos_thermal
TIER-A-ROUTINE-SYN-058,routine_gencos_17,815.0859172747635,12.0,9.571665888810902,6.797689282891915,0.6325100021348494,324.635799174312,93.12722916330917,0.4142015329066511,20.211700915323725,10.25725550203181,0.05,0.05,0.85,1.0,IND_ROUTINE,Tier_A_RuleDerived,rule_routine_gencos_thermal
TIER-A-ROUTINE-SYN-059,routine_gencos_18,1132.984568361764,33.0,12.514490712578477,10.403851171619891,4.007371883184518,328.76992525333924,66.23258987589458,0.4277742652793034,22.52294443411585,7.851858783396953,0.05,0.05,0.85,1.0,IND_ROUTINE,Tier_A_RuleDerived,rule_routine_gencos_thermal
TIER-A-ROUTINE-SYN-060,routine_gencos_19,247.6257535261587,22.0,4.368655454257199,13.731892994715942,0.3923529151654095,327.2812518685986,27.35080936969343,0.4023413221461808,42.432226908296535,9.540488491849874,0.05,0.05,0.85,1.0,IND_ROUTINE,Tier_A_RuleDerived,rule_routine_gencos_thermal
TIER-A-ROUTINE-SYN-061,routine_gencos_0,608.9005678672435,12.0,8.69021560011771,13.831750278167744,3.6552995715888335,319.96918139526883,62.39364074729932,0.5633446405117088,19.379996061058964,10.64871102802391,0.05,0.05,0.85,1.0,IND_ROUTINE,Tier_A_RuleDerived,rule_routine_gencos_thermal
TIER-A-ROUTINE-SYN-062,routine_gencos_1,1029.6174224050396,33.0,3.7030269933373336,9.052946790919268,3.8916669776405,328.57656748792266,36.43814368713704,0.4768479240274763,44.2580184768256,12.951196245846322,0.05,0.05,0.85,1.0,IND_ROUTINE,Tier_A_RuleDerived,rule_routine_gencos_thermal
TIER-A-ROUTINE-SYN-063,routine_gencos_2,923.253679615505,33.0,7.442435683977652,9.56858370572348,1.7331586631255615,328.82470583640537,88.20327316553306,0.5376810036984274,39.34593765630789,8.002322420385035,0.05,0.05,0.85,1.0,IND_ROUTINE,Tier_A_RuleDerived,rule_routine_gencos_thermal
TIER-A-ROUTINE-SYN-064,routine_gencos_3,545.1087392315387,12.0,16.29650404534903,6.496406989592146,0.7796228877826247,315.5852984778323,81.7488177189403,0.5273804634909487,37.13927082778396,6.860542666171812,0.05,0.05,0.85,1.0,IND_ROUTINE,Tier_A_RuleDerived,rule_routine_gencos_thermal
TIER-A-ROUTINE-SYN-065,routine_gencos_4,521.0732291295169,12.0,4.069528676534963,13.012813366019206,2.436775517495069,334.35963732012755,74.66392402878317,0.511937688967588,21.84184703780581,8.008316797663536,0.05,0.05,0.85,1.0,IND_ROUTINE,Tier_A_RuleDerived,rule_routine_gencos_thermal
TIER-A-ROUTINE-SYN-066,routine_gencos_5,1167.8290449710798,22.0,2.926819157976715,8.570916532835849,4.34167659131789,323.8367543986734,16.21156935809045,0.4061911581838687,40.21913939654652,7.920299237558328,0.05,0.05,0.85,1.0,IND_ROUTINE,Tier_A_RuleDerived,rule_routine_gencos_thermal
TIER-A-ROUTINE-SYN-067,routine_gencos_6,76.8549107774138,33.0,4.77945868378212,8.342065563501283,0.6722102430490102,334.21604543679354,52.0028745177331,0.4749607135563592,45.810417851405134,11.32953255798902,0.05,0.05,0.85,1.0,IND_ROUTINE,Tier_A_RuleDerived,rule_routine_gencos_thermal
TIER-A-ROUTINE-SYN-068,routine_gencos_7,1194.0866690182197,12.0,17.752204029762197,5.749270691643694,4.3289961357934095,323.95808358275565,53.63528571158761,0.4680774208509011,50.19149447759304,7.849740518141845,0.05,0.05,0.85,1.0,IND_ROUTINE,Tier_A_RuleDerived,rule_routine_gencos_thermal
TIER-A-ROUTINE-SYN-069,routine_gencos_8,686.7682081617129,22.0,5.109222816746518,5.2097965466786125,3.789616545572444,323.1922698837047,101.29601717001326,0.5418027448574063,26.51611014267126,12.089356393436905,0.05,0.05,0.85,1.0,IND_ROUTINE,Tier_A_RuleDerived,rule_routine_gencos_thermal
TIER-A-ROUTINE-SYN-070,routine_gencos_9,828.9954197465244,12.0,17.479469480929314,9.25021474125057,1.6280189717342337,328.350754822855,27.033243745335117,0.4888087498404406,55.70523089236915,11.866773981509416,0.05,0.05,0.85,1.0,IND_ROUTINE,Tier_A_RuleDerived,rule_routine_gencos_thermal
TIER-A-ROUTINE-SYN-071,routine_gencos_10,512.0456207524728,12.0,13.885957808381905,5.906362012805621,1.533621717283579,333.22799201514715,61.83611528382976,0.5461636057423618,24.618969578779257,16.230693382818643,0.05,0.05,0.85,1.0,IND_ROUTINE,Tier_A_RuleDerived,rule_routine_gencos_thermal
TIER-A-ROUTINE-SYN-072,routine_gencos_11,867.517424184667,22.0,6.030120909599749,14.53237501315168,4.101600288123865,331.6092944154858,69.60575590665916,0.573993831929537,23.49240234852509,15.48611753129862,0.05,0.05,0.85,1.0,IND_ROUTINE,Tier_A_RuleDerived,rule_routine_gencos_thermal
TIER-A-ROUTINE-SYN-073,routine_gencos_12,193.54393606187557,12.0,13.051716340887529,8.068167004005442,0.25162954147,337.3009777175062,114.50411145365958,0.5025804832294395,21.088707345884163,15.055454659183102,0.05,0.05,0.85,1.0,IND_ROUTINE,Tier_A_RuleDerived,rule_routine_gencos_thermal
TIER-A-ROUTINE-SYN-074,routine_gencos_13,615.7207651215884,33.0,8.317613572753828,5.715186221836312,0.994181600778784,332.52135840168705,53.74637473688701,0.5022550924401502,47.00115620007683,12.927348350797574,0.05,0.05,0.85,1.0,IND_ROUTINE,Tier_A_RuleDerived,rule_routine_gencos_thermal
TIER-A-ROUTINE-SYN-075,routine_gencos_14,1045.413717468235,22.0,9.567678774279022,7.764925872964754,2.7493147355610303,328.6023554667172,99.11164897123793,0.4952966767556585,79.74799172656367,6.71365882640737,0.05,0.05,0.85,1.0,IND_ROUTINE,Tier_A_RuleDerived,rule_routine_gencos_thermal
TIER-A-ROUTINE-SYN-076,routine_gencos_15,53.643025867807,12.0,15.628017240209438,13.610172667540397,0.3748134119239144,335.3196895486794,60.4184579798976,0.5020864978008465,55.72851322105866,17.116591280761043,0.05,0.05,0.85,1.0,IND_ROUTINE,Tier_A_RuleDerived,rule_routine_gencos_thermal
TIER-A-ROUTINE-SYN-077,routine_gencos_16,71.98350859422864,22.0,13.15969165767369,11.39519045007697,3.147142698763276,318.0920079763868,44.334723544141575,0.4717431050834026,67.28841849916782,9.345118468974636,0.05,0.05,0.85,1.0,IND_ROUTINE,Tier_A_RuleDerived,rule_routine_gencos_thermal
TIER-A-ROUTINE-SYN-078,routine_gencos_17,292.3107084472837,12.0,14.79760722173289,14.877098426011734,0.9828644765765496,337.87691875588,21.699712662539596,0.4004635095809628,17.87052585155903,10.10138885684114,0.05,0.05,0.85,1.0,IND_ROUTINE,Tier_A_RuleDerived,rule_routine_gencos_thermal
TIER-A-ROUTINE-SYN-079,routine_gencos_18,777.8422802801992,33.0,4.714179453162998,11.794562989340598,3.4832602412736207,330.14643186041127,94.7405207419233,0.5691842879355464,54.8842674254348,7.063256567636149,0.05,0.05,0.85,1.0,IND_ROUTINE,Tier_A_RuleDerived,rule_routine_gencos_thermal
TIER-A-ROUTINE-SYN-080,routine_gencos_19,610.7719811172925,22.0,6.845184142268574,10.936282733771089,0.2077931723776703,322.04115884023065,71.30607631793464,0.5264179659012485,52.50764319002421,14.373075312881154,0.05,0.05,0.85,1.0,IND_ROUTINE,Tier_A_RuleDerived,rule_routine_gencos_thermal
TIER-A-ROUTINE-SYN-081,routine_gencos_0,57.00206047581493,33.0,10.59993728971955,5.894353813400361,0.4381931312151195,326.5143581656196,97.80767880500086,0.5414172954533396,18.26469074515829,6.874822024414842,0.05,0.05,0.85,1.0,IND_ROUTINE,Tier_A_RuleDerived,rule_routine_gencos_thermal
TIER-A-ROUTINE-SYN-082,routine_gencos_1,513.3042750275326,33.0,5.772243303075111,13.224209969141024,1.8657465065667336,321.72784709462707,28.45159566216983,0.4532336025031075,16.431749879548104,12.999089909473389,0.05,0.05,0.85,1.0,IND_ROUTINE,Tier_A_RuleDerived,rule_routine_gencos_thermal
TIER-A-ROUTINE-SYN-083,routine_gencos_2,1018.56535829554,12.0,12.42737865372558,14.726754497272516,2.7553696225908664,323.2297239346116,81.96428416697707,0.4245841356930775,72.76284021725091,12.037007409358036,0.05,0.05,0.85,1.0,IND_ROUTINE,Tier_A_RuleDerived,rule_routine_gencos_thermal
TIER-A-ROUTINE-SYN-084,routine_gencos_3,566.7522033455883,22.0,15.232195870460195,9.210545524456244,2.9031996831559823,327.1044045877787,62.02265340914491,0.4469306883551698,34.707613864968,9.479641427323308,0.05,0.05,0.85,1.0,IND_ROUTINE,Tier_A_RuleDerived,rule_routine_gencos_thermal
TIER-A-ROUTINE-SYN-085,routine_gencos_4,697.782270596887,12.0,16.710271205886194,11.368516888680473,1.8663607760180525,318.6483553241067,107.25515432993669,0.564755618020233,61.91190092661665,9.258564568934908,0.05,0.05,0.85,1.0,IND_ROUTINE,Tier_A_RuleDerived,rule_routine_gencos_thermal
TIER-A-ROUTINE-SYN-086,routine_gencos_5,512.8136330487193,12.0,2.502087741569522,8.644678810083988,0.3061483975214538,321.35189982988067,88.35346064521735,0.4125379243243732,69.55700200314016,6.045839071902997,0.05,0.05,0.85,1.0,IND_ROUTINE,Tier_A_RuleDerived,rule_routine_gencos_thermal
TIER-A-ROUTINE-SYN-087,routine_gencos_6,333.8474495821876,12.0,3.7820896536274793,14.101535836790507,3.737544503696481,317.98838826432115,73.0183106289274,0.5733095963498174,52.167595634465,16.886397858727467,0.05,0.05,0.85,1.0,IND_ROUTINE,Tier_A_RuleDerived,rule_routine_gencos_thermal
TIER-A-ROUTINE-SYN-088,routine_gencos_7,1134.4313893384488,33.0,16.604118729743078,6.905134701521507,4.341945032556476,317.0536590640881,86.19808078235022,0.4987628080913857,40.19717235461706,13.59254254498321,0.05,0.05,0.85,1.0,IND_ROUTINE,Tier_A_RuleDerived,rule_routine_gencos_thermal
TIER-A-ROUTINE-SYN-089,routine_gencos_8,859.4356553794809,22.0,4.656295657811857,5.305007988733043,3.9522493968315113,319.2045664431087,42.07145609104693,0.4259201302390884,58.94703504193672,17.327787664358517,0.05,0.05,0.85,1.0,IND_ROUTINE,Tier_A_RuleDerived,rule_routine_gencos_thermal
TIER-A-ROUTINE-SYN-090,routine_gencos_9,359.31323633469384,33.0,12.332265965523666,14.9930612268032,0.5611554859893173,326.4671283886313,53.59297294947001,0.573164033044471,45.93790251575764,7.331730295021777,0.05,0.05,0.85,1.0,IND_ROUTINE,Tier_A_RuleDerived,rule_routine_gencos_thermal
TIER-A-ROUTINE-SYN-091,routine_gencos_10,779.5877670795712,33.0,8.232105467801237,2.6806152624371413,3.4772975654788407,324.5796019337892,100.79542777617372,0.5700696002239791,28.779613555412773,13.888241786041544,0.05,0.05,0.85,1.0,IND_ROUTINE,Tier_A_RuleDerived,rule_routine_gencos_thermal
TIER-A-ROUTINE-SYN-092,routine_gencos_11,593.124074787429,22.0,5.843980527235039,10.811571604030576,2.7741093379119794,321.79193398415214,26.75289759432664,0.5303279520954554,63.008834778601496,9.7875281251602,0.05,0.05,0.85,1.0,IND_ROUTINE,Tier_A_RuleDerived,rule_routine_gencos_thermal
TIER-A-ROUTINE-SYN-093,routine_gencos_12,791.5574946256609,12.0,13.074005149712464,8.086003836913395,2.648371123648778,316.96285073913947,16.644750801629463,0.5333733321101843,68.51511293834666,15.384184019195608,0.05,0.05,0.85,1.0,IND_ROUTINE,Tier_A_RuleDerived,rule_routine_gencos_thermal
TIER-A-ROUTINE-SYN-094,routine_gencos_13,675.376587046173,33.0,15.449943499004013,2.1910140525144,1.7680138141565194,322.75894757568915,14.087384139100912,0.424873679800102,41.88677386971129,11.91437501336936,0.05,0.05,0.85,1.0,IND_ROUTINE,Tier_A_RuleDerived,rule_routine_gencos_thermal
TIER-A-ROUTINE-SYN-095,routine_gencos_14,514.9332093430994,12.0,16.54402122813866,5.466777556605709,3.2893685969860758,335.185881451968,16.498936385329703,0.4795295159184072,64.55008708142601,11.459026674091046,0.05,0.05,0.85,1.0,IND_ROUTINE,Tier_A_RuleDerived,rule_routine_gencos_thermal
TIER-A-ROUTINE-SYN-096,routine_gencos_15,357.34052426263463,12.0,10.580088738639152,14.688179702629776,0.6524209449556749,315.38979629246035,95.17708686976636,0.5614311074729765,22.813469892837457,9.186993995503272,0.05,0.05,0.85,1.0,IND_ROUTINE,Tier_A_RuleDerived,rule_routine_gencos_thermal
TIER-A-ROUTINE-SYN-097,routine_gencos_16,70.18521787162325,12.0,7.797957435128829,11.607345251243462,1.082358896222864,329.7627790536732,73.63015937914096,0.5136185024675735,58.09547749921544,12.580584434347848,0.05,0.05,0.85,1.0,IND_ROUTINE,Tier_A_RuleDerived,rule_routine_gencos_thermal
TIER-A-ROUTINE-SYN-098,routine_gencos_17,1061.1433820733423,33.0,2.8657219520057016,13.681287860772912,3.546073018513954,332.94865084213257,61.46354197238572,0.4796010585909006,34.68952237415752,6.788338307452389,0.05,0.05,0.85,1.0,IND_ROUTINE,Tier_A_RuleDerived,rule_routine_gencos_thermal
TIER-A-ROUTINE-SYN-099,routine_gencos_18,312.47066801775395,22.0,11.851022988581615,8.154211459433863,0.3627525514719131,330.4477724755587,74.87854605496896,0.5980417787175243,30.5453205558458,12.36884826344203,0.05,0.05,0.85,1.0,IND_ROUTINE,Tier_A_RuleDerived,rule_routine_gencos_thermal
TIER-A-ROUTINE-SYN-100,routine_gencos_19,798.6009353857835,33.0,17.422909428924694,2.98286552801776,1.708995292350034,320.1837691641556,33.14997308650116,0.4281605897785352,55.45688670178978,15.37586226896766,0.05,0.05,0.85,1.0,IND_ROUTINE,Tier_A_RuleDerived,rule_routine_gencos_thermal
TIER-C-FIRE-001,verified_fire_fac_0,396.9790396522164,56.0,474.1290636327833,241.270991610509,875.1367711315495,378.1940511890241,49.140410547211154,0.6239440749442344,28.68488123966117,38.49360564068094,0.05,0.05,0.85,1.0,IND_FIRE,Tier_C_HandVerified,verified_major_plant_fire
TIER-C-FIRE-002,verified_fire_fac_1,484.98870195443146,12.0,444.8451639667247,282.7759105615313,199.76258093176224,377.3651522139485,8.501861809402676,0.5523687160916653,16.19183563526046,30.37099403609102,0.05,0.05,0.85,1.0,IND_FIRE,Tier_C_HandVerified,verified_major_plant_fire
TIER-C-FIRE-003,verified_fire_fac_2,624.7604726340622,56.0,403.5482579276402,201.4815859134407,909.2569570518752,418.1155101493892,47.73814977393332,0.6714641148059531,24.02135861286239,46.87438563900505,0.05,0.05,0.85,1.0,IND_FIRE,Tier_C_HandVerified,verified_major_plant_fire
TIER-C-FIRE-004,verified_fire_fac_3,158.18476125366686,56.0,174.04798164576164,158.12244935863586,506.4333109935127,380.4592732703964,11.19865783421944,0.6374598656207294,29.529813229102896,56.72571495986958,0.05,0.05,0.85,1.0,IND_FIRE,Tier_C_HandVerified,verified_major_plant_fire
TIER-C-FIRE-005,verified_fire_fac_4,562.2709530228002,34.0,194.8458604739325,266.4038887532716,548.5888003994183,390.33370349992913,68.99328135544954,0.5090158866928213,10.47793698674846,43.35853917509195,0.05,0.05,0.85,1.0,IND_FIRE,Tier_C_HandVerified,verified_major_plant_fire
TIER-C-FIRE-006,verified_fire_fac_5,601.6324427436036,56.0,183.3860998486448,263.1389508619666,934.9422694098356,379.5053824891864,58.72608744245653,0.6631595175118477,28.59253982050552,63.40542417621789,0.05,0.05,0.85,1.0,IND_FIRE,Tier_C_HandVerified,verified_major_plant_fire
TIER-C-FIRE-007,verified_fire_fac_6,362.8757832328832,34.0,469.4568580563312,210.34256843614895,833.3775250726944,408.6544520848733,27.83999597899452,0.3928159315604423,16.455866259820844,56.25395362457625,0.05,0.05,0.85,1.0,IND_FIRE,Tier_C_HandVerified,verified_major_plant_fire
TIER-C-FIRE-008,verified_fire_fac_7,626.1006708372472,34.0,406.9206115131544,234.74600284326664,159.68249342088595,370.4519234539646,30.84987801408078,0.6704776273727128,10.71691949009022,50.37454755486749,0.05,0.05,0.85,1.0,IND_FIRE,Tier_C_HandVerified,verified_major_plant_fire
TIER-C-FIRE-009,verified_fire_fac_8,183.24552241599235,34.0,324.69875747886044,305.90335109786565,353.0568625253559,382.29037196530766,33.77692150158412,0.6578571190310538,5.011069535930197,61.055323865677394,0.05,0.05,0.85,1.0,IND_FIRE,Tier_C_HandVerified,verified_major_plant_fire
TIER-C-FIRE-010,verified_fire_fac_9,142.28421478496466,56.0,454.2499278899359,348.44865354728176,185.92903919649268,408.0503961747696,31.790340249749967,0.456983274491792,23.85662433367557,61.73705728581635,0.05,0.05,0.85,1.0,IND_FIRE,Tier_C_HandVerified,verified_major_plant_fire
TIER-C-FIRE-011,verified_fire_fac_10,620.557156701529,56.0,248.1753405502347,263.0690993453286,943.9538314998232,389.3161586538233,44.725840262688855,0.4662415583629342,26.181791693046485,61.08945613848952,0.05,0.05,0.85,1.0,IND_FIRE,Tier_C_HandVerified,verified_major_plant_fire
TIER-C-FIRE-012,verified_fire_fac_11,576.413367323156,56.0,321.9065304751781,170.79614008149207,181.143970660534,371.8009409145713,19.21419341477295,0.6467081418024001,12.061968599425668,63.01836682301183,0.05,0.05,0.85,1.0,IND_FIRE,Tier_C_HandVerified,verified_major_plant_fire
TIER-C-FIRE-013,verified_fire_fac_12,398.97337579351614,56.0,340.26388545057495,218.3254212054657,411.07074474558976,411.9829827854395,17.204118420148077,0.47204115061192,27.593939294378558,58.83398201839871,0.05,0.05,0.85,1.0,IND_FIRE,Tier_C_HandVerified,verified_major_plant_fire
TIER-C-FIRE-014,verified_fire_fac_13,290.565057483828,34.0,409.71696096220217,229.55721865925275,548.0318817168818,380.2340054528642,45.83233940854505,0.3744543591013392,13.289117476679843,59.201208064797406,0.05,0.05,0.85,1.0,IND_FIRE,Tier_C_HandVerified,verified_major_plant_fire
TIER-C-FIRE-015,verified_fire_fac_14,174.24548552651314,12.0,276.59335629703423,187.9056145726177,853.5972565825011,393.00011977904,14.083394914092338,0.6306987072104988,6.191031435912665,54.06996896672787,0.05,0.05,0.85,1.0,IND_FIRE,Tier_C_HandVerified,verified_major_plant_fire
TIER-C-FIRE-016,verified_fire_fac_15,514.3437330623991,34.0,423.9321140088917,238.60166334698428,520.6349226182374,372.2701640734346,26.561868393529977,0.6724039883541199,14.7955990820875,46.868020822270736,0.05,0.05,0.85,1.0,IND_FIRE,Tier_C_HandVerified,verified_major_plant_fire
TIER-C-FIRE-017,verified_fire_fac_16,369.2130073905511,12.0,293.3010651143335,240.17734164968533,193.70753600077785,418.6539081486167,22.472021199979004,0.4216794878545123,12.598562806375682,34.216666484693995,0.05,0.05,0.85,1.0,IND_FIRE,Tier_C_HandVerified,verified_major_plant_fire
TIER-C-FIRE-018,verified_fire_fac_17,50.88429325178685,56.0,221.15798703872085,191.3194438188337,735.3797892513703,402.0317796401293,34.62040989323872,0.6036275757033502,20.240775291422548,60.84163198628876,0.05,0.05,0.85,1.0,IND_FIRE,Tier_C_HandVerified,verified_major_plant_fire
TIER-C-FIRE-019,verified_fire_fac_18,540.8160494832158,56.0,246.86034484294407,148.8319894322487,419.5717805739652,419.97719593595474,33.968074791363904,0.3881953738756425,24.062072111888824,46.69884013850624,0.05,0.05,0.85,1.0,IND_FIRE,Tier_C_HandVerified,verified_major_plant_fire
TIER-C-FIRE-020,verified_fire_fac_19,139.76086971617153,56.0,292.6303089725899,293.3808311309203,166.53709511352358,383.4509823399155,41.12616328419341,0.4075386969811373,20.71085118547497,44.27469917098466,0.05,0.05,0.85,1.0,IND_FIRE,Tier_C_HandVerified,verified_major_plant_fire
TIER-C-FIRE-021,verified_fire_fac_20,267.0261529157484,56.0,388.6157325027975,294.57121498004415,232.01277125317955,395.6927232103384,40.56899555782758,0.4477123080862164,28.3231215642418,58.10025279492885,0.05,0.05,0.85,1.0,IND_FIRE,Tier_C_HandVerified,verified_major_plant_fire
TIER-C-FIRE-022,verified_fire_fac_21,468.3256291457821,56.0,307.7491660201981,331.82873985221244,705.6763418026283,406.4490530827909,63.148217842390096,0.4096286357368763,25.176772596667572,32.809624118259684,0.05,0.05,0.85,1.0,IND_FIRE,Tier_C_HandVerified,verified_major_plant_fire
TIER-C-FIRE-023,verified_fire_fac_22,257.2051713469328,34.0,372.8467821562897,156.1850444004205,245.0995129416576,408.235957073814,50.94753816703452,0.4741296885820945,18.7327442870026,37.47936081305674,0.05,0.05,0.85,1.0,IND_FIRE,Tier_C_HandVerified,verified_major_plant_fire
TIER-C-FIRE-024,verified_fire_fac_23,339.5002521412164,34.0,165.13979679392196,299.8993905109866,249.50626499305943,409.87736802686,47.41836260331016,0.6373112363745609,7.437858141022437,47.35922536399096,0.05,0.05,0.85,1.0,IND_FIRE,Tier_C_HandVerified,verified_major_plant_fire
TIER-C-FIRE-025,verified_fire_fac_24,350.6527281573182,34.0,334.8577011449112,342.41811330891363,191.3349773263689,395.2397799152264,53.981052628643205,0.6450561884596715,9.481390297694752,57.00013927054726,0.05,0.05,0.85,1.0,IND_FIRE,Tier_C_HandVerified,verified_major_plant_fire
TIER-C-FLARE-001,verified_flare_fac_0,257.6640425589745,56.0,127.33080711853545,97.79109861071846,86.10100330805574,364.87578802430056,69.58315179857328,0.5449232354895092,45.09092768878403,40.3168681918464,0.05,0.05,0.85,1.0,IND_FLARE,Tier_C_HandVerified,verified_refinery_elevated_flaring
TIER-C-FLARE-002,verified_flare_fac_1,154.5311591677059,56.0,95.03332823009362,99.9547339109444,110.13914135053236,348.32823282988943,121.05886834446616,0.3155507397359187,47.93151990464136,56.57245467827586,0.05,0.05,0.85,1.0,IND_FLARE,Tier_C_HandVerified,verified_refinery_elevated_flaring
TIER-C-FLARE-003,verified_flare_fac_2,151.9139377945207,56.0,78.22382334795375,109.14949886548888,60.20672199825495,371.70558141859055,111.1926863926862,0.3741394663984175,36.351285555552685,41.29396518660721,0.05,0.05,0.85,1.0,IND_FLARE,Tier_C_HandVerified,verified_refinery_elevated_flaring
TIER-C-FLARE-004,verified_flare_fac_3,163.3889152462845,34.0,69.90789650061475,30.092709053204405,54.26170993634543,373.5001117327462,116.40975321099238,0.5014437446001621,52.93692921825839,49.92441042195776,0.05,0.05,0.85,1.0,IND_FLARE,Tier_C_HandVerified,verified_refinery_elevated_flaring
TIER-C-FLARE-005,verified_flare_fac_4,199.8835615639805,34.0,98.11578304055448,114.13256037985347,49.15166012207796,373.41435610253,155.7212805537365,0.3034441979248133,42.00699158848866,108.282817478868,0.05,0.05,0.85,1.0,IND_FLARE,Tier_C_HandVerified,verified_refinery_elevated_flaring
TIER-C-FLARE-006,verified_flare_fac_5,64.34218583547259,34.0,46.89686799638374,61.32409021254321,92.47792340763364,367.022969556741,84.87292371272625,0.4039572503858154,38.85674271317224,54.82071973689794,0.05,0.05,0.85,1.0,IND_FLARE,Tier_C_HandVerified,verified_refinery_elevated_flaring
TIER-C-FLARE-007,verified_flare_fac_6,108.29316364392392,12.0,112.71694371995362,81.76304240429064,72.70865819572944,366.6240289296993,44.727635554401246,0.4786078983775812,25.32663616936666,104.41416558889108,0.05,0.05,0.85,1.0,IND_FLARE,Tier_C_HandVerified,verified_refinery_elevated_flaring
TIER-C-FLARE-008,verified_flare_fac_7,49.38366508360981,12.0,44.66703353865992,78.91401284353434,80.48312172047794,365.50963014320456,62.50589201148595,0.3045332052643425,72.9009221672683,53.81697842683269,0.05,0.05,0.85,1.0,IND_FLARE,Tier_C_HandVerified,verified_refinery_elevated_flaring
TIER-C-FLARE-009,verified_flare_fac_8,310.6913038625954,12.0,105.5658840689866,77.52012705923366,70.20440305370917,354.73715790463274,24.290666555745684,0.3522245025934287,22.02396248545012,68.681355875821,0.05,0.05,0.85,1.0,IND_FLARE,Tier_C_HandVerified,verified_refinery_elevated_flaring
TIER-C-FLARE-010,verified_flare_fac_9,283.2710048275932,56.0,112.33619897515322,104.46944423467956,36.27642658421103,363.8648185199539,124.9641015961162,0.5040335656340917,39.48910145200189,36.15461687684814,0.05,0.05,0.85,1.0,IND_FLARE,Tier_C_HandVerified,verified_refinery_elevated_flaring
TIER-C-FLARE-011,verified_flare_fac_10,270.6582044258331,12.0,91.90895786342544,109.56863601641574,38.150787814696926,367.5945995798308,112.8838590022165,0.5218224689493935,27.880071838352208,84.87458871783303,0.05,0.05,0.85,1.0,IND_FLARE,Tier_C_HandVerified,verified_refinery_elevated_flaring
TIER-C-FLARE-012,verified_flare_fac_11,234.15736901445365,56.0,80.52619322642451,33.33629347462305,93.58035671600427,372.6928139239111,86.49902007006128,0.3776134926466322,41.06419914039658,89.25858633875008,0.05,0.05,0.85,1.0,IND_FLARE,Tier_C_HandVerified,verified_refinery_elevated_flaring
TIER-C-FLARE-013,verified_flare_fac_12,23.89328947955952,12.0,92.42197641698468,85.3607972844093,88.59110176545036,353.5086659749416,118.17514929693138,0.5455108699444011,18.001114609266732,103.36409699939874,0.05,0.05,0.85,1.0,IND_FLARE,Tier_C_HandVerified,verified_refinery_elevated_flaring
TIER-C-FLARE-014,verified_flare_fac_13,32.68674371243855,12.0,57.51268071428228,49.37256952332753,40.99377587938807,349.68820998505686,90.08743438994212,0.5198200424358496,51.403903483046186,85.46537514485598,0.05,0.05,0.85,1.0,IND_FLARE,Tier_C_HandVerified,verified_refinery_elevated_flaring
TIER-C-FLARE-015,verified_flare_fac_14,54.89414677058284,56.0,123.0416425535176,97.45812866460965,101.41329952938558,373.1831837195846,102.37257112037248,0.3600846053602877,52.00701647115247,90.71611202509544,0.05,0.05,0.85,1.0,IND_FLARE,Tier_C_HandVerified,verified_refinery_elevated_flaring
TIER-C-FLARE-016,verified_flare_fac_15,337.30447914223095,34.0,65.6070527969909,94.36682778149964,59.88704328745971,353.5678699372718,139.15950201094,0.4000820367087129,66.91160084386865,103.64428886883672,0.05,0.05,0.85,1.0,IND_FLARE,Tier_C_HandVerified,verified_refinery_elevated_flaring
TIER-C-FLARE-017,verified_flare_fac_16,389.72424921824864,34.0,117.67563780899496,65.89108807608896,81.17595804289658,354.7063574360666,125.58635956082202,0.4282804001110012,41.55273088888474,83.69917434326612,0.05,0.05,0.85,1.0,IND_FLARE,Tier_C_HandVerified,verified_refinery_elevated_flaring
TIER-C-FLARE-018,verified_flare_fac_17,422.60066723163845,34.0,121.5980399214358,51.31447993709738,61.61154272316967,348.59165987692523,67.35063520814109,0.4507893727890391,18.37056464084634,71.83217970373738,0.05,0.05,0.85,1.0,IND_FLARE,Tier_C_HandVerified,verified_refinery_elevated_flaring
TIER-C-FLARE-019,verified_flare_fac_18,418.65757040912376,56.0,64.50899854500797,89.16640070729252,16.20670969630211,359.0369860531866,157.05986934130553,0.3335641849647371,45.985463293116666,93.98917867931353,0.05,0.05,0.85,1.0,IND_FLARE,Tier_C_HandVerified,verified_refinery_elevated_flaring
TIER-C-FLARE-020,verified_flare_fac_19,425.2884622336502,34.0,127.57751424356834,98.27131170320456,86.93910253682083,350.9816603120998,65.64299226661677,0.3929420625967407,29.997416783857275,73.62542447822923,0.05,0.05,0.85,1.0,IND_FLARE,Tier_C_HandVerified,verified_refinery_elevated_flaring
TIER-C-FLARE-021,verified_flare_fac_20,250.2881403982592,12.0,112.96573744824424,31.897222582772397,106.6267592674177,370.3591543831712,55.11265673924636,0.5427973194855786,62.181463983688886,82.41624483154618,0.05,0.05,0.85,1.0,IND_FLARE,Tier_C_HandVerified,verified_refinery_elevated_flaring
TIER-C-FLARE-022,verified_flare_fac_21,180.61367606686565,34.0,133.81768531603572,103.86874898280804,25.769636071276928,358.6037300683282,103.68545132396714,0.450939741765462,26.63178407621356,99.4112578376116,0.05,0.05,0.85,1.0,IND_FLARE,Tier_C_HandVerified,verified_refinery_elevated_flaring
TIER-C-FLARE-023,verified_flare_fac_22,311.08453668864007,12.0,71.20204910762794,66.56591331475994,58.52418680576319,348.3577779046056,66.61577599564654,0.4377567701197685,39.66561653282639,89.14469206367596,0.05,0.05,0.85,1.0,IND_FLARE,Tier_C_HandVerified,verified_refinery_elevated_flaring
TIER-C-FLARE-024,verified_flare_fac_23,185.4655554050744,56.0,80.10890217389814,91.65635340049334,105.61210189363106,362.36100513320287,137.67823596410753,0.3890360046059551,47.48217660943613,60.892246525247934,0.05,0.05,0.85,1.0,IND_FLARE,Tier_C_HandVerified,verified_refinery_elevated_flaring
TIER-C-FLARE-025,verified_flare_fac_24,198.10639799588705,34.0,127.57456064493483,35.93458519789888,81.63712193117496,363.71788280460055,41.05176564133419,0.3635682991320327,33.66014968396082,47.51983031131261,0.05,0.05,0.85,1.0,IND_FLARE,Tier_C_HandVerified,verified_refinery_elevated_flaring
TIER-C-FLARE-026,verified_flare_fac_25,124.80367748546696,56.0,59.59135394726509,44.75985309068217,115.7855942849128,364.64011311999457,104.1904958167818,0.4247325310569965,40.73666000580866,75.56787528785605,0.05,0.05,0.85,1.0,IND_FLARE,Tier_C_HandVerified,verified_refinery_elevated_flaring
TIER-C-FLARE-027,verified_flare_fac_26,319.4648170255261,56.0,114.12743622830406,43.33004239954164,49.39297734391391,362.7605018876808,106.85895176920536,0.3066424426417888,71.70685132536053,87.24704534130424,0.05,0.05,0.85,1.0,IND_FLARE,Tier_C_HandVerified,verified_refinery_elevated_flaring
TIER-C-FLARE-028,verified_flare_fac_27,233.1526125997132,12.0,70.40669043440397,37.855776833289866,87.66773293755874,353.5688070735761,80.42774973907575,0.5687024332856336,27.25898300393822,73.08537979690843,0.05,0.05,0.85,1.0,IND_FLARE,Tier_C_HandVerified,verified_refinery_elevated_flaring
TIER-C-FLARE-029,verified_flare_fac_28,200.28681430138943,12.0,99.19034323274792,102.15780121247568,85.69087613222581,359.0192145342999,151.52924605081537,0.3665701382353118,57.878476494523454,101.11725912055677,0.05,0.05,0.85,1.0,IND_FLARE,Tier_C_HandVerified,verified_refinery_elevated_flaring
TIER-C-FLARE-030,verified_flare_fac_29,334.4661034724174,12.0,91.24394293149577,100.25059328865238,101.2457781045729,370.7698065302728,93.8536310370538,0.4000885187510596,62.4934921554822,68.84705847719411,0.05,0.05,0.85,1.0,IND_FLARE,Tier_C_HandVerified,verified_refinery_elevated_flaring
TIER-C-FLARE-031,verified_flare_fac_30,98.88014445347685,34.0,77.47970892242182,68.59099836623578,16.40360674223654,359.06295938395937,117.27948954484926,0.3046524991879776,31.852917911174625,50.59672694670424,0.05,0.05,0.85,1.0,IND_FLARE,Tier_C_HandVerified,verified_refinery_elevated_flaring
TIER-C-FLARE-032,verified_flare_fac_31,38.05373443112294,34.0,75.8875185927819,73.7584867840807,116.64691026532968,349.797247653684,117.35779307310176,0.3222316267724601,37.52813570799002,95.2860908895085,0.05,0.05,0.85,1.0,IND_FLARE,Tier_C_HandVerified,verified_refinery_elevated_flaring
TIER-C-FLARE-033,verified_flare_fac_32,206.3930600849228,12.0,93.70122491939324,53.90459373723581,38.11168921999908,357.4640544257264,77.64479142137532,0.3206141033171882,37.1744519656064,69.81788898044186,0.05,0.05,0.85,1.0,IND_FLARE,Tier_C_HandVerified,verified_refinery_elevated_flaring
TIER-C-FLARE-034,verified_flare_fac_33,330.777233462686,34.0,71.74421865061217,108.63595620358537,54.81878640394714,370.4469280679932,145.2948726839905,0.4119723469137701,52.91932082377134,42.1528701704794,0.05,0.05,0.85,1.0,IND_FLARE,Tier_C_HandVerified,verified_refinery_elevated_flaring
TIER-C-FLARE-035,verified_flare_fac_34,64.58178971573889,12.0,96.0065848043865,63.34638798634873,72.54339744974521,362.0689761437265,74.42923071706517,0.5032420244470419,60.51011285498344,36.09711941582568,0.05,0.05,0.85,1.0,IND_FLARE,Tier_C_HandVerified,verified_refinery_elevated_flaring
TIER-C-FLARE-036,verified_flare_fac_35,109.11418890061768,12.0,75.59511812655259,84.62355522474473,51.43107927212864,358.5503891129002,46.84975781131463,0.377469305899848,51.324705450455234,67.48723334863749,0.05,0.05,0.85,1.0,IND_FLARE,Tier_C_HandVerified,verified_refinery_elevated_flaring
TIER-C-FLARE-037,verified_flare_fac_36,352.95015366617594,34.0,95.77470922375376,81.91521918955488,31.430055180378066,360.7958729431348,127.16118412196624,0.3812828094949096,27.135250831472096,58.53701061683117,0.05,0.05,0.85,1.0,IND_FLARE,Tier_C_HandVerified,verified_refinery_elevated_flaring
TIER-C-FLARE-038,verified_flare_fac_37,123.84527003691838,56.0,125.45893925882385,103.1775675841083,91.05616266460169,368.1353412350554,104.3415521017009,0.4754004270497474,23.01903488463108,68.28943913159759,0.05,0.05,0.85,1.0,IND_FLARE,Tier_C_HandVerified,verified_refinery_elevated_flaring
TIER-C-FLARE-039,verified_flare_fac_38,213.83380207113643,34.0,118.6053523068437,49.47514354766039,87.6976868584111,355.1296735867304,159.22586104084198,0.4909122844600123,34.470708010520525,55.21338967192045,0.05,0.05,0.85,1.0,IND_FLARE,Tier_C_HandVerified,verified_refinery_elevated_flaring
TIER-C-FLARE-040,verified_flare_fac_39,102.0984315808067,34.0,64.23804236922517,83.92381678206692,101.49557655890791,349.7047879090396,135.8578296106407,0.5464943798885313,42.691375655316406,108.74792426138504,0.05,0.05,0.85,1.0,IND_FLARE,Tier_C_HandVerified,verified_refinery_elevated_flaring
TIER-C-FLARE-041,verified_flare_fac_40,358.2845865041429,34.0,108.38962699117548,58.15124924149162,60.39635377235147,348.8410255054216,61.37900869560709,0.3101029211623392,67.75114635607486,53.25475124138978,0.05,0.05,0.85,1.0,IND_FLARE,Tier_C_HandVerified,verified_refinery_elevated_flaring
TIER-C-FLARE-042,verified_flare_fac_41,259.65498291639346,34.0,105.0189760870941,54.07246111786844,109.28151463055492,371.979191101219,70.84184904409167,0.5702882687071403,74.76946040992672,96.9061748092961,0.05,0.05,0.85,1.0,IND_FLARE,Tier_C_HandVerified,verified_refinery_elevated_flaring
TIER-C-FLARE-043,verified_flare_fac_42,383.29467953474847,56.0,120.33493008877151,88.61540702024871,116.56267669026838,370.3196055514373,154.0454968142215,0.5800713250372944,63.08087951242852,85.56941315048743,0.05,0.05,0.85,1.0,IND_FLARE,Tier_C_HandVerified,verified_refinery_elevated_flaring
TIER-C-FLARE-044,verified_flare_fac_43,22.458989985139397,56.0,60.35713095197112,28.63157441737297,58.175109389431526,351.51217808538155,27.22932803933594,0.4081280481424458,62.024295064514185,77.46355184188032,0.05,0.05,0.85,1.0,IND_FLARE,Tier_C_HandVerified,verified_refinery_elevated_flaring
TIER-C-FLARE-045,verified_flare_fac_44,154.49453536045223,12.0,59.36190893242512,26.294330146487653,95.25710557582488,364.8410632913282,133.77157792813824,0.3116814050062996,65.22717766983914,81.46446500272275,0.05,0.05,0.85,1.0,IND_FLARE,Tier_C_HandVerified,verified_refinery_elevated_flaring
TIER-C-ROUTINE-001,verified_routine_fac_0,472.5465130344801,12.0,15.96649870302546,9.249769825427432,2.3657064815638997,337.8135831413153,93.72685804340534,0.488458761090227,65.9808050021403,11.892304716917884,0.05,0.05,0.85,1.0,IND_ROUTINE,Tier_C_HandVerified,verified_power_station_furnace
TIER-C-ROUTINE-002,verified_routine_fac_1,221.65659686262424,33.0,16.02616181912073,6.8599680713199405,1.5487951802717934,330.3705411743637,80.37184657794741,0.4938570454651581,48.798858551477366,12.941476706378827,0.05,0.05,0.85,1.0,IND_ROUTINE,Tier_C_HandVerified,verified_power_station_furnace
TIER-C-ROUTINE-003,verified_routine_fac_2,695.7839746274839,22.0,13.7265024192555,9.321319518953883,0.308057188256701,327.09528685105323,84.87692063408034,0.5355063227767369,44.25297019745493,17.416919866580308,0.05,0.05,0.85,1.0,IND_ROUTINE,Tier_C_HandVerified,verified_power_station_furnace
TIER-C-ROUTINE-004,verified_routine_fac_3,175.51777417758575,12.0,3.815861227834668,9.908952321984334,3.899565851164549,319.3960130922926,71.90627265624931,0.5495588699518745,72.66680813546954,12.138274653207958,0.05,0.05,0.85,1.0,IND_ROUTINE,Tier_C_HandVerified,verified_power_station_furnace
TIER-C-ROUTINE-005,verified_routine_fac_4,203.12491937618225,22.0,9.827579876004847,10.17924680343626,3.3657316111035875,321.39456857153846,14.06764574365836,0.5558205172791574,59.63033263492004,14.996395696221215,0.05,0.05,0.85,1.0,IND_ROUTINE,Tier_C_HandVerified,verified_power_station_furnace
TIER-C-ROUTINE-006,verified_routine_fac_5,678.616231241482,22.0,13.28550814400466,12.9674499009792,2.5922254197681918,337.07070195703017,107.21448910682376,0.516899959106158,74.19647680972378,14.42577610323634,0.05,0.05,0.85,1.0,IND_ROUTINE,Tier_C_HandVerified,verified_power_station_furnace
TIER-C-ROUTINE-007,verified_routine_fac_6,108.91837319279536,33.0,11.892602707621652,6.581633600085615,0.3027584727130592,318.63487530745977,57.72019556854533,0.4169130756194475,59.445052110109046,16.809730056396575,0.05,0.05,0.85,1.0,IND_ROUTINE,Tier_C_HandVerified,verified_power_station_furnace
TIER-C-ROUTINE-008,verified_routine_fac_7,712.1861123890417,22.0,11.951646299425343,8.268120549056405,3.907129202453527,331.6690755481502,52.547639844134565,0.5600146864153736,77.4979140398772,9.252205595168316,0.05,0.05,0.85,1.0,IND_ROUTINE,Tier_C_HandVerified,verified_power_station_furnace
TIER-C-ROUTINE-009,verified_routine_fac_8,200.41473338394988,12.0,16.46048798686398,9.660251136384566,3.8961922147428023,327.30019035052857,103.51789650170836,0.4124788137196554,41.79313825508922,8.670165377512099,0.05,0.05,0.85,1.0,IND_ROUTINE,Tier_C_HandVerified,verified_power_station_furnace
TIER-C-ROUTINE-010,verified_routine_fac_9,781.5073501093029,12.0,13.039629137428188,12.75677068745047,1.2936007077388734,329.0375427284237,97.25621756666725,0.4832436117690699,30.92767834595423,12.749509652637482,0.05,0.05,0.85,1.0,IND_ROUTINE,Tier_C_HandVerified,verified_power_station_furnace
TIER-C-ROUTINE-011,verified_routine_fac_10,91.41689055727136,22.0,4.122318077924596,7.542252225381649,2.166536918245252,337.7060766457457,29.93035695342896,0.4228863037224717,20.565899559065333,9.555714368693025,0.05,0.05,0.85,1.0,IND_ROUTINE,Tier_C_HandVerified,verified_power_station_furnace
TIER-C-ROUTINE-012,verified_routine_fac_11,205.45473430075072,12.0,6.487589883117468,3.9913082495787062,1.1002059379653872,325.1063949694778,84.79137447973889,0.4125129684438903,33.68295107824729,16.090236402916766,0.05,0.05,0.85,1.0,IND_ROUTINE,Tier_C_HandVerified,verified_power_station_furnace
TIER-C-ROUTINE-013,verified_routine_fac_12,160.19144268782807,22.0,15.9698838278721,4.28164107814959,0.4226736589109405,327.69075990160025,44.66130721808193,0.5126816728967708,72.24731788142589,9.371484881527431,0.05,0.05,0.85,1.0,IND_ROUTINE,Tier_C_HandVerified,verified_power_station_furnace
TIER-C-ROUTINE-014,verified_routine_fac_13,485.5243134157137,22.0,7.675347427725621,2.5361204195534044,0.7795492664169802,335.5081125024367,59.70862109687236,0.5968468998468868,45.72101763229652,15.151864547802411,0.05,0.05,0.85,1.0,IND_ROUTINE,Tier_C_HandVerified,verified_power_station_furnace
TIER-C-ROUTINE-015,verified_routine_fac_14,261.4392821785468,22.0,9.87647136197157,10.837569877439863,2.339721542851823,331.3442467438836,95.92132285038966,0.5724405947316378,40.40190728696058,13.380227053639029,0.05,0.05,0.85,1.0,IND_ROUTINE,Tier_C_HandVerified,verified_power_station_furnace
TIER-C-ROUTINE-016,verified_routine_fac_15,680.0810588293999,12.0,14.477404932251495,13.314820883958587,0.1617103707876012,328.4552028312374,62.85367447210309,0.5312110043951408,56.37262554024723,14.870391505824806,0.05,0.05,0.85,1.0,IND_ROUTINE,Tier_C_HandVerified,verified_power_station_furnace
TIER-C-ROUTINE-017,verified_routine_fac_16,543.5619385618927,12.0,15.896920122174684,7.178255210944821,1.3801091121455238,327.079798223994,94.3442715368858,0.4252004055727988,32.76724903168113,17.51444825663092,0.05,0.05,0.85,1.0,IND_ROUTINE,Tier_C_HandVerified,verified_power_station_furnace
TIER-C-ROUTINE-018,verified_routine_fac_17,181.61872053601803,33.0,14.043597152007496,8.398316138466308,3.491463721651632,326.055516664658,116.78541719680668,0.5864645516457755,68.20417026436606,10.79415884176072,0.05,0.05,0.85,1.0,IND_ROUTINE,Tier_C_HandVerified,verified_power_station_furnace
TIER-C-ROUTINE-019,verified_routine_fac_18,148.74019159494378,12.0,7.179645946725546,5.015162703721208,0.8130673414883867,334.5142190312133,42.85641730737616,0.5854247563728898,83.04522414743741,13.712604699370974,0.05,0.05,0.85,1.0,IND_ROUTINE,Tier_C_HandVerified,verified_power_station_furnace
TIER-C-ROUTINE-020,verified_routine_fac_19,157.2508419992948,22.0,6.791976660236595,13.297292040474662,3.586542299683147,324.74960651349795,90.78208714181967,0.5146446388899183,41.94720462995025,17.885216479954465,0.05,0.05,0.85,1.0,IND_ROUTINE,Tier_C_HandVerified,verified_power_station_furnace
TIER-C-ROUTINE-021,verified_routine_fac_20,68.92800938619816,33.0,6.273113018282583,12.55182539300963,1.0737089156868975,323.2649469303602,12.070566202220352,0.5741338068251035,71.51866285859376,14.27328935090678,0.05,0.05,0.85,1.0,IND_ROUTINE,Tier_C_HandVerified,verified_power_station_furnace
TIER-C-ROUTINE-022,verified_routine_fac_21,612.6993229541317,22.0,6.980551674029631,8.874880954913966,0.8780707282254728,323.878982020338,37.60514851987273,0.589700588643639,81.40327259112118,14.099415585960518,0.05,0.05,0.85,1.0,IND_ROUTINE,Tier_C_HandVerified,verified_power_station_furnace
TIER-C-ROUTINE-023,verified_routine_fac_22,743.3918515489249,33.0,16.62651827819063,7.882794123694336,1.9185677104652932,333.21151284910565,28.685158032531987,0.4974530708200101,47.94903891786888,13.96910690546656,0.05,0.05,0.85,1.0,IND_ROUTINE,Tier_C_HandVerified,verified_power_station_furnace
TIER-C-ROUTINE-024,verified_routine_fac_23,799.6682774378289,22.0,8.967985545261408,12.01686010115154,0.7657626169186726,318.6092737261792,34.08042422614149,0.4680823112228519,53.18774923487139,14.151291405411998,0.05,0.05,0.85,1.0,IND_ROUTINE,Tier_C_HandVerified,verified_power_station_furnace
TIER-C-ROUTINE-025,verified_routine_fac_24,732.9542879108163,22.0,14.603291127973309,3.919109374864359,2.542657171459161,323.56941457855106,104.12205549570388,0.5856767011272614,84.7658890891386,15.960074024272831,0.05,0.05,0.85,1.0,IND_ROUTINE,Tier_C_HandVerified,verified_power_station_furnace
TIER-C-ROUTINE-026,verified_routine_fac_25,615.3005528210034,12.0,8.04010588485163,7.8553492302662145,3.116186086350774,336.29931730155937,32.42702280248234,0.5844734969340206,65.21560240301378,14.107707306850386,0.05,0.05,0.85,1.0,IND_ROUTINE,Tier_C_HandVerified,verified_power_station_furnace
TIER-C-ROUTINE-027,verified_routine_fac_26,199.88095346145465,33.0,14.261544738165837,3.943092413190233,3.1138085366938086,322.738666498133,85.15845802799826,0.5131563109681992,80.39440661875967,11.87322517975314,0.05,0.05,0.85,1.0,IND_ROUTINE,Tier_C_HandVerified,verified_power_station_furnace
TIER-C-ROUTINE-028,verified_routine_fac_27,99.62389162583034,12.0,14.24139008971213,7.457792658615557,0.4414397897083444,323.65602261341,57.20688683740082,0.4585032850952504,41.59336211157591,10.937759061743908,0.05,0.05,0.85,1.0,IND_ROUTINE,Tier_C_HandVerified,verified_power_station_furnace
TIER-C-ROUTINE-029,verified_routine_fac_28,81.12437538730958,33.0,6.982446111436085,9.5318315290951,2.7461498763412875,324.3509940051518,103.59579738168804,0.5894322925800495,77.51558265024028,15.390669759393726,0.05,0.05,0.85,1.0,IND_ROUTINE,Tier_C_HandVerified,verified_power_station_furnace
TIER-C-ROUTINE-030,verified_routine_fac_29,258.0985097937155,33.0,8.096553634482657,7.7396202990283935,2.744643940721414,328.8604286173353,49.46368544735364,0.4871289580913019,71.6412531604779,10.781291554866124,0.05,0.05,0.85,1.0,IND_ROUTINE,Tier_C_HandVerified,verified_power_station_furnace
TIER-C-ROUTINE-031,verified_routine_fac_30,156.69142983261156,33.0,15.74301323231852,3.5233817208479863,3.967614686152562,328.8200579785532,118.36334034844616,0.5877992844171955,49.43289142370959,9.98491074605349,0.05,0.05,0.85,1.0,IND_ROUTINE,Tier_C_HandVerified,verified_power_station_furnace
TIER-C-ROUTINE-032,verified_routine_fac_31,173.66358242385382,33.0,5.441864838093441,9.34494759245906,0.6868418569233901,337.3615276290147,60.2451689439202,0.5003035920700333,36.03281002735142,12.709602524347336,0.05,0.05,0.85,1.0,IND_ROUTINE,Tier_C_HandVerified,verified_power_station_furnace
TIER-C-ROUTINE-033,verified_routine_fac_32,546.4352244777587,22.0,12.712746972650448,5.639967122269778,0.7910507539436453,323.8853347327423,24.39806814313825,0.5883065820568882,70.97340133374234,12.623911769125408,0.05,0.05,0.85,1.0,IND_ROUTINE,Tier_C_HandVerified,verified_power_station_furnace
TIER-C-ROUTINE-034,verified_routine_fac_33,698.7219538364014,22.0,13.756808527082905,12.34552373865805,1.4913979753307631,333.1492889090144,43.86781372054541,0.4597714270518062,26.958716606022094,12.400580465093988,0.05,0.05,0.85,1.0,IND_ROUTINE,Tier_C_HandVerified,verified_power_station_furnace
TIER-C-ROUTINE-035,verified_routine_fac_34,597.2839298730667,33.0,8.13161431295391,7.44451262746795,3.3407017671147665,320.3978218694542,91.37199151864856,0.5062909828378611,38.71644727393951,12.928195845328249,0.05,0.05,0.85,1.0,IND_ROUTINE,Tier_C_HandVerified,verified_power_station_furnace
TIER-C-ROUTINE-036,verified_routine_fac_35,274.956552332767,33.0,9.507658842828665,4.390663584407106,0.5546739907672172,328.9339136414426,109.46060759489916,0.4687915373115371,67.6450069694705,14.586613549397669,0.05,0.05,0.85,1.0,IND_ROUTINE,Tier_C_HandVerified,verified_power_station_furnace
TIER-C-ROUTINE-037,verified_routine_fac_36,748.6661857321108,33.0,11.499078883581944,10.055850729692237,3.603707219677736,325.9903756917387,47.29382823263995,0.4021622167270393,73.72581982244517,16.009807004033647,0.05,0.05,0.85,1.0,IND_ROUTINE,Tier_C_HandVerified,verified_power_station_furnace
TIER-C-ROUTINE-038,verified_routine_fac_37,128.34088857511352,12.0,4.134916558561663,6.657726085671444,0.459455038042486,329.70156884412404,36.43772708819278,0.5791395926398745,70.92750525494168,14.99705206099476,0.05,0.05,0.85,1.0,IND_ROUTINE,Tier_C_HandVerified,verified_power_station_furnace
TIER-C-ROUTINE-039,verified_routine_fac_38,512.7080205383764,33.0,10.984378139271817,3.6875476020630567,0.772843120090812,329.3594859463216,44.00662225943515,0.5876631457302632,73.21811491646329,17.83567206513663,0.05,0.05,0.85,1.0,IND_ROUTINE,Tier_C_HandVerified,verified_power_station_furnace
TIER-C-ROUTINE-040,verified_routine_fac_39,244.75312921281048,33.0,14.730761538956374,5.260813515607015,0.6628058828142518,320.31402636360605,14.943001290688033,0.5047172970442906,34.186891725092416,17.894317657796314,0.05,0.05,0.85,1.0,IND_ROUTINE,Tier_C_HandVerified,verified_power_station_furnace
TIER-C-AGRI-001,verified_agri_cluster_0,59678.25073739308,0.0,11.791181312952435,27.72916384677505,22.64810202972368,346.0812823379365,0.7675395136380668,1.0,0.0,0.0,0.8526228664002523,0.05,0.05,0.0,AGRI_BURN,Tier_C_HandVerified,verified_stubble_residue_burn
TIER-C-AGRI-002,verified_agri_cluster_1,42092.46311440485,0.0,39.84001007806515,15.829922932321196,6.808365595257459,322.96409196563576,2.1334259230954293,1.0,1.0,0.0,0.9369338667104864,0.05,0.05,0.0,AGRI_BURN,Tier_C_HandVerified,verified_stubble_residue_burn
TIER-C-AGRI-003,verified_agri_cluster_2,58952.11828770348,0.0,13.672240138066062,9.606762622873404,15.25886606382834,346.66592641518554,3.2352697670976376,1.0,0.0,0.0,0.8454928836273925,0.05,0.05,0.0,AGRI_BURN,Tier_C_HandVerified,verified_stubble_residue_burn
TIER-C-AGRI-004,verified_agri_cluster_3,89402.05490880291,0.0,10.983038161146371,35.81373095904851,17.728928392212893,338.6050253440356,0.6143067127457356,1.0,0.0,0.0,0.8467703205433653,0.05,0.05,0.0,AGRI_BURN,Tier_C_HandVerified,verified_stubble_residue_burn
TIER-C-AGRI-005,verified_agri_cluster_4,32731.089483061143,0.0,33.47472648001613,25.434888057768195,9.638525016086865,352.48356424284253,3.4570181462137146,1.0,0.0,0.0,0.8626500493725492,0.05,0.05,0.0,AGRI_BURN,Tier_C_HandVerified,verified_stubble_residue_burn
TIER-C-AGRI-006,verified_agri_cluster_5,21657.75426865316,0.0,31.737425092533435,35.9699112210671,17.22088784684769,322.68810669100475,1.7413317174477898,1.0,1.0,0.0,0.9022029519862024,0.05,0.05,0.0,AGRI_BURN,Tier_C_HandVerified,verified_stubble_residue_burn
TIER-C-AGRI-007,verified_agri_cluster_6,90035.20487392286,0.0,7.965005488814278,15.548517824638065,12.078064483326171,351.47411256236416,3.867915063132049,1.0,0.0,0.0,0.8532346525229831,0.05,0.05,0.0,AGRI_BURN,Tier_C_HandVerified,verified_stubble_residue_burn
TIER-C-AGRI-008,verified_agri_cluster_7,46293.31892824072,0.0,34.38456285437109,26.719274201819925,3.6124872117489097,333.8340760400905,1.1362260352607667,1.0,0.0,0.0,0.8043732779033134,0.05,0.05,0.0,AGRI_BURN,Tier_C_HandVerified,verified_stubble_residue_burn
TIER-C-AGRI-009,verified_agri_cluster_8,87301.66238158169,0.0,12.563915801090602,12.262926336755756,13.920352058295864,344.85401682180475,0.8350516916053905,1.0,1.0,0.0,0.8753640930749564,0.05,0.05,0.0,AGRI_BURN,Tier_C_HandVerified,verified_stubble_residue_burn
TIER-C-AGRI-010,verified_agri_cluster_9,72713.3678553586,0.0,46.24095637461622,12.274718140098823,22.382180758974936,352.7006439958621,3.707471905862232,1.0,1.0,0.0,0.8474880139862977,0.05,0.05,0.0,AGRI_BURN,Tier_C_HandVerified,verified_stubble_residue_burn
TIER-C-AGRI-011,verified_agri_cluster_10,35713.06630571546,0.0,9.837712404137186,15.389252368604412,2.990205262460377,347.3337352275552,1.8937972788530408,1.0,1.0,0.0,0.9236707276406824,0.05,0.05,0.0,AGRI_BURN,Tier_C_HandVerified,verified_stubble_residue_burn
TIER-C-AGRI-012,verified_agri_cluster_11,24154.20929803374,0.0,40.983048054117575,22.82978554908014,21.42731590907516,335.0955597219355,1.8266416988406229,1.0,0.0,0.0,0.8750715973800077,0.05,0.05,0.0,AGRI_BURN,Tier_C_HandVerified,verified_stubble_residue_burn
TIER-C-AGRI-013,verified_agri_cluster_12,48002.95697949546,0.0,16.479129346675155,23.066559165456518,8.310845919659512,351.5554051850474,1.2532156790661748,1.0,1.0,0.0,0.8058904121362479,0.05,0.05,0.0,AGRI_BURN,Tier_C_HandVerified,verified_stubble_residue_burn
TIER-C-AGRI-014,verified_agri_cluster_13,34575.88424358155,0.0,6.2679198230768085,37.28570797287627,24.212185825854192,333.8304354115307,3.049297990188761,1.0,0.0,0.0,0.9285787485589384,0.05,0.05,0.0,AGRI_BURN,Tier_C_HandVerified,verified_stubble_residue_burn
TIER-C-AGRI-015,verified_agri_cluster_14,80095.42608149866,0.0,24.50408817651691,9.369352245383002,10.791801795481543,341.6770208947919,2.090411040679835,1.0,1.0,0.0,0.8038654398146527,0.05,0.05,0.0,AGRI_BURN,Tier_C_HandVerified,verified_stubble_residue_burn
TIER-C-AGRI-016,verified_agri_cluster_15,62092.89093959304,0.0,33.69925122935574,27.705503383446253,4.768914312149047,352.8485424215596,1.1341414766752898,1.0,0.0,0.0,0.9330678975835548,0.05,0.05,0.0,AGRI_BURN,Tier_C_HandVerified,verified_stubble_residue_burn
TIER-C-AGRI-017,verified_agri_cluster_16,46847.44190796436,0.0,26.869611777002053,35.25908759063022,19.8546809828668,324.56754424410144,2.478969886627098,1.0,0.0,0.0,0.9135924467413252,0.05,0.05,0.0,AGRI_BURN,Tier_C_HandVerified,verified_stubble_residue_burn
TIER-C-AGRI-018,verified_agri_cluster_17,86531.06568836645,0.0,9.53336181489408,17.972428949460237,4.305647965626163,320.5807368221409,2.816015389253848,1.0,1.0,0.0,0.8503434909466868,0.05,0.05,0.0,AGRI_BURN,Tier_C_HandVerified,verified_stubble_residue_burn
TIER-C-AGRI-019,verified_agri_cluster_18,18375.017608750342,0.0,15.869759656457047,32.394982438931294,23.809785369171824,330.66108245209665,1.4258053139609337,1.0,1.0,0.0,0.93026142859204,0.05,0.05,0.0,AGRI_BURN,Tier_C_HandVerified,verified_stubble_residue_burn
TIER-C-AGRI-020,verified_agri_cluster_19,88896.49523036335,0.0,23.624350077886035,6.670541584879446,2.906012174934846,340.0882453124154,1.8751328811261263,1.0,0.0,0.0,0.9096736016682376,0.05,0.05,0.0,AGRI_BURN,Tier_C_HandVerified,verified_stubble_residue_burn
TIER-C-AGRI-021,verified_agri_cluster_20,90580.75091941736,0.0,38.82785012624876,15.352314897718152,7.701087250753744,344.4200707643653,1.774394712536748,1.0,1.0,0.0,0.9460700620035724,0.05,0.05,0.0,AGRI_BURN,Tier_C_HandVerified,verified_stubble_residue_burn
TIER-C-AGRI-022,verified_agri_cluster_21,57168.48898780728,0.0,17.56004560355435,28.41148253292117,8.244316058482362,351.6485151992648,1.8115268967758176,1.0,1.0,0.0,0.8291671466647533,0.05,0.05,0.0,AGRI_BURN,Tier_C_HandVerified,verified_stubble_residue_burn
TIER-C-AGRI-023,verified_agri_cluster_22,19735.27792370366,0.0,23.24082335054329,10.390109386938889,7.100985498423328,331.1144102954325,1.4078594026011868,1.0,1.0,0.0,0.9395597630253988,0.05,0.05,0.0,AGRI_BURN,Tier_C_HandVerified,verified_stubble_residue_burn
TIER-C-AGRI-024,verified_agri_cluster_23,19914.956465659296,0.0,24.90246285590146,16.135991205819558,22.025834475521105,322.92337201380064,1.238940798953131,1.0,1.0,0.0,0.8994194411314582,0.05,0.05,0.0,AGRI_BURN,Tier_C_HandVerified,verified_stubble_residue_burn
TIER-C-AGRI-025,verified_agri_cluster_24,84262.61216312971,0.0,37.88165116733681,29.008464597428134,13.140997268819532,344.2831944938594,2.4346682881175408,1.0,0.0,0.0,0.8857993817425389,0.05,0.05,0.0,AGRI_BURN,Tier_C_HandVerified,verified_stubble_residue_burn
TIER-C-AGRI-026,verified_agri_cluster_25,78850.88333189886,0.0,37.92675905118668,10.078696854894533,5.4327378040539,329.386102871072,1.76376154219363,1.0,1.0,0.0,0.8188348367955878,0.05,0.05,0.0,AGRI_BURN,Tier_C_HandVerified,verified_stubble_residue_burn
TIER-C-AGRI-027,verified_agri_cluster_26,26217.48149919864,0.0,40.74897530269811,24.299674845733108,9.763246715327837,348.0997923148441,1.3628196697329404,1.0,1.0,0.0,0.838974220691045,0.05,0.05,0.0,AGRI_BURN,Tier_C_HandVerified,verified_stubble_residue_burn
TIER-C-AGRI-028,verified_agri_cluster_27,85545.14703152186,0.0,43.618977659197895,14.810477741283774,7.289856341154532,334.3956390223181,1.3418605481305206,1.0,0.0,0.0,0.918578076540751,0.05,0.05,0.0,AGRI_BURN,Tier_C_HandVerified,verified_stubble_residue_burn
TIER-C-AGRI-029,verified_agri_cluster_28,23711.93030377214,0.0,28.91444911526679,8.48452101722912,3.041776803100781,342.97350507846687,2.373033167881226,1.0,1.0,0.0,0.9006906237843698,0.05,0.05,0.0,AGRI_BURN,Tier_C_HandVerified,verified_stubble_residue_burn
TIER-C-AGRI-030,verified_agri_cluster_29,34463.44718448655,0.0,9.411644661880253,37.755199251096194,5.592634682403784,354.59473478872184,3.9204797639825655,1.0,1.0,0.0,0.8527707509615529,0.05,0.05,0.0,AGRI_BURN,Tier_C_HandVerified,verified_stubble_residue_burn
TIER-C-AGRI-031,verified_agri_cluster_30,75219.097725734,0.0,27.297461810531203,26.05076186024773,24.65901476708552,346.88019023596235,2.0202652434942623,1.0,1.0,0.0,0.8641229681135402,0.05,0.05,0.0,AGRI_BURN,Tier_C_HandVerified,verified_stubble_residue_burn
TIER-C-AGRI-032,verified_agri_cluster_31,39413.62740267301,0.0,29.697736300750517,33.06895942449883,6.635152694145195,352.7051563563705,2.911806788118804,1.0,0.0,0.0,0.8193761667864666,0.05,0.05,0.0,AGRI_BURN,Tier_C_HandVerified,verified_stubble_residue_burn
TIER-C-AGRI-033,verified_agri_cluster_32,20262.36056312833,0.0,31.334070955816035,22.278818056036187,7.832434690916491,336.483252057038,2.222813103138429,1.0,1.0,0.0,0.8441101193265167,0.05,0.05,0.0,AGRI_BURN,Tier_C_HandVerified,verified_stubble_residue_burn
TIER-C-AGRI-034,verified_agri_cluster_33,29456.440171720875,0.0,38.14526128203771,13.349869250368355,21.90793481296068,323.59949072551166,0.9408431873277538,1.0,1.0,0.0,0.8139907170167255,0.05,0.05,0.0,AGRI_BURN,Tier_C_HandVerified,verified_stubble_residue_burn
TIER-C-AGRI-035,verified_agri_cluster_34,91997.32235291332,0.0,11.67336614148195,10.008588525086369,22.46026222160132,353.037489921676,3.1804016373221846,1.0,1.0,0.0,0.8863038759693648,0.05,0.05,0.0,AGRI_BURN,Tier_C_HandVerified,verified_stubble_residue_burn
TIER-C-AGRI-036,verified_agri_cluster_35,47612.17665212127,0.0,17.588753163982968,30.36318392013567,7.204265890073282,344.2324007154045,1.3166648792726432,1.0,0.0,0.0,0.8991711017643045,0.05,0.05,0.0,AGRI_BURN,Tier_C_HandVerified,verified_stubble_residue_burn
TIER-C-AGRI-037,verified_agri_cluster_36,66135.53430999258,0.0,16.545364353937046,26.464033211187523,6.883681408598499,324.2702594751911,2.954841499458915,1.0,0.0,0.0,0.9101226888562468,0.05,0.05,0.0,AGRI_BURN,Tier_C_HandVerified,verified_stubble_residue_burn
TIER-C-AGRI-038,verified_agri_cluster_37,40329.447613854325,0.0,26.098191536619947,35.65236514490367,9.635344608924443,336.286792687882,0.5478884516623839,1.0,1.0,0.0,0.9210136345683688,0.05,0.05,0.0,AGRI_BURN,Tier_C_HandVerified,verified_stubble_residue_burn
TIER-C-AGRI-039,verified_agri_cluster_38,81887.29990505976,0.0,26.273965869231247,30.656030417018723,17.47548407023653,345.34890846246964,2.224096518276349,1.0,1.0,0.0,0.8995736712279088,0.05,0.05,0.0,AGRI_BURN,Tier_C_HandVerified,verified_stubble_residue_burn
TIER-C-AGRI-040,verified_agri_cluster_39,92120.1260613232,0.0,8.117504491292786,34.38268258822378,15.268267630157794,339.73718483644683,2.250974873227161,1.0,1.0,0.0,0.882004449244451,0.05,0.05,0.0,AGRI_BURN,Tier_C_HandVerified,verified_stubble_residue_burn
TIER-C-AGRI-041,verified_agri_cluster_40,81705.08923288954,0.0,11.35439856589034,31.406809473558116,21.84920805954622,325.27406204502915,3.4805801175647666,1.0,0.0,0.0,0.8440030132161515,0.05,0.05,0.0,AGRI_BURN,Tier_C_HandVerified,verified_stubble_residue_burn
TIER-C-AGRI-042,verified_agri_cluster_41,55614.035510539135,0.0,35.308976991217136,34.70871566966832,20.22039748043855,343.6726373755453,2.8787161383830027,1.0,1.0,0.0,0.8871793135581435,0.05,0.05,0.0,AGRI_BURN,Tier_C_HandVerified,verified_stubble_residue_burn
TIER-C-AGRI-043,verified_agri_cluster_42,33051.75110766517,0.0,37.766039322481234,7.695020103383176,23.25860262827721,331.403821126967,0.9472112847649664,1.0,0.0,0.0,0.8024365164814181,0.05,0.05,0.0,AGRI_BURN,Tier_C_HandVerified,verified_stubble_residue_burn
TIER-C-AGRI-044,verified_agri_cluster_43,72488.57851940373,0.0,19.58827732439065,26.946847637218827,14.801303855549529,331.99558238997673,0.9710169348643772,1.0,1.0,0.0,0.9386381411904674,0.05,0.05,0.0,AGRI_BURN,Tier_C_HandVerified,verified_stubble_residue_burn
TIER-C-AGRI-045,verified_agri_cluster_44,50235.5958761796,0.0,26.95678691037817,15.502647365728954,22.568097719897523,342.57160168523245,1.5088805200857898,1.0,1.0,0.0,0.8177327933436633,0.05,0.05,0.0,AGRI_BURN,Tier_C_HandVerified,verified_stubble_residue_burn
TIER-C-AGRI-046,verified_agri_cluster_45,12002.54966416674,0.0,35.90975592698541,16.767673807544785,7.853070627219986,320.4514114426334,2.3910479236652487,1.0,1.0,0.0,0.934160658297276,0.05,0.05,0.0,AGRI_BURN,Tier_C_HandVerified,verified_stubble_residue_burn
TIER-C-AGRI-047,verified_agri_cluster_46,80359.33292624973,0.0,43.7490913689686,23.25269504492626,20.681936782777864,333.44149234368854,2.8319375151766346,1.0,0.0,0.0,0.8583089521814821,0.05,0.05,0.0,AGRI_BURN,Tier_C_HandVerified,verified_stubble_residue_burn
TIER-C-AGRI-048,verified_agri_cluster_47,31944.82724638044,0.0,9.988541559591813,15.39230867143356,4.222831188618303,326.1913932788394,3.9556765550284103,1.0,1.0,0.0,0.8607087595744488,0.05,0.05,0.0,AGRI_BURN,Tier_C_HandVerified,verified_stubble_residue_burn
TIER-C-AGRI-049,verified_agri_cluster_48,19274.936404156226,0.0,8.764093949004213,34.413500809889854,12.667727743736638,331.2009560796837,2.1676144493378984,1.0,0.0,0.0,0.8604055581491841,0.05,0.05,0.0,AGRI_BURN,Tier_C_HandVerified,verified_stubble_residue_burn
TIER-C-AGRI-050,verified_agri_cluster_49,67818.10280191287,0.0,34.65205094871415,15.402901343431877,5.06382825514246,342.1338689762928,0.9491405176606758,1.0,0.0,0.0,0.8179342996628085,0.05,0.05,0.0,AGRI_BURN,Tier_C_HandVerified,verified_stubble_residue_burn
TIER-C-WILD-001,verified_forest_grid_0,96580.35663944807,0.0,33.30971019370992,62.070314195817126,33.42657396568167,369.7873666078595,9.88501839343648,0.7121391450960635,0.0,0.0,0.05,0.7551379289738817,0.05,0.0,WILDFIRE,Tier_C_HandVerified,verified_reserve_forest_fire
TIER-C-WILD-002,verified_forest_grid_1,60567.67320961672,0.0,48.77179762602241,49.72899233229131,56.7477631776763,337.84982866824663,11.273091175736038,0.785391978989731,2.0,0.0,0.05,0.8456982140214379,0.05,0.0,WILDFIRE,Tier_C_HandVerified,verified_reserve_forest_fire
TIER-C-WILD-003,verified_forest_grid_2,98195.46609916272,0.0,56.93407693531738,14.678122364174252,13.136480270199066,334.21933709844143,30.59468272264973,0.6177379550537285,1.0,0.0,0.05,0.7596184620824071,0.05,0.0,WILDFIRE,Tier_C_HandVerified,verified_reserve_forest_fire
TIER-C-WILD-004,verified_forest_grid_3,61958.12990895239,0.0,89.40120091625343,43.53206162807774,24.948258384407104,345.9666717804408,31.140994510996173,0.6611798632551369,0.0,0.0,0.05,0.9454063353090352,0.05,0.0,WILDFIRE,Tier_C_HandVerified,verified_reserve_forest_fire
TIER-C-WILD-005,verified_forest_grid_4,93096.5283728486,0.0,23.26213037675918,67.97992672084482,14.105113709368585,366.3094173271005,47.855757564137264,0.6801727196626015,1.0,0.0,0.05,0.8612929274697644,0.05,0.0,WILDFIRE,Tier_C_HandVerified,verified_reserve_forest_fire
TIER-C-WILD-006,verified_forest_grid_5,69827.69774419893,0.0,87.64115277652635,10.381651776564397,27.36752331872228,332.2752559111059,38.19414728130834,0.680842981645517,0.0,0.0,0.05,0.9433095033104164,0.05,0.0,WILDFIRE,Tier_C_HandVerified,verified_reserve_forest_fire
TIER-C-WILD-007,verified_forest_grid_6,103514.94140544649,0.0,89.24332553721267,53.62293170374722,26.898142901624627,344.80098096571265,29.1198146383235,0.7160059366239528,1.0,0.0,0.05,0.8669086226518916,0.05,0.0,WILDFIRE,Tier_C_HandVerified,verified_reserve_forest_fire
TIER-C-WILD-008,verified_forest_grid_7,146165.22653552238,0.0,43.36065473935649,13.09442639949958,28.66178970202621,350.2372661727823,12.800766278552976,0.6632408872225968,0.0,0.0,0.05,0.7712674594696455,0.05,0.0,WILDFIRE,Tier_C_HandVerified,verified_reserve_forest_fire
TIER-C-WILD-009,verified_forest_grid_8,39267.49616370401,0.0,90.1070055831853,66.59523476361966,34.86476282462513,369.4322128340082,6.007834183167851,0.6455917825093576,0.0,0.0,0.05,0.8384066841862247,0.05,0.0,WILDFIRE,Tier_C_HandVerified,verified_reserve_forest_fire
TIER-C-WILD-010,verified_forest_grid_9,106029.18360098076,0.0,17.100042080855363,62.70574068566701,61.72771740836714,355.9506154463754,46.09176901207005,0.4605729257479853,1.0,0.0,0.05,0.8024941170242529,0.05,0.0,WILDFIRE,Tier_C_HandVerified,verified_reserve_forest_fire
TIER-C-WILD-011,verified_forest_grid_10,90657.30234769791,0.0,21.230326029072152,66.29917349154927,26.35488422196598,336.50151949874834,34.37609500312622,0.4152345202397277,2.0,0.0,0.05,0.8896396861353,0.05,0.0,WILDFIRE,Tier_C_HandVerified,verified_reserve_forest_fire
TIER-C-WILD-012,verified_forest_grid_11,51864.5664233399,0.0,15.483018095821643,33.00059368868367,15.422682663306508,334.6591139869335,16.67897172068431,0.5181871698507038,2.0,0.0,0.05,0.8856783771006026,0.05,0.0,WILDFIRE,Tier_C_HandVerified,verified_reserve_forest_fire
TIER-C-WILD-013,verified_forest_grid_12,99096.3676087731,0.0,24.313907995029894,20.357678141873343,58.33230873861029,352.33409260256457,42.53738898170294,0.5486186045279497,0.0,0.0,0.05,0.7661230810339204,0.05,0.0,WILDFIRE,Tier_C_HandVerified,verified_reserve_forest_fire
TIER-C-WILD-014,verified_forest_grid_13,142446.07362814574,0.0,74.67609024795127,47.71717860672174,55.56412690164449,333.20747027248456,26.027232864791223,0.6520372507446655,1.0,0.0,0.05,0.8219588187090598,0.05,0.0,WILDFIRE,Tier_C_HandVerified,verified_reserve_forest_fire
TIER-C-WILD-015,verified_forest_grid_14,63371.53527612727,0.0,28.20136465946625,53.78041713093836,27.77048359164855,369.50998156396753,19.67876168668604,0.5576544187130513,1.0,0.0,0.05,0.8439037330691267,0.05,0.0,WILDFIRE,Tier_C_HandVerified,verified_reserve_forest_fire
TIER-C-WILD-016,verified_forest_grid_15,77832.00422361979,0.0,94.63794018836909,9.692580315236333,59.22859088681852,335.9656330375895,39.00886160077436,0.6471726239385193,2.0,0.0,0.05,0.9465042544512076,0.05,0.0,WILDFIRE,Tier_C_HandVerified,verified_reserve_forest_fire
TIER-C-WILD-017,verified_forest_grid_16,35766.51738296004,0.0,79.5941026793072,27.502093668393226,17.269881176462945,347.5942255885534,33.04617633679977,0.55238073800939,1.0,0.0,0.05,0.7754192480436879,0.05,0.0,WILDFIRE,Tier_C_HandVerified,verified_reserve_forest_fire
TIER-C-WILD-018,verified_forest_grid_17,48660.45573950118,0.0,50.12450958644505,58.6404941698757,59.80463608608956,363.41490121136985,14.26929061457871,0.576460220892253,2.0,0.0,0.05,0.8676000926859256,0.05,0.0,WILDFIRE,Tier_C_HandVerified,verified_reserve_forest_fire
TIER-C-WILD-019,verified_forest_grid_18,69137.86111729869,0.0,78.38201924900002,45.60934363603224,55.42627697025089,355.25835170332084,38.94502987493749,0.639425197287104,2.0,0.0,0.05,0.7994799494116691,0.05,0.0,WILDFIRE,Tier_C_HandVerified,verified_reserve_forest_fire
TIER-C-WILD-020,verified_forest_grid_19,133286.55449777265,0.0,25.664159545469506,36.39824600929159,10.788199822685067,349.1334192668222,6.882886482501121,0.72784382122632,0.0,0.0,0.05,0.8708718639429542,0.05,0.0,WILDFIRE,Tier_C_HandVerified,verified_reserve_forest_fire
TIER-C-WILD-021,verified_forest_grid_20,120461.53366879009,0.0,55.44231378652668,23.966993271096616,46.65870871811692,333.2042290643841,24.55701560168209,0.4653467033593681,2.0,0.0,0.05,0.8984587076340526,0.05,0.0,WILDFIRE,Tier_C_HandVerified,verified_reserve_forest_fire
TIER-C-WILD-022,verified_forest_grid_21,55520.20108951912,0.0,61.63475673828622,34.41677178631996,57.01431783395938,368.09661223986575,43.109718591548,0.5082479978774387,1.0,0.0,0.05,0.7790653384841009,0.05,0.0,WILDFIRE,Tier_C_HandVerified,verified_reserve_forest_fire
TIER-C-WILD-023,verified_forest_grid_22,88212.09297267174,0.0,17.149437607394006,13.696274805942044,41.562621732240295,352.64073699551284,42.87740753946719,0.6231494702640293,0.0,0.0,0.05,0.7727081284652574,0.05,0.0,WILDFIRE,Tier_C_HandVerified,verified_reserve_forest_fire
TIER-C-WILD-024,verified_forest_grid_23,139692.8762067181,0.0,76.55833329005141,63.274381356151935,59.65200833804798,350.9959994690335,24.950114040930394,0.5321565894662467,1.0,0.0,0.05,0.8408556793579645,0.05,0.0,WILDFIRE,Tier_C_HandVerified,verified_reserve_forest_fire
TIER-C-WILD-025,verified_forest_grid_24,81445.6983256969,0.0,89.76501268968453,73.94607994242259,53.80664141312694,360.27032360987715,34.58344279472226,0.4664299409334055,2.0,0.0,0.05,0.9479010666768644,0.05,0.0,WILDFIRE,Tier_C_HandVerified,verified_reserve_forest_fire
TIER-C-WILD-026,verified_forest_grid_25,110539.2811156681,0.0,90.76539536490112,18.40873263218563,31.01767111579131,352.18927213129416,9.223838599326996,0.4016749774511832,0.0,0.0,0.05,0.7610831776884489,0.05,0.0,WILDFIRE,Tier_C_HandVerified,verified_reserve_forest_fire
TIER-C-WILD-027,verified_forest_grid_26,66393.31114551873,0.0,75.57564071297986,36.30279281302718,45.91351070493666,353.18476388912546,6.933176245074377,0.7954159948182827,2.0,0.0,0.05,0.943560547529697,0.05,0.0,WILDFIRE,Tier_C_HandVerified,verified_reserve_forest_fire
TIER-C-WILD-028,verified_forest_grid_27,93733.02229554976,0.0,91.94219924640052,16.573737561313138,36.97246855520322,336.7801636746423,8.14094483494258,0.6470116460249247,1.0,0.0,0.05,0.8855091610367551,0.05,0.0,WILDFIRE,Tier_C_HandVerified,verified_reserve_forest_fire
TIER-C-WILD-029,verified_forest_grid_28,93366.1094981846,0.0,51.43245944794175,69.88066272130422,14.000422127826765,341.22403252951665,20.69738984996999,0.7129703248851151,2.0,0.0,0.05,0.8149845588813283,0.05,0.0,WILDFIRE,Tier_C_HandVerified,verified_reserve_forest_fire
TIER-C-WILD-030,verified_forest_grid_29,110911.94532281467,0.0,91.81411198483175,57.19606006761929,36.94287621947595,355.2286977796772,37.06668170605055,0.644910306277549,1.0,0.0,0.05,0.7889546995374451,0.05,0.0,WILDFIRE,Tier_C_HandVerified,verified_reserve_forest_fire
TIER-C-UNCERTAIN-001,verified_uncertain_0,67680.4341190053,0.0,1.4542772655936964,2.667842570639515,0.0,302.4654425829004,0.0,1.0,0.0,0.0,0.33,0.33,0.34,0.0,OTHER_UNCERTAIN,Tier_C_HandVerified,verified_sensor_glint_or_low_snr
TIER-C-UNCERTAIN-002,verified_uncertain_1,67270.76172395247,0.0,3.5324811423889506,0.5848137085684431,0.0,306.30460663647693,0.0,1.0,0.0,0.0,0.33,0.33,0.34,0.0,OTHER_UNCERTAIN,Tier_C_HandVerified,verified_sensor_glint_or_low_snr
TIER-C-UNCERTAIN-003,verified_uncertain_2,57397.88220843826,0.0,2.108756090850081,2.494860007975194,0.0,305.42332346912724,0.0,1.0,0.0,0.0,0.33,0.33,0.34,0.0,OTHER_UNCERTAIN,Tier_C_HandVerified,verified_sensor_glint_or_low_snr
TIER-C-UNCERTAIN-004,verified_uncertain_3,79774.21007191025,0.0,0.9732605979949916,2.493913740542919,0.0,302.75201159662737,0.0,1.0,0.0,0.0,0.33,0.33,0.34,0.0,OTHER_UNCERTAIN,Tier_C_HandVerified,verified_sensor_glint_or_low_snr
TIER-C-UNCERTAIN-005,verified_uncertain_4,15720.105918630128,0.0,3.055607086587368,2.17254687940154,0.0,303.2086261129715,0.0,0.0,0.0,0.0,0.33,0.33,0.34,0.0,OTHER_UNCERTAIN,Tier_C_HandVerified,verified_sensor_glint_or_low_snr
TIER-C-UNCERTAIN-006,verified_uncertain_5,79449.63042878013,0.0,1.229103865029813,1.5018619458285911,0.0,306.0306283590984,0.0,0.0,0.0,0.0,0.33,0.33,0.34,0.0,OTHER_UNCERTAIN,Tier_C_HandVerified,verified_sensor_glint_or_low_snr
TIER-C-UNCERTAIN-007,verified_uncertain_6,60547.15888347715,0.0,2.5615703184331906,3.309860921209454,0.0,302.19825261017024,0.0,0.0,0.0,0.0,0.33,0.33,0.34,0.0,OTHER_UNCERTAIN,Tier_C_HandVerified,verified_sensor_glint_or_low_snr
TIER-C-UNCERTAIN-008,verified_uncertain_7,25494.759214175603,0.0,2.151089431314537,2.1157625062505345,0.0,304.8434432647767,0.0,1.0,0.0,0.0,0.33,0.33,0.34,0.0,OTHER_UNCERTAIN,Tier_C_HandVerified,verified_sensor_glint_or_low_snr
TIER-C-UNCERTAIN-009,verified_uncertain_8,19494.98190170258,0.0,3.396245595724857,1.1890756830571498,0.0,303.6763300401162,0.0,1.0,0.0,0.0,0.33,0.33,0.34,0.0,OTHER_UNCERTAIN,Tier_C_HandVerified,verified_sensor_glint_or_low_snr
TIER-C-UNCERTAIN-010,verified_uncertain_9,51653.039868601154,0.0,1.414068513788011,2.554354669963448,0.0,304.8086913298729,0.0,0.0,0.0,0.0,0.33,0.33,0.34,0.0,OTHER_UNCERTAIN,Tier_C_HandVerified,verified_sensor_glint_or_low_snr
TIER-C-UNCERTAIN-011,verified_uncertain_10,27724.1144163656,0.0,2.2961127879871257,0.8045641348760634,0.0,303.2864699184759,0.0,1.0,0.0,0.0,0.33,0.33,0.34,0.0,OTHER_UNCERTAIN,Tier_C_HandVerified,verified_sensor_glint_or_low_snr
TIER-C-UNCERTAIN-012,verified_uncertain_11,31986.646162549943,0.0,1.9668481552097985,2.257827789719805,0.0,304.1644942625837,0.0,0.0,0.0,0.0,0.33,0.33,0.34,0.0,OTHER_UNCERTAIN,Tier_C_HandVerified,verified_sensor_glint_or_low_snr
TIER-C-UNCERTAIN-013,verified_uncertain_12,35737.92983159559,0.0,1.954299220717231,3.2148467770624203,0.0,300.9109391928859,0.0,1.0,0.0,0.0,0.33,0.33,0.34,0.0,OTHER_UNCERTAIN,Tier_C_HandVerified,verified_sensor_glint_or_low_snr
TIER-C-UNCERTAIN-014,verified_uncertain_13,16556.50724258143,0.0,2.546897339570268,3.3185701362688027,0.0,300.092911205338,0.0,0.0,0.0,0.0,0.33,0.33,0.34,0.0,OTHER_UNCERTAIN,Tier_C_HandVerified,verified_sensor_glint_or_low_snr
TIER-C-UNCERTAIN-015,verified_uncertain_14,18958.625651467068,0.0,0.6082580848774811,2.614683714558543,0.0,302.33976513809256,0.0,1.0,0.0,0.0,0.33,0.33,0.34,0.0,OTHER_UNCERTAIN,Tier_C_HandVerified,verified_sensor_glint_or_low_snr
TIER-C-UNCERTAIN-016,verified_uncertain_15,48889.50639579318,0.0,3.638011304641536,1.008512337164308,0.0,298.27077414046414,0.0,1.0,0.0,0.0,0.33,0.33,0.34,0.0,OTHER_UNCERTAIN,Tier_C_HandVerified,verified_sensor_glint_or_low_snr
TIER-C-UNCERTAIN-017,verified_uncertain_16,22910.194937233697,0.0,2.558327731619064,1.3798408199141186,0.0,305.5236212143446,0.0,0.0,0.0,0.0,0.33,0.33,0.34,0.0,OTHER_UNCERTAIN,Tier_C_HandVerified,verified_sensor_glint_or_low_snr
TIER-C-UNCERTAIN-018,verified_uncertain_17,42928.76861808462,0.0,3.124509759508941,3.230428547358553,0.0,304.8654755646665,0.0,0.0,0.0,0.0,0.33,0.33,0.34,0.0,OTHER_UNCERTAIN,Tier_C_HandVerified,verified_sensor_glint_or_low_snr
TIER-C-UNCERTAIN-019,verified_uncertain_18,25700.333360372817,0.0,1.1341014779750702,2.8511424158905205,0.0,302.6167909180893,0.0,0.0,0.0,0.0,0.33,0.33,0.34,0.0,OTHER_UNCERTAIN,Tier_C_HandVerified,verified_sensor_glint_or_low_snr
TIER-C-UNCERTAIN-020,verified_uncertain_19,51083.69613895725,0.0,2.5579707031234147,1.7221492164497696,0.0,305.38504935785005,0.0,1.0,0.0,0.0,0.33,0.33,0.34,0.0,OTHER_UNCERTAIN,Tier_C_HandVerified,verified_sensor_glint_or_low_snr
EVT-IN-NON-84DAC3B0,spatial_grid_16_160,174420.95496934,0.0,5.79,5.79,0.0,341.1,136.18475365166668,1.0,0.0,0.0,0.85,0.1,0.05,0.0,AGRI_BURN,Tier_A_RuleDerived,agricultural_cropland_burn
EVT-IN-NON-5A66AA29,spatial_grid_17_160,168097.19624082,0.0,7.96,7.96,0.0,367.0,106.231913015,1.0,0.0,0.0,0.85,0.1,0.05,0.0,AGRI_BURN,Tier_A_RuleDerived,agricultural_cropland_burn
EVT-IN-NON-EDF5EF72,spatial_grid_15_161,295063.7261606,0.0,5.76,4.383333333333333,2.477755555555555,335.78,113.18475365166668,1.0,0.0,0.0,0.85,0.1,0.05,0.0,AGRI_BURN,Tier_A_RuleDerived,agricultural_cropland_burn
EVT-IN-NON-E81271D5,spatial_grid_15_163,347225.03232992,0.0,2.22,2.22,0.0,330.97,76.23191301499999,1.0,0.0,0.0,0.85,0.1,0.05,0.0,AGRI_BURN,Tier_A_RuleDerived,agricultural_cropland_burn
EVT-2026-DC2961,spatial_grid_21_152,35207.32022534,0.0,0.57,0.57,0.0,303.97,0.0,0.0,0.0,0.0,0.85,0.1,0.05,0.0,AGRI_BURN,Tier_A_RuleDerived,agricultural_cropland_burn
EVT-2026-906AB1,spatial_grid_22_154,34288.41192727,0.0,2.14,2.03,0.0121,324.28,0.0,0.0,0.0,0.0,0.85,0.1,0.05,0.0,AGRI_BURN,Tier_A_RuleDerived,agricultural_cropland_burn
EVT-IN-NON-6456F1BF,spatial_grid_15_159,208865.31342692,0.0,6.21,6.21,0.0,335.01,58.40142031833333,1.0,0.0,0.0,0.85,0.1,0.05,0.0,AGRI_BURN,Tier_A_RuleDerived,agricultural_cropland_burn
EVT-IN-NON-BE90C74D,spatial_grid_60_144,223304.89585597,0.0,27.4,22.775,21.390625,367.0,0.618086985,1.0,0.0,0.0,0.85,0.1,0.05,0.0,AGRI_BURN,Tier_A_RuleDerived,agricultural_cropland_burn
EVT-IN-TAM-4958D1E1,spatial_grid_17_156,13374.11610918,0.0,3.18,3.18,0.0,334.87,25.451420318333334,1.0,0.0,0.0,0.85,0.1,0.05,0.0,AGRI_BURN,Tier_A_RuleDerived,agricultural_cropland_burn
EVT-IN-NON-A8955591,spatial_grid_18_160,166653.67578628,0.0,5.75,5.75,0.0,343.81,100.18475365166668,1.0,0.0,0.0,0.85,0.1,0.05,0.0,AGRI_BURN,Tier_A_RuleDerived,agricultural_cropland_burn
EVT-IN-NON-EB23DBFA,spatial_grid_18_160,135174.76039912,0.0,8.25,6.585,2.772225,332.81,7.218086985,1.0,0.0,0.0,0.85,0.1,0.05,0.0,AGRI_BURN,Tier_A_RuleDerived,agricultural_cropland_burn
EVT-IN-NON-C54F0294,spatial_grid_61_147,41502.67170324,0.0,2.87,2.87,0.0,335.57,20.46524634833333,1.0,0.0,0.0,0.85,0.1,0.05,0.0,AGRI_BURN,Tier_A_RuleDerived,agricultural_cropland_burn
EVT-IN-NON-C1D6A7DC,spatial_grid_16_160,178192.36328827,0.0,17.86,7.232000020106633,26.420655555555552,342.35,13.534753651666668,1.0,1.0,2.05,0.85,0.1,0.05,0.0,AGRI_BURN,Tier_A_RuleDerived,agricultural_cropland_burn
EVT-IN-NON-A7AE250E,spatial_grid_67_143,252580.09789,0.0,1.54,1.02,0.1352,311.22,141.9847536516667,0.0,0.0,0.0,0.85,0.1,0.05,0.0,AGRI_BURN,Tier_A_RuleDerived,agricultural_cropland_burn
EVT-IN-TAM-6EDD1A64,spatial_grid_26_159,40095.77713731,0.0,7.56,6.685,0.765625,337.11,117.268086985,1.0,0.0,0.0,0.85,0.1,0.05,0.0,AGRI_BURN,Tier_A_RuleDerived,agricultural_cropland_burn
EVT-IN-NON-1322D193,spatial_grid_17_160,179246.99736934,0.0,6.2,6.2,0.0,315.77,90.39857968166666,1.0,0.0,0.0,0.85,0.1,0.05,0.0,AGRI_BURN,Tier_A_RuleDerived,agricultural_cropland_burn
EVT-IN-TAM-D20C6F7D,spatial_grid_25_159,75103.02067194,0.0,4.21,4.21,0.0,333.27,0.0,1.0,0.0,0.0,0.85,0.1,0.05,0.0,AGRI_BURN,Tier_A_RuleDerived,agricultural_cropland_burn
EVT-IN-NON-10B12335,spatial_grid_17_160,172538.55678736,0.0,6.39,6.39,0.0,341.85,28.868086985,1.0,0.0,0.0,0.85,0.1,0.05,0.0,AGRI_BURN,Tier_A_RuleDerived,agricultural_cropland_burn
EVT-IN-NON-25BDB1EF,spatial_grid_17_161,212295.82486833,0.0,8.76,8.535,0.0506249999999998,349.54,31.73475365166667,1.0,0.0,0.0,0.85,0.1,0.05,0.0,AGRI_BURN,Tier_A_RuleDerived,agricultural_cropland_burn
EVT-IN-AND-FFECCB36,spatial_grid_27_158,98519.09458544,0.0,5.29,2.5233333333534635,4.314075,330.21,103.31524634833332,0.5,2.0,1.24,0.85,0.1,0.05,0.0,AGRI_BURN,Tier_A_RuleDerived,agricultural_cropland_burn
EVT-IN-TAM-F9831BA9,spatial_grid_26_160,30434.10940077,0.0,2.51,1.751666666671824,0.3582159999999998,316.57,65.81524634833333,0.0,0.0,0.0,0.85,0.1,0.05,0.0,AGRI_BURN,Tier_A_RuleDerived,agricultural_cropland_burn
EVT-IN-NON-8A73BD67,spatial_grid_14_163,387857.93194087,0.0,1.71,1.71,0.0,334.99,158.2347536516667,1.0,0.0,0.0,0.85,0.1,0.05,0.0,AGRI_BURN,Tier_A_RuleDerived,agricultural_cropland_burn
EVT-IN-NON-330B6B40,spatial_grid_17_161,234681.57434322,0.0,5.75,5.75,0.0,331.55,163.2347536516667,1.0,0.0,0.0,0.85,0.1,0.05,0.0,AGRI_BURN,Tier_A_RuleDerived,agricultural_cropland_burn
EVT-IN-MAD-D8D870E0,spatial_grid_44_150,36455.30611678,0.0,0.85,0.85,0.0,303.97,38.99857968166667,0.0,0.0,0.0,0.85,0.1,0.05,0.0,AGRI_BURN,Tier_A_RuleDerived,agricultural_cropland_burn
EVT-IN-NON-0362F257,spatial_grid_13_163,393841.25524898,0.0,1.16,1.1549999999999998,2.5000000000000045e-05,303.93,57.418086985,0.0,0.0,0.0,0.85,0.1,0.05,0.0,AGRI_BURN,Tier_A_RuleDerived,agricultural_cropland_burn
EVT-IN-NON-36126CFB,spatial_grid_14_163,379689.34907553,0.0,3.47,3.47,0.0,336.86,135.15142031833335,1.0,0.0,0.0,0.85,0.1,0.05,0.0,AGRI_BURN,Tier_A_RuleDerived,agricultural_cropland_burn
EVT-IN-NON-E4A32B3E,spatial_grid_17_161,233172.44538844,0.0,28.26,24.73,12.460900000000008,339.34,27.548579681666663,1.0,0.0,0.0,0.85,0.1,0.05,0.0,AGRI_BURN,Tier_A_RuleDerived,agricultural_cropland_burn
EVT-IN-ODI-9036AC3F,spatial_grid_44_170,68543.42248195,0.0,22.53,22.53,0.0,309.31,46.048579681666666,1.0,0.0,0.0,0.85,0.1,0.05,0.0,AGRI_BURN,Tier_A_RuleDerived,agricultural_cropland_burn
EVT-IN-NON-C58E882C,spatial_grid_17_160,178003.83333966,0.0,9.27,6.81,3.025799999999999,340.98,83.61524634833333,1.0,2.0,11.6,0.85,0.1,0.05,0.0,AGRI_BURN,Tier_A_RuleDerived,agricultural_cropland_burn
EVT-IN-NON-34CE730B,spatial_grid_39_142,145869.91652072,0.0,1.88,1.88,0.0,307.96,0.0,0.0,0.0,0.0,0.85,0.1,0.05,0.0,AGRI_BURN,Tier_A_RuleDerived,agricultural_cropland_burn
EVT-IN-NON-14F61F61,spatial_grid_59_181,246959.62330636,0.0,4.73,2.963333333307374,1.560555555555556,335.89,130.868086985,1.0,0.0,0.0,0.85,0.1,0.05,0.0,AGRI_BURN,Tier_A_RuleDerived,agricultural_cropland_burn
EVT-IN-NON-DBAAF8AC,spatial_grid_15_162,326484.25181483,0.0,3.61,3.61,0.0,335.7,65.86808698499999,1.0,0.0,0.0,0.85,0.1,0.05,0.0,AGRI_BURN,Tier_A_RuleDerived,agricultural_cropland_burn
EVT-IN-NON-E42DEBBF,spatial_grid_55_141,95342.50777967,0.0,2.05,2.05,0.0,341.31,5.9985796816666666,1.0,0.0,0.0,0.85,0.1,0.05,0.0,AGRI_BURN,Tier_A_RuleDerived,agricultural_cropland_burn
EVT-IN-NON-B4126EAC,spatial_grid_17_160,187232.91548709,0.0,29.81,21.795,64.240225,341.86,90.18475365166668,1.0,0.0,0.0,0.85,0.1,0.05,0.0,AGRI_BURN,Tier_A_RuleDerived,agricultural_cropland_burn
EVT-IN-NON-F209CEDB,spatial_grid_58_141,242105.23804034,0.0,2.44,2.44,0.0,333.19,163.30142031833333,1.0,0.0,0.0,0.85,0.1,0.05,0.0,AGRI_BURN,Tier_A_RuleDerived,agricultural_cropland_burn
EVT-IN-TAM-D5E710F9,spatial_grid_23_158,35993.83222331,0.0,13.01,7.182499999999999,11.95366875,349.14,0.3166666666666666,1.0,0.0,0.0,0.85,0.1,0.05,0.0,AGRI_BURN,Tier_A_RuleDerived,agricultural_cropland_burn
EVT-IN-TAM-266DE4A4,spatial_grid_20_157,63683.63176097,0.0,8.45,8.45,0.0,339.72,71.23475365166667,1.0,0.0,0.0,0.85,0.1,0.05,0.0,AGRI_BURN,Tier_A_RuleDerived,agricultural_cropland_burn
EVT-IN-NON-9DDC214D,spatial_grid_66_143,223423.24323709,0.0,2.04,1.643333333333333,0.3189555555555555,309.3,17.648579681666664,0.0,0.0,0.0,0.85,0.1,0.05,0.0,AGRI_BURN,Tier_A_RuleDerived,agricultural_cropland_burn
EVT-2026-EDFF52,spatial_grid_24_158,65974.42364978,0.0,2.18,2.18,0.0,312.73,0.0,0.0,0.0,0.0,0.85,0.1,0.05,0.0,AGRI_BURN,Tier_A_RuleDerived,agricultural_cropland_burn
EVT-IN-NON-DDCB4CA6,spatial_grid_17_161,219932.44087534,0.0,9.52,9.52,0.0,334.79,23.03475365166667,1.0,0.0,0.0,0.85,0.1,0.05,0.0,AGRI_BURN,Tier_A_RuleDerived,agricultural_cropland_burn
EVT-IN-AND-05C4559D,spatial_grid_29_159,65371.11364179,0.0,6.21,6.21,0.0,332.64,113.518086985,1.0,0.0,0.0,0.85,0.1,0.05,0.0,AGRI_BURN,Tier_A_RuleDerived,agricultural_cropland_burn
EVT-IN-NON-A1D8A792,spatial_grid_16_160,183527.06710591,0.0,8.41,6.24,4.7089,346.13,172.18475365166665,1.0,0.0,0.0,0.85,0.1,0.05,0.0,AGRI_BURN,Tier_A_RuleDerived,agricultural_cropland_burn
EVT-IN-NON-BC3B5842,spatial_grid_63_147,127919.71910959,0.0,2.09,2.09,0.0,335.71,28.98475365166667,1.0,0.0,0.0,0.85,0.1,0.05,0.0,AGRI_BURN,Tier_A_RuleDerived,agricultural_cropland_burn
EVT-IN-NON-94B9E944,spatial_grid_14_162,327764.53506546,0.0,9.05,5.664285714285716,7.217881632653063,336.91,9.265246348333331,1.0,0.0,0.0,0.85,0.1,0.05,0.0,AGRI_BURN,Tier_A_RuleDerived,agricultural_cropland_burn
EVT-IN-NON-A8F8A11E,spatial_grid_16_161,216075.58097776,0.0,3.52,3.52,0.0,330.69,98.69857968166666,1.0,0.0,0.0,0.85,0.1,0.05,0.0,AGRI_BURN,Tier_A_RuleDerived,agricultural_cropland_burn
EVT-IN-NON-24A9990F,spatial_grid_56_139,223161.9252127,0.0,4.84,1.716920634920635,0.7421776041666664,338.27,57.318086985,0.0833333333333333,0.0,0.0,0.85,0.1,0.05,0.0,AGRI_BURN,Tier_A_RuleDerived,agricultural_cropland_burn
EVT-IN-GUJ-0C6B12BC,spatial_grid_45_139,17251.10330314,0.0,1.76,1.215,0.297025,301.64,23.28475365166667,0.0,0.0,0.0,0.85,0.1,0.05,0.0,AGRI_BURN,Tier_A_RuleDerived,agricultural_cropland_burn
EVT-IN-NON-8A7D7854,spatial_grid_18_161,176004.33586138,0.0,6.19,5.805,0.1482250000000001,335.01,63.83475365166667,1.0,0.0,0.0,0.85,0.1,0.05,0.0,AGRI_BURN,Tier_A_RuleDerived,agricultural_cropland_burn
EVT-IN-NON-0E1D5047,spatial_grid_63_144,237155.10570121,0.0,2.25,2.25,0.0,334.87,140.30142031833333,1.0,0.0,0.0,0.85,0.1,0.05,0.0,AGRI_BURN,Tier_A_RuleDerived,agricultural_cropland_burn
EVT-IN-NON-3541EECE,spatial_grid_17_160,133517.72020847,0.0,5.76,5.654999999999999,0.0110249999999999,339.67,46.581913015000005,1.0,0.0,0.0,0.85,0.1,0.05,0.0,AGRI_BURN,Tier_A_RuleDerived,agricultural_cropland_burn
EVT-IN-NON-69443972,spatial_grid_17_161,223288.81094427,0.0,6.12,5.823333333333333,0.176022222222222,340.62,23.948579681666665,1.0,0.0,0.0,0.85,0.1,0.05,0.0,AGRI_BURN,Tier_A_RuleDerived,agricultural_cropland_burn
EVT-IN-NON-7F17A4F7,spatial_grid_69_169,672646.31931081,0.0,5.89,5.89,0.0,300.08,105.50142031833334,1.0,0.0,0.0,0.85,0.1,0.05,0.0,AGRI_BURN,Tier_A_RuleDerived,agricultural_cropland_burn
EVT-IN-NON-84C131D5,spatial_grid_17_161,214091.21386391,0.0,10.73,7.4922222222381425,7.904338775510204,330.65,66.781913015,1.0,1.0,10.73,0.85,0.1,0.05,0.0,AGRI_BURN,Tier_A_RuleDerived,agricultural_cropland_burn
EVT-IN-NON-A2DB9FE1,spatial_grid_16_160,182409.03949336,0.0,5.81,5.81,0.0,346.43,11.701420318333334,1.0,1.0,8.41,0.85,0.1,0.05,0.0,AGRI_BURN,Tier_A_RuleDerived,agricultural_cropland_burn
EVT-IN-NON-42AF3890,spatial_grid_13_163,409803.76824008,0.0,10.63,10.63,0.0,330.31,28.901420318333333,1.0,0.0,0.0,0.85,0.1,0.05,0.0,AGRI_BURN,Tier_A_RuleDerived,agricultural_cropland_burn
EVT-IN-KAR-128205F5,spatial_grid_28_155,27821.47651669,0.0,11.47,9.246666666666666,8.136422222222224,343.02,0.6,1.0,0.0,0.0,0.85,0.1,0.05,0.0,AGRI_BURN,Tier_A_RuleDerived,agricultural_cropland_burn
EVT-IN-PUN-303BF7F4,spatial_grid_60_153,9116.43524643,0.0,0.86,0.86,0.0,304.01,42.16524634833333,0.0,0.0,0.0,0.85,0.1,0.05,0.0,AGRI_BURN,Tier_A_RuleDerived,agricultural_cropland_burn
EVT-IN-MAH-0A17B9BB,spatial_grid_36_148,25636.13549811,0.0,8.0,7.999999956339598,2.1462249999999994,306.6,0.0,0.0,0.0,0.0,0.85,0.1,0.05,0.0,AGRI_BURN,Tier_A_RuleDerived,agricultural_cropland_burn
EVT-IN-NON-A91685DE,spatial_grid_17_161,198906.73582312,0.0,21.83,14.878333333333334,27.13558055555555,349.07,70.91524634833334,1.0,0.0,0.0,0.85,0.1,0.05,0.0,AGRI_BURN,Tier_A_RuleDerived,agricultural_cropland_burn
EVT-IN-NON-91C9C081,spatial_grid_54_142,64052.3812128,0.0,4.08,3.865,0.046225,343.46,165.58475365166666,1.0,0.0,0.0,0.85,0.1,0.05,0.0,AGRI_BURN,Tier_A_RuleDerived,agricultural_cropland_burn
EVT-IN-RAJ-A1149DC5,spatial_grid_54_147,45758.27175518,0.0,0.92,0.92,0.0,304.34,2.7847536516666667,0.0,0.0,0.0,0.85,0.1,0.05,0.0,AGRI_BURN,Tier_A_RuleDerived,agricultural_cropland_burn
EVT-IN-NON-00276199,spatial_grid_14_162,353892.11745999,0.0,8.35,8.35,0.0,338.91,64.55142031833333,1.0,0.0,0.0,0.85,0.1,0.05,0.0,AGRI_BURN,Tier_A_RuleDerived,agricultural_cropland_burn
EVT-IN-NON-554D43F4,spatial_grid_17_161,197430.55281876,0.0,18.02,16.23,3.2041000000000004,344.52,70.18475365166667,1.0,0.0,0.0,0.85,0.1,0.05,0.0,AGRI_BURN,Tier_A_RuleDerived,agricultural_cropland_burn
EVT-IN-PUN-2B91482A,spatial_grid_61_152,27524.25839442,0.0,3.62,3.62,0.0,334.5,0.0,1.0,0.0,0.0,0.85,0.1,0.05,0.0,AGRI_BURN,Tier_A_RuleDerived,agricultural_cropland_burn
EVT-IN-TAM-32C35B56,spatial_grid_16_155,5518.01915689,0.0,3.49,3.49,0.0,340.35,0.0,1.0,0.0,0.0,0.85,0.1,0.05,0.0,AGRI_BURN,Tier_A_RuleDerived,agricultural_cropland_burn
EVT-2026-48A47F,spatial_grid_17_155,25750.92657389,0.0,2.82,2.82,0.0,336.68,0.0,1.0,0.0,0.0,0.85,0.1,0.05,0.0,AGRI_BURN,Tier_A_RuleDerived,agricultural_cropland_burn
EVT-IN-NON-A2D74BD0,spatial_grid_17_162,255430.50735858,0.0,6.41,6.41,0.0,341.5,27.25142031833333,1.0,0.0,0.0,0.85,0.1,0.05,0.0,AGRI_BURN,Tier_A_RuleDerived,agricultural_cropland_burn
EVT-IN-NON-CDDE09FA,spatial_grid_14_163,385335.81977347,0.0,4.11,4.11,0.0,332.35,118.55142031833334,1.0,0.0,0.0,0.85,0.1,0.05,0.0,AGRI_BURN,Tier_A_RuleDerived,agricultural_cropland_burn
EVT-IN-TAM-332369C5,spatial_grid_21_156,50178.02304865,0.0,4.0,4.0,0.0,337.13,41.41524634833333,1.0,0.0,0.0,0.85,0.1,0.05,0.0,AGRI_BURN,Tier_A_RuleDerived,agricultural_cropland_burn
EVT-2026-1B7E71,spatial_grid_20_155,36550.23779661,0.0,0.47,0.47,0.0,304.16,0.0,0.0,0.0,0.0,0.85,0.1,0.05,0.0,AGRI_BURN,Tier_A_RuleDerived,agricultural_cropland_burn
EVT-IN-NON-B08350E1,spatial_grid_15_162,330418.87015,0.0,2.27,2.27,0.0,334.71,35.15142031833334,1.0,0.0,0.0,0.85,0.1,0.05,0.0,AGRI_BURN,Tier_A_RuleDerived,agricultural_cropland_burn
EVT-IN-AND-DC041C4C,spatial_grid_29_157,56384.00155645,0.0,3.41,3.41,0.0,337.08,0.0,1.0,0.0,0.0,0.85,0.1,0.05,0.0,AGRI_BURN,Tier_A_RuleDerived,agricultural_cropland_burn
EVT-IN-GUJ-B9284932,spatial_grid_40_145,49437.53936399,0.0,1.84,1.84,0.0,305.96,9.368086985,0.0,0.0,0.0,0.85,0.1,0.05,0.0,AGRI_BURN,Tier_A_RuleDerived,agricultural_cropland_burn
EVT-IN-NON-56592957,spatial_grid_18_161,194686.60482133,0.0,7.74,7.74,0.0,341.12,25.151420318333333,1.0,0.0,0.0,0.85,0.1,0.05,0.0,AGRI_BURN,Tier_A_RuleDerived,agricultural_cropland_burn
EVT-IN-TEL-56419763,spatial_grid_33_158,30912.06297617,0.0,5.96,5.96,0.0,341.31,5.901420318333333,1.0,0.0,0.0,0.85,0.1,0.05,0.0,AGRI_BURN,Tier_A_RuleDerived,agricultural_cropland_burn
EVT-IN-NON-96FA636F,spatial_grid_15_162,288496.1186469,0.0,1.9,1.9,0.0,333.75,118.18475365166668,1.0,0.0,0.0,0.85,0.1,0.05,0.0,AGRI_BURN,Tier_A_RuleDerived,agricultural_cropland_burn
EVT-IN-TAM-C522E060,spatial_grid_22_158,49513.33785507,0.0,8.93,8.93,0.0,340.85,0.0,1.0,0.0,0.0,0.85,0.1,0.05,0.0,AGRI_BURN,Tier_A_RuleDerived,agricultural_cropland_burn
EVT-IN-NON-55B44C08,spatial_grid_15_160,208208.54698846,0.0,7.77,7.77,0.0,345.81,109.83475365166667,1.0,0.0,0.0,0.85,0.1,0.05,0.0,AGRI_BURN,Tier_A_RuleDerived,agricultural_cropland_burn
EVT-IN-TAM-8ACB64E0,spatial_grid_17_155,19447.61204651,0.0,3.48,2.665,0.664225,338.15,72.91524634833333,1.0,0.0,0.0,0.85,0.1,0.05,0.0,AGRI_BURN,Tier_A_RuleDerived,agricultural_cropland_burn
EVT-IN-MAH-3752F9E7,spatial_grid_35_149,16667.9244744,0.0,2.95,2.95,0.0,333.18,0.0,1.0,0.0,0.0,0.85,0.1,0.05,0.0,AGRI_BURN,Tier_A_RuleDerived,agricultural_cropland_burn
EVT-IN-NON-69276AD0,spatial_grid_18_160,142054.16331697,0.0,6.05,4.135,3.6672249999999993,335.22,119.868086985,1.0,0.0,0.0,0.85,0.1,0.05,0.0,AGRI_BURN,Tier_A_RuleDerived,agricultural_cropland_burn
EVT-IN-NON-48151259,spatial_grid_13_163,402287.70029977,0.0,8.35,4.89,5.985799999999999,337.32,44.15142031833333,1.0,1.0,6.68,0.85,0.1,0.05,0.0,AGRI_BURN,Tier_A_RuleDerived,agricultural_cropland_burn
EVT-IN-NON-BB450D38,spatial_grid_17_160,178397.68695393,0.0,8.8,8.8,0.0,332.97,109.23475365166668,1.0,0.0,0.0,0.85,0.1,0.05,0.0,AGRI_BURN,Tier_A_RuleDerived,agricultural_cropland_burn
EVT-IN-NON-60A617D1,spatial_grid_67_146,122140.36977967,0.0,2.76,2.76,0.0,333.58,119.56524634833332,1.0,0.0,0.0,0.85,0.1,0.05,0.0,AGRI_BURN,Tier_A_RuleDerived,agricultural_cropland_burn
EVT-IN-NON-450990A1,spatial_grid_17_161,198525.02652045,0.0,7.29,7.066884765625,0.0997555555555555,345.28,6.881913015,1.0,0.0,0.0,0.85,0.1,0.05,0.0,AGRI_BURN,Tier_A_RuleDerived,agricultural_cropland_burn
EVT-IN-KAR-527E49C9,spatial_grid_25_157,49020.10690341,0.0,2.64,2.64,0.0,333.07,18.365246348333333,1.0,0.0,0.0,0.85,0.1,0.05,0.0,AGRI_BURN,Tier_A_RuleDerived,agricultural_cropland_burn
EVT-IN-KAR-99E5FBB3,spatial_grid_25_153,16338.70178387,0.0,9.55,9.55,0.0,337.86,0.0,1.0,0.0,0.0,0.85,0.1,0.05,0.0,AGRI_BURN,Tier_A_RuleDerived,agricultural_cropland_burn
EVT-IN-TAM-F48F8AF1,spatial_grid_21_156,89903.52544793,0.0,2.22,2.22,0.0,335.26,47.18475365166666,1.0,0.0,0.0,0.85,0.1,0.05,0.0,AGRI_BURN,Tier_A_RuleDerived,agricultural_cropland_burn
EVT-IN-NON-6711816C,spatial_grid_62_148,76543.98171447,0.0,4.14,4.14,0.0,342.96,158.30142031833333,1.0,0.0,0.0,0.85,0.1,0.05,0.0,AGRI_BURN,Tier_A_RuleDerived,agricultural_cropland_burn
EVT-IN-PUN-4A037FB8,spatial_grid_60_149,16146.31074208,0.0,3.35,3.35,0.0,331.57,27.30142031833333,1.0,0.0,0.0,0.85,0.1,0.05,0.0,AGRI_BURN,Tier_A_RuleDerived,agricultural_cropland_burn
EVT-IN-NON-4C45163D,spatial_grid_17_161,211569.4212604,0.0,7.24,7.043333333333334,0.0773555555555555,337.93,21.451420318333334,1.0,0.0,0.0,0.85,0.1,0.05,0.0,AGRI_BURN,Tier_A_RuleDerived,agricultural_cropland_burn
EVT-IN-NON-89303CB7,spatial_grid_15_161,286904.53536524,0.0,4.66,4.66,0.0,335.67,17.231913015,1.0,0.0,0.0,0.85,0.1,0.05,0.0,AGRI_BURN,Tier_A_RuleDerived,agricultural_cropland_burn
EVT-IN-PUN-0A3D6F57,spatial_grid_59_149,21121.39282651,0.0,34.97,8.629145299145298,55.30169047619048,331.09,10.415246348333332,0.0714285714285714,3.0,34.97,0.85,0.1,0.05,0.0,AGRI_BURN,Tier_A_RuleDerived,agricultural_cropland_burn
EVT-IN-AND-4713E621,spatial_grid_30_159,96623.8962579,0.0,7.63,7.63,0.0,339.86,81.90142031833334,1.0,0.0,0.0,0.85,0.1,0.05,0.0,AGRI_BURN,Tier_A_RuleDerived,agricultural_cropland_burn
EVT-IN-NON-484FF604,spatial_grid_60_147,66001.45878366,0.0,1.82,1.82,0.0,334.44,159.30142031833333,1.0,0.0,0.0,0.85,0.1,0.05,0.0,AGRI_BURN,Tier_A_RuleDerived,agricultural_cropland_burn
EVT-IN-NON-8B478802,spatial_grid_17_161,213918.85398957,0.0,7.74,5.90999999829568,6.697800000000001,335.46,104.34857968166666,1.0,0.0,0.0,0.85,0.1,0.05,0.0,AGRI_BURN,Tier_A_RuleDerived,agricultural_cropland_burn
EVT-IN-TAM-DEEFAA02,spatial_grid_24_159,90473.14385737,0.0,1.9,1.9,0.0,334.56,0.0,1.0,0.0,0.0,0.85,0.1,0.05,0.0,AGRI_BURN,Tier_A_RuleDerived,agricultural_cropland_burn
EVT-IN-JHA-F7969B5F,spatial_grid_44_174,30187.56214231,0.0,4.8,4.8,0.0,332.41,7.0,1.0,0.0,0.0,0.85,0.1,0.05,0.0,AGRI_BURN,Tier_A_RuleDerived,agricultural_cropland_burn
EVT-IN-NON-5160B023,spatial_grid_55_137,260084.11118121,0.0,6.16,6.16,0.0,335.11,133.58475365166666,1.0,0.0,0.0,0.85,0.1,0.05,0.0,AGRI_BURN,Tier_A_RuleDerived,agricultural_cropland_burn
EVT-IN-NON-B4C9E08F,spatial_grid_15_161,245962.11291818,0.0,19.85,11.354999925742549,60.52682222222223,343.42,90.18475365166668,1.0,0.0,0.0,0.85,0.1,0.05,0.0,AGRI_BURN,Tier_A_RuleDerived,agricultural_cropland_burn
EVT-IN-GOA-D80C1FE0,spatial_grid_33_148,6813.89982491,0.0,0.52,0.52,0.0,301.82,93.431913015,0.0,0.0,0.0,0.85,0.1,0.05,0.0,AGRI_BURN,Tier_A_RuleDerived,agricultural_cropland_burn
EVT-IN-NON-FB69E2F3,spatial_grid_59_145,162493.86249633,0.0,3.11,3.11,0.0,338.88,13.815246348333332,1.0,0.0,0.0,0.85,0.1,0.05,0.0,AGRI_BURN,Tier_A_RuleDerived,agricultural_cropland_burn
EVT-IN-NON-62C672AD,spatial_grid_16_160,186588.18682719,0.0,3.76,3.34,0.1763999999999999,333.67,117.18475365166668,1.0,0.0,0.0,0.85,0.1,0.05,0.0,AGRI_BURN,Tier_A_RuleDerived,agricultural_cropland_burn
EVT-IN-NON-EFCE18F5,spatial_grid_14_162,306754.90575882,0.0,5.21,5.21,0.0,340.0,96.118086985,1.0,0.0,0.0,0.85,0.1,0.05,0.0,AGRI_BURN,Tier_A_RuleDerived,agricultural_cropland_burn
EVT-IN-TAM-F2733597,spatial_grid_22_158,20337.27655655,0.0,3.37,3.37,0.0,333.51,0.0,1.0,1.0,3.95,0.85,0.1,0.05,0.0,AGRI_BURN,Tier_A_RuleDerived,agricultural_cropland_burn
EVT-IN-NON-7C0DB6EC,spatial_grid_12_162,417419.54606211,0.0,4.27,4.27,0.0,338.17,164.2347536516667,1.0,0.0,0.0,0.85,0.1,0.05,0.0,AGRI_BURN,Tier_A_RuleDerived,agricultural_cropland_burn
EVT-IN-CHH-94A238F7,spatial_grid_44_164,13129.58684075,0.0,8.21,6.485,1.769475,333.19,23.118086985,1.0,0.0,0.0,0.85,0.1,0.05,0.0,AGRI_BURN,Tier_A_RuleDerived,agricultural_cropland_burn
EVT-IN-ODI-68086367,spatial_grid_44_170,67648.6287916,0.0,24.28,24.28,0.0,309.65,60.548579681666666,1.0,1.0,22.53,0.85,0.1,0.05,0.0,AGRI_BURN,Tier_A_RuleDerived,agricultural_cropland_burn
EVT-IN-NON-50D6C4F9,spatial_grid_14_162,337126.29367655,0.0,8.78,3.1433333330344237,8.38113469387755,343.37,101.15142031833334,0.5714285714285714,0.0,0.0,0.85,0.1,0.05,0.0,AGRI_BURN,Tier_A_RuleDerived,agricultural_cropland_burn
EVT-IN-NON-60F8ED10,spatial_grid_17_161,187875.73519306,0.0,5.75,5.75,0.0,341.81,116.18475365166668,1.0,0.0,0.0,0.85,0.1,0.05,0.0,AGRI_BURN,Tier_A_RuleDerived,agricultural_cropland_burn
EVT-IN-NON-E3569C34,spatial_grid_14_163,383035.71591222,0.0,8.79,8.79,0.0,345.22,87.83475365166667,1.0,0.0,0.0,0.85,0.1,0.05,0.0,AGRI_BURN,Tier_A_RuleDerived,agricultural_cropland_burn
EVT-IN-AND-2C0866AA,spatial_grid_31_159,88144.40256308,0.0,7.27,5.609999999999999,1.3777999999999997,340.53,69.281913015,1.0,0.0,0.0,0.85,0.1,0.05,0.0,AGRI_BURN,Tier_A_RuleDerived,agricultural_cropland_burn
EVT-IN-NON-B257920F,spatial_grid_65_145,180224.21181152,0.0,2.24,1.7671428571428571,0.068296,307.93,46.268086985,0.0,2.0,2.24,0.85,0.1,0.05,0.0,AGRI_BURN,Tier_A_RuleDerived,agricultural_cropland_burn
EVT-IN-NON-1A0EDD0C,spatial_grid_65_144,233325.07131384,0.0,6.0,6.0,0.0,338.9,69.81524634833333,1.0,0.0,0.0,0.85,0.1,0.05,0.0,AGRI_BURN,Tier_A_RuleDerived,agricultural_cropland_burn
EVT-IN-NON-A82F33D6,spatial_grid_16_161,237124.68850465,0.0,3.46,3.46,0.0,333.65,92.18475365166668,1.0,0.0,0.0,0.85,0.1,0.05,0.0,AGRI_BURN,Tier_A_RuleDerived,agricultural_cropland_burn
EVT-IN-NON-03D5FDDD,spatial_grid_62_144,238882.33840052,0.0,11.41,8.165,10.530025000000002,347.0,133.30142031833333,1.0,0.0,0.0,0.85,0.1,0.05,0.0,AGRI_BURN,Tier_A_RuleDerived,agricultural_cropland_burn
EVT-IN-NON-654279B0,spatial_grid_16_162,303726.70179621,0.0,15.18,14.345,0.697225,352.44,45.431913015000006,1.0,0.0,0.0,0.85,0.1,0.05,0.0,AGRI_BURN,Tier_A_RuleDerived,agricultural_cropland_burn
EVT-IN-NON-E7A2CA60,spatial_grid_15_161,276638.250275,0.0,6.05,4.336666666666667,1.4677555555555557,347.33,16.701420318333334,1.0,0.0,0.0,0.85,0.1,0.05,0.0,AGRI_BURN,Tier_A_RuleDerived,agricultural_cropland_burn
EVT-IN-NON-5A37B8EC,spatial_grid_17_160,173228.54521603,0.0,9.58,9.579999993229286,13.213225,346.56,111.868086985,1.0,1.0,7.62,0.85,0.1,0.05,0.0,AGRI_BURN,Tier_A_RuleDerived,agricultural_cropland_burn
EVT-IN-NON-A7DCF787,spatial_grid_15_162,303871.62994604,0.0,8.56,8.56,0.0,338.76,7.868086985,1.0,0.0,0.0,0.85,0.1,0.05,0.0,AGRI_BURN,Tier_A_RuleDerived,agricultural_cropland_burn
EVT-IN-TEL-24DB1B32,spatial_grid_33_160,12245.85938776,0.0,3.51,3.51,0.0,336.05,0.0,1.0,0.0,0.0,0.85,0.1,0.05,0.0,AGRI_BURN,Tier_A_RuleDerived,agricultural_cropland_burn
EVT-IN-TAM-E305028B,spatial_grid_21_158,35934.06459151,0.0,3.41,3.41,0.0,338.56,0.0,1.0,0.0,0.0,0.85,0.1,0.05,0.0,AGRI_BURN,Tier_A_RuleDerived,agricultural_cropland_burn
EVT-IN-NON-F1543E07,spatial_grid_56_139,223106.82589717,0.0,4.84,1.6924999999999997,0.9850854166666668,335.15,40.0,0.0833333333333333,1.0,4.84,0.85,0.1,0.05,0.0,AGRI_BURN,Tier_A_RuleDerived,agricultural_cropland_burn
EVT-IN-AND-5B3A27BB,spatial_grid_32_160,45664.66809514,0.0,3.15,3.15,0.0,334.08,39.531913015,1.0,0.0,0.0,0.85,0.1,0.05,0.0,AGRI_BURN,Tier_A_RuleDerived,agricultural_cropland_burn
EVT-IN-NON-4093747A,spatial_grid_73_190,1042920.83360856,0.0,2.22,1.955,0.070225,311.03,59.048579681666666,0.0,0.0,0.0,0.85,0.1,0.05,0.0,AGRI_BURN,Tier_A_RuleDerived,agricultural_cropland_burn
EVT-IN-AND-D6C875C9,spatial_grid_35_165,55366.10168232,0.0,3.78,3.78,0.0,341.11,0.0,1.0,0.0,0.0,0.85,0.1,0.05,0.0,AGRI_BURN,Tier_A_RuleDerived,agricultural_cropland_burn
EVT-IN-NON-3BA440AE,spatial_grid_67_138,461664.00208228,0.0,3.52,3.52,0.0,340.44,14.301420318333337,1.0,0.0,0.0,0.85,0.1,0.05,0.0,AGRI_BURN,Tier_A_RuleDerived,agricultural_cropland_burn
EVT-IN-TAM-8477EF79,spatial_grid_26_159,40822.18769012,0.0,2.44,2.44,0.0,332.05,0.0,1.0,0.0,0.0,0.85,0.1,0.05,0.0,AGRI_BURN,Tier_A_RuleDerived,agricultural_cropland_burn
EVT-IN-NON-0B0B900E,spatial_grid_59_145,130158.46204663,0.0,3.13,3.13,0.0,335.83,33.18475365166667,1.0,0.0,0.0,0.85,0.1,0.05,0.0,AGRI_BURN,Tier_A_RuleDerived,agricultural_cropland_burn
EVT-IN-NON-6843615C,spatial_grid_17_161,232353.40552805,0.0,20.54,20.54,0.0,354.59,178.2347536516667,1.0,0.0,0.0,0.85,0.1,0.05,0.0,AGRI_BURN,Tier_A_RuleDerived,agricultural_cropland_burn
EVT-IN-NON-4D34E5DE,spatial_grid_28_160,6384.02639164,0.0,9.65,8.794999999986358,4.10732,330.87,23.998579681666666,1.0,1.0,9.42,0.85,0.1,0.05,0.0,AGRI_BURN,Tier_A_RuleDerived,agricultural_cropland_burn
EVT-IN-NON-1CD6A11B,spatial_grid_64_146,169281.78666286,0.0,2.61,2.61,0.0,331.8,0.0,1.0,1.0,3.64,0.85,0.1,0.05,0.0,AGRI_BURN,Tier_A_RuleDerived,agricultural_cropland_burn
EVT-IN-NON-D8E42228,spatial_grid_16_161,232893.08873539,0.0,5.41,4.315,1.199025,330.65,48.531913015,1.0,0.0,0.0,0.85,0.1,0.05,0.0,AGRI_BURN,Tier_A_RuleDerived,agricultural_cropland_burn
EVT-IN-AND-983B0A98,spatial_grid_27_159,58877.57207515,0.0,1.38,1.38,0.0,332.02,0.0,1.0,0.0,0.0,0.85,0.1,0.05,0.0,AGRI_BURN,Tier_A_RuleDerived,agricultural_cropland_burn
EVT-IN-AND-B3901126,spatial_grid_29_159,76031.14745696,0.0,3.81,3.81,0.0,332.52,2.4847536516666664,1.0,0.0,0.0,0.85,0.1,0.05,0.0,AGRI_BURN,Tier_A_RuleDerived,agricultural_cropland_burn
EVT-IN-NON-2F8D02F4,spatial_grid_59_145,149404.89456852,0.0,4.11,4.11,0.0,337.54,83.94857968166666,1.0,0.0,0.0,0.85,0.1,0.05,0.0,AGRI_BURN,Tier_A_RuleDerived,agricultural_cropland_burn
EVT-IN-JAM-3F484AB8,spatial_grid_67_155,39599.54205749,0.0,11.92,11.92,0.0,304.46,11.168086985,1.0,0.0,0.0,0.85,0.1,0.05,0.0,AGRI_BURN,Tier_A_RuleDerived,agricultural_cropland_burn
EVT-IN-TAM-BD70A1EF,spatial_grid_22_159,6219.96696912,0.0,3.22,2.72,0.25,338.87,0.3166666666666666,1.0,0.0,0.0,0.85,0.1,0.05,0.0,AGRI_BURN,Tier_A_RuleDerived,agricultural_cropland_burn
EVT-IN-NON-384C2706,spatial_grid_12_162,397688.18969834,0.0,254.85,33.925,4463.586153571428,367.0,18.098579681666667,1.0,0.0,0.0,0.85,0.1,0.05,0.0,AGRI_BURN,Tier_A_RuleDerived,agricultural_cropland_burn
EVT-IN-NON-C4453E7D,spatial_grid_15_160,200829.69984529,0.0,13.74,13.74,0.0,351.59,169.18475365166665,1.0,0.0,0.0,0.85,0.1,0.05,0.0,AGRI_BURN,Tier_A_RuleDerived,agricultural_cropland_burn
EVT-IN-NON-AC1DEC24,spatial_grid_55_183,28065.46439373,0.0,6.5,6.5,0.0,333.87,49.081913015000005,1.0,0.0,0.0,0.85,0.1,0.05,0.0,AGRI_BURN,Tier_A_RuleDerived,agricultural_cropland_burn
EVT-IN-TAM-EA8628F8,spatial_grid_25_158,107801.67715029,0.0,4.05,4.05,0.0,335.48,0.0,1.0,0.0,0.0,0.85,0.1,0.05,0.0,AGRI_BURN,Tier_A_RuleDerived,agricultural_cropland_burn
EVT-IN-NON-AC17D558,spatial_grid_16_159,184106.91591599,0.0,3.64,3.64,0.0,331.5,14.918086985,1.0,0.0,0.0,0.85,0.1,0.05,0.0,AGRI_BURN,Tier_A_RuleDerived,agricultural_cropland_burn
EVT-IN-TAM-188C89E9,spatial_grid_20_156,39054.08279391,0.0,0.73,0.73,0.0,306.72,45.00142031833333,0.0,0.0,0.0,0.85,0.1,0.05,0.0,AGRI_BURN,Tier_A_RuleDerived,agricultural_cropland_burn
EVT-IN-TEL-E64F5720,spatial_grid_35_161,38575.45124723,0.0,5.73,2.643148148148148,2.2568880886426594,321.04,42.84857968166667,0.3157894736842105,1.0,3.85,0.85,0.1,0.05,0.0,AGRI_BURN,Tier_A_RuleDerived,agricultural_cropland_burn
EVT-2026-3EF868,spatial_grid_47_144,47703.08383107,0.0,2.19,2.19,0.0,324.85,0.0,0.0,0.0,0.0,0.85,0.1,0.05,0.0,AGRI_BURN,Tier_A_RuleDerived,agricultural_cropland_burn
EVT-IN-NON-57C246CE,spatial_grid_48_180,228359.64672105,0.0,6.46,6.46,0.0,330.71,29.448579681666665,1.0,0.0,0.0,0.85,0.1,0.05,0.0,AGRI_BURN,Tier_A_RuleDerived,agricultural_cropland_burn
EVT-IN-RAJ-6E761736,spatial_grid_53_147,55529.47644383,0.0,0.71,0.71,0.0,305.13,8.0,0.0,0.0,0.0,0.85,0.1,0.05,0.0,AGRI_BURN,Tier_A_RuleDerived,agricultural_cropland_burn
EVT-IN-TAM-79A783DB,spatial_grid_19_156,21694.04287266,0.0,3.22,3.22,0.0,333.73,19.481913015,1.0,0.0,0.0,0.85,0.1,0.05,0.0,AGRI_BURN,Tier_A_RuleDerived,agricultural_cropland_burn
EVT-IN-GUJ-E9813DFF,spatial_grid_46_141,25441.71967952,0.0,3.33,3.33,0.0,336.71,58.581913015000005,1.0,0.0,0.0,0.85,0.1,0.05,0.0,AGRI_BURN,Tier_A_RuleDerived,agricultural_cropland_burn
EVT-IN-AND-C08B10BC,spatial_grid_27_158,99245.35227123,0.0,10.84,10.83999998755753,0.6972249999999999,318.04,15.898579681666666,1.0,1.0,15.31,0.85,0.1,0.05,0.0,AGRI_BURN,Tier_A_RuleDerived,agricultural_cropland_burn
EVT-2026-DCDE64,spatial_grid_15_162,303416.89844044,0.0,80.22,28.01125,390.9727609374999,367.0,0.35,1.0,1.0,80.22,0.85,0.1,0.05,0.0,AGRI_BURN,Tier_A_RuleDerived,agricultural_cropland_burn
EVT-IN-NON-CF4D7783,spatial_grid_14_162,311407.94672402,0.0,3.44,3.44,0.0,337.26,20.96524634833333,1.0,1.0,9.14,0.85,0.1,0.05,0.0,AGRI_BURN,Tier_A_RuleDerived,agricultural_cropland_burn
EVT-IN-NON-EC7F8F9F,spatial_grid_14_162,311001.84783357,0.0,9.14,9.14,0.0,346.12,24.401420318333333,1.0,0.0,0.0,0.85,0.1,0.05,0.0,AGRI_BURN,Tier_A_RuleDerived,agricultural_cropland_burn
EVT-IN-TAM-9FB4CFE7,spatial_grid_20_156,26090.83772249,0.0,2.55,2.55,0.0,334.84,70.29857968166667,1.0,0.0,0.0,0.85,0.1,0.05,0.0,AGRI_BURN,Tier_A_RuleDerived,agricultural_cropland_burn
EVT-IN-NON-515F984C,spatial_grid_59_140,331625.31037463,0.0,5.64,4.59,1.1024999999999996,339.12,136.9847536516667,1.0,0.0,0.0,0.85,0.1,0.05,0.0,AGRI_BURN,Tier_A_RuleDerived,agricultural_cropland_burn
EVT-IN-TAM-B60C128B,spatial_grid_19_156,24670.23595858,0.0,6.83,6.83,0.0,342.21,45.365246348333336,1.0,0.0,0.0,0.85,0.1,0.05,0.0,AGRI_BURN,Tier_A_RuleDerived,agricultural_cropland_burn
EVT-IN-NON-97D7920C,spatial_grid_18_160,170783.66455748,0.0,8.73,8.73,0.0,337.39,66.86808698499999,1.0,0.0,0.0,0.85,0.1,0.05,0.0,AGRI_BURN,Tier_A_RuleDerived,agricultural_cropland_burn
EVT-IN-KAR-77034E3F,spatial_grid_26_152,58881.70980958,0.0,6.95,6.95,0.0,332.09,39.218086985,1.0,0.0,0.0,0.85,0.1,0.05,0.0,AGRI_BURN,Tier_A_RuleDerived,agricultural_cropland_burn
EVT-IN-NON-269382CD,spatial_grid_14_163,364554.06702607,0.0,9.86,9.86,0.0,346.07,20.834753651666663,1.0,0.0,0.0,0.85,0.1,0.05,0.0,AGRI_BURN,Tier_A_RuleDerived,agricultural_cropland_burn
EVT-IN-PUN-8396E2B0,spatial_grid_59_149,21894.12774896,0.0,15.45,13.105999999999998,1.373584,315.32,18.0,0.0,2.0,34.97,0.85,0.1,0.05,0.0,AGRI_BURN,Tier_A_RuleDerived,agricultural_cropland_burn
EVT-IN-ODI-D17BF5DF,spatial_grid_43_167,6460.16453089,0.0,18.05,18.04999997998588,10.918185,314.86,93.818086985,1.0,0.0,0.0,0.85,0.1,0.05,0.0,AGRI_BURN,Tier_A_RuleDerived,agricultural_cropland_burn
EVT-IN-NON-88BBA8D2,spatial_grid_17_161,212599.83599755,0.0,8.18,6.463333333333334,5.893888888888888,356.03,23.634753651666667,1.0,0.0,0.0,0.85,0.1,0.05,0.0,AGRI_BURN,Tier_A_RuleDerived,agricultural_cropland_burn
EVT-IN-NON-E553150C,spatial_grid_15_163,363911.97756287,0.0,4.33,4.33,0.0,333.38,8.634753651666667,1.0,0.0,0.0,0.85,0.1,0.05,0.0,AGRI_BURN,Tier_A_RuleDerived,agricultural_cropland_burn
EVT-IN-KAR-293BF2D9,spatial_grid_29_156,18216.91954509,0.0,2.01,2.01,0.0,332.45,92.18475365166668,1.0,0.0,0.0,0.85,0.1,0.05,0.0,AGRI_BURN,Tier_A_RuleDerived,agricultural_cropland_burn
EVT-IN-NON-95137EA3,spatial_grid_15_162,300403.84514683,0.0,8.43,8.43,0.0,347.38,91.581913015,1.0,0.0,0.0,0.85,0.1,0.05,0.0,AGRI_BURN,Tier_A_RuleDerived,agricultural_cropland_burn
EVT-IN-NON-BE0AAF3F,spatial_grid_15_161,247465.71181307,0.0,4.96,4.96,0.0,335.5,20.668086985,1.0,0.0,0.0,0.85,0.1,0.05,0.0,AGRI_BURN,Tier_A_RuleDerived,agricultural_cropland_burn
EVT-IN-NON-5744FB26,spatial_grid_60_146,125645.49484819,0.0,2.54,2.54,0.0,337.17,68.81524634833333,1.0,0.0,0.0,0.85,0.1,0.05,0.0,AGRI_BURN,Tier_A_RuleDerived,agricultural_cropland_burn
EVT-IN-NON-CFB48FC6,spatial_grid_56_139,223132.51221566,0.0,3.55,1.5228125,0.4087529411764705,317.6,1.0666666666666669,0.0588235294117647,1.0,4.84,0.85,0.1,0.05,0.0,AGRI_BURN,Tier_A_RuleDerived,agricultural_cropland_burn
EVT-IN-NON-B4B65D45,spatial_grid_17_161,239006.26812399,0.0,9.27,4.89,11.1528,342.52,153.18475365166665,1.0,0.0,0.0,0.85,0.1,0.05,0.0,AGRI_BURN,Tier_A_RuleDerived,agricultural_cropland_burn
EVT-IN-NON-79D39510,spatial_grid_14_162,339194.29606981,0.0,3.79,3.79,0.0,308.27,91.881913015,1.0,0.0,0.0,0.85,0.1,0.05,0.0,AGRI_BURN,Tier_A_RuleDerived,agricultural_cropland_burn
EVT-IN-TAM-5ABE8C18,spatial_grid_22_156,34397.40854333,0.0,5.5,5.5,0.0,316.5,12.284753651666668,1.0,0.0,0.0,0.85,0.1,0.05,0.0,AGRI_BURN,Tier_A_RuleDerived,agricultural_cropland_burn
EVT-IN-NON-FADD9B34,spatial_grid_18_160,152918.78976167,0.0,4.14,4.14,0.0,332.78,19.131913015,1.0,1.0,1.76,0.85,0.1,0.05,0.0,AGRI_BURN,Tier_A_RuleDerived,agricultural_cropland_burn
EVT-IN-NON-E5CD80F5,spatial_grid_14_162,357763.51345064,0.0,5.31,5.31,0.0,340.35,25.31524634833333,1.0,0.0,0.0,0.85,0.1,0.05,0.0,AGRI_BURN,Tier_A_RuleDerived,agricultural_cropland_burn
EVT-IN-NON-F08C33F8,spatial_grid_16_161,229119.23182931,0.0,7.0,6.359999999999999,0.4640500000000002,353.15,95.18475365166668,1.0,0.0,0.0,0.85,0.1,0.05,0.0,AGRI_BURN,Tier_A_RuleDerived,agricultural_cropland_burn
EVT-IN-RAJ-5A09F804,spatial_grid_49_147,36548.39532189,0.0,0.81,0.81,0.0,305.2,0.0,0.0,0.0,0.0,0.85,0.1,0.05,0.0,AGRI_BURN,Tier_A_RuleDerived,agricultural_cropland_burn
EVT-IN-NON-0D58721E,spatial_grid_15_162,310437.22767998,0.0,111.8,34.711428383493,831.8590494897959,351.21,2.8847536516666668,0.6428571428571429,0.0,0.0,0.85,0.1,0.05,0.0,AGRI_BURN,Tier_A_RuleDerived,agricultural_cropland_burn
EVT-IN-TEL-08AAC3D8,spatial_grid_33_157,61723.02317165,0.0,5.01,5.01,0.0,335.05,94.90142031833334,1.0,0.0,0.0,0.85,0.1,0.05,0.0,AGRI_BURN,Tier_A_RuleDerived,agricultural_cropland_burn
EVT-IN-HIM-56870313,spatial_grid_63_156,29578.69360345,0.0,5.95,4.670000000000001,0.8191999999999999,336.85,28.23475365166667,1.0,0.0,0.0,0.85,0.1,0.05,0.0,AGRI_BURN,Tier_A_RuleDerived,agricultural_cropland_burn
EVT-IN-NON-B2F06F48,spatial_grid_61_144,210604.2223723,0.0,1.28,1.28,0.0,336.55,37.18475365166666,1.0,0.0,0.0,0.85,0.1,0.05,0.0,AGRI_BURN,Tier_A_RuleDerived,agricultural_cropland_burn
EVT-IN-NON-97D4D5AA,spatial_grid_50_137,179358.57989229,0.0,2.16,2.03,0.0338,337.92,38.0,0.6666666666666666,1.0,2.75,0.85,0.1,0.05,0.0,AGRI_BURN,Tier_A_RuleDerived,agricultural_cropland_burn
EVT-IN-NON-4841F67F,spatial_grid_17_161,228410.65290178,0.0,9.54,7.609999993294477,1.961125,348.79,12.618086985,1.0,1.0,11.16,0.85,0.1,0.05,0.0,AGRI_BURN,Tier_A_RuleDerived,agricultural_cropland_burn
EVT-IN-TAM-AB5E5D3C,spatial_grid_22_154,28538.35999038,0.0,5.71,5.71,0.0,341.29,47.91524634833333,1.0,0.0,0.0,0.85,0.1,0.05,0.0,AGRI_BURN,Tier_A_RuleDerived,agricultural_cropland_burn
EVT-IN-NON-43E3F82C,spatial_grid_63_144,232764.00983071,0.0,2.12,2.12,0.0,337.8,19.131913015,1.0,1.0,1.98,0.85,0.1,0.05,0.0,AGRI_BURN,Tier_A_RuleDerived,agricultural_cropland_burn
EVT-IN-TAM-0BF5128A,spatial_grid_23_155,15489.02647341,0.0,3.44,3.44,0.0,332.91,122.868086985,1.0,0.0,0.0,0.85,0.1,0.05,0.0,AGRI_BURN,Tier_A_RuleDerived,agricultural_cropland_burn
EVT-IN-TAM-58C9FC38,spatial_grid_25_159,98493.35908751,0.0,18.17,18.17,0.0,340.98,14.218086985,1.0,0.0,0.0,0.85,0.1,0.05,0.0,AGRI_BURN,Tier_A_RuleDerived,agricultural_cropland_burn
EVT-IN-NON-A83A0A6D,spatial_grid_14_163,381521.54404219,0.0,5.37,5.37,0.0,338.52,17.031913015,1.0,0.0,0.0,0.85,0.1,0.05,0.0,AGRI_BURN,Tier_A_RuleDerived,agricultural_cropland_burn
EVT-IN-NON-3134F38D,spatial_grid_43_192,461450.15519487,0.0,2.12,1.3333333333333277,0.3481000000000001,302.44,13.718086985,0.0,1.0,2.12,0.85,0.1,0.05,0.0,AGRI_BURN,Tier_A_RuleDerived,agricultural_cropland_burn
EVT-IN-NON-19BBA79F,spatial_grid_16_162,280166.69947536,0.0,6.4,6.4,0.0,331.49,86.94857968166666,1.0,0.0,0.0,0.85,0.1,0.05,0.0,AGRI_BURN,Tier_A_RuleDerived,agricultural_cropland_burn
EVT-IN-TAM-BD4C1946,spatial_grid_19_157,23356.12505034,0.0,1.55,1.55,0.0,330.03,37.99857968166667,1.0,0.0,0.0,0.85,0.1,0.05,0.0,AGRI_BURN,Tier_A_RuleDerived,agricultural_cropland_burn
EVT-IN-AND-6006BA7F,spatial_grid_27_159,49199.15943046,0.0,3.51,3.51,0.0,333.6,140.58475365166666,1.0,0.0,0.0,0.85,0.1,0.05,0.0,AGRI_BURN,Tier_A_RuleDerived,agricultural_cropland_burn
EVT-IN-AND-F949827B,spatial_grid_31_159,85616.98759842,0.0,8.73,8.73,0.0,347.16,0.0,1.0,0.0,0.0,0.85,0.1,0.05,0.0,AGRI_BURN,Tier_A_RuleDerived,agricultural_cropland_burn
EVT-IN-MAH-FDB7B784,spatial_grid_34_150,38589.32219242,0.0,8.72,8.72,0.0,335.39,80.51524634833333,1.0,0.0,0.0,0.85,0.1,0.05,0.0,AGRI_BURN,Tier_A_RuleDerived,agricultural_cropland_burn
EVT-IN-NON-FE75FCDC,spatial_grid_16_161,226352.78059234,0.0,3.06,3.06,0.0,336.44,6.634753651666666,1.0,0.0,0.0,0.85,0.1,0.05,0.0,AGRI_BURN,Tier_A_RuleDerived,agricultural_cropland_burn
EVT-IN-KER-CD48A839,spatial_grid_20_152,8771.58159328,0.0,0.94,0.94,0.0,333.81,168.18475365166665,1.0,0.0,0.0,0.85,0.1,0.05,0.0,AGRI_BURN,Tier_A_RuleDerived,agricultural_cropland_burn
EVT-IN-NON-4887ED04,spatial_grid_18_160,149251.84421846,0.0,2.82,2.82,0.0,332.33,14.548579681666666,1.0,1.0,2.63,0.85,0.1,0.05,0.0,AGRI_BURN,Tier_A_RuleDerived,agricultural_cropland_burn
EVT-IN-NON-C280982E,spatial_grid_18_160,149146.17150123,0.0,3.06,3.06,0.0,338.13,149.83475365166666,1.0,0.0,0.0,0.85,0.1,0.05,0.0,AGRI_BURN,Tier_A_RuleDerived,agricultural_cropland_burn
EVT-IN-UTT-FF36DBA3,spatial_grid_57_155,7512.36412202,0.0,1.35,0.9033333333267828,0.112225,306.44,80.63475365166667,0.0,0.0,0.0,0.85,0.1,0.05,0.0,AGRI_BURN,Tier_A_RuleDerived,agricultural_cropland_burn
EVT-IN-NON-C0E59A39,spatial_grid_16_160,217905.89396797,0.0,7.85,7.849999953359365,2.449225,341.49,136.18475365166668,1.0,0.0,0.0,0.85,0.1,0.05,0.0,AGRI_BURN,Tier_A_RuleDerived,agricultural_cropland_burn
EVT-IN-KAR-8B91A1A4,spatial_grid_30_152,3819.33569104,0.0,0.8,0.6295208740234375,0.0344775510204081,299.57,101.01524634833332,0.0,1.0,0.8,0.85,0.1,0.05,0.0,AGRI_BURN,Tier_A_RuleDerived,agricultural_cropland_burn
EVT-IN-NON-D369F02D,spatial_grid_17_161,188751.86165844,0.0,7.44,7.44,0.0,332.23,80.45142031833333,1.0,0.0,0.0,0.85,0.1,0.05,0.0,AGRI_BURN,Tier_A_RuleDerived,agricultural_cropland_burn
EVT-IN-TAM-906A227A,spatial_grid_21_159,8106.15113364,0.0,1.98,1.455,0.2756249999999999,333.86,0.3166666666666666,1.0,0.0,0.0,0.85,0.1,0.05,0.0,AGRI_BURN,Tier_A_RuleDerived,agricultural_cropland_burn
EVT-IN-NON-5DE25701,spatial_grid_15_161,237441.91493598,0.0,12.47,12.47,0.0,350.46,142.18475365166668,1.0,0.0,0.0,0.85,0.1,0.05,0.0,AGRI_BURN,Tier_A_RuleDerived,agricultural_cropland_burn
EVT-IN-NON-C5C1F7C7,spatial_grid_14_163,386435.70332017,0.0,3.07,3.06999998319149,0.1200239999999999,340.74,1.0985796816666666,1.0,1.0,2.59,0.85,0.1,0.05,0.0,AGRI_BURN,Tier_A_RuleDerived,agricultural_cropland_burn
EVT-IN-NON-6D67528A,spatial_grid_16_161,203609.69594971,0.0,3.16,3.16,0.0,334.35,7.768086985,1.0,0.0,0.0,0.85,0.1,0.05,0.0,AGRI_BURN,Tier_A_RuleDerived,agricultural_cropland_burn
EVT-IN-NON-45981DCF,spatial_grid_16_160,178261.51991099,0.0,2.98,2.98,0.0,331.78,36.18475365166667,1.0,0.0,0.0,0.85,0.1,0.05,0.0,AGRI_BURN,Tier_A_RuleDerived,agricultural_cropland_burn
EVT-IN-TAM-09E7ED89,spatial_grid_26_159,58007.2954376,0.0,3.71,3.71,0.0,330.12,0.0,1.0,0.0,0.0,0.85,0.1,0.05,0.0,AGRI_BURN,Tier_A_RuleDerived,agricultural_cropland_burn
EVT-IN-NON-FABA8426,spatial_grid_16_160,213194.35175564,0.0,3.31,3.31,0.0,332.85,103.18475365166668,1.0,0.0,0.0,0.85,0.1,0.05,0.0,AGRI_BURN,Tier_A_RuleDerived,agricultural_cropland_burn
EVT-IN-NON-BD5BF332,spatial_grid_58_183,173715.16429534,0.0,4.16,4.076666666666667,0.0138888888888888,337.3,0.0,1.0,0.0,0.0,0.85,0.1,0.05,0.0,AGRI_BURN,Tier_A_RuleDerived,agricultural_cropland_burn
EVT-IN-NON-74FD6B01,spatial_grid_60_146,108724.04218118,0.0,5.74,4.385,1.836025000000001,336.37,162.30142031833333,1.0,0.0,0.0,0.85,0.1,0.05,0.0,AGRI_BURN,Tier_A_RuleDerived,agricultural_cropland_burn
EVT-IN-TAM-879A9B03,spatial_grid_19_156,15884.726895,0.0,13.95,13.95,0.0,345.19,50.81524634833334,1.0,0.0,0.0,0.85,0.1,0.05,0.0,AGRI_BURN,Tier_A_RuleDerived,agricultural_cropland_burn
EVT-IN-BIH-4C5D995B,spatial_grid_52_178,86527.83561622,0.0,5.25,3.556666666666666,1.433688888888889,295.44,67.718086985,0.0,0.0,0.0,0.85,0.1,0.05,0.0,AGRI_BURN,Tier_A_RuleDerived,agricultural_cropland_burn
EVT-IN-BIH-2D5E1E04,spatial_grid_53_172,79301.28614014,0.0,2.53,2.53,0.0,335.89,83.23475365166667,1.0,0.0,0.0,0.85,0.1,0.05,0.0,AGRI_BURN,Tier_A_RuleDerived,agricultural_cropland_burn
EVT-IN-NON-67850D00,spatial_grid_13_162,378738.81764057,0.0,19.5,12.185,53.509225,349.54,14.131913015,1.0,0.0,0.0,0.85,0.1,0.05,0.0,AGRI_BURN,Tier_A_RuleDerived,agricultural_cropland_burn
EVT-IN-KER-12BB68AE,spatial_grid_19_154,14718.89867561,0.0,1.05,1.05,0.0,331.44,6.548579681666666,1.0,0.0,0.0,0.85,0.1,0.05,0.0,AGRI_BURN,Tier_A_RuleDerived,agricultural_cropland_burn
EVT-IN-NON-04058A05,spatial_grid_17_162,255698.01806296,0.0,2.39,2.39,0.0,330.04,31.881913015,1.0,0.0,0.0,0.85,0.1,0.05,0.0,AGRI_BURN,Tier_A_RuleDerived,agricultural_cropland_burn
EVT-IN-NON-CF3D8435,spatial_grid_54_141,71581.34116417,0.0,3.56,2.795,0.5852250000000002,340.27,2.6985796816666667,1.0,0.0,0.0,0.85,0.1,0.05,0.0,AGRI_BURN,Tier_A_RuleDerived,agricultural_cropland_burn
EVT-IN-KAR-81DD4BC2,spatial_grid_29_154,17709.16778774,0.0,2.62,2.62,0.0,335.31,0.0,1.0,0.0,0.0,0.85,0.1,0.05,0.0,AGRI_BURN,Tier_A_RuleDerived,agricultural_cropland_burn
EVT-IN-NON-936D5A64,spatial_grid_14_162,339259.77614962,0.0,3.0,3.0,0.0,338.59,27.298579681666663,1.0,0.0,0.0,0.85,0.1,0.05,0.0,AGRI_BURN,Tier_A_RuleDerived,agricultural_cropland_burn
EVT-2026-B9FC0A,spatial_grid_27_158,91359.99164211,0.0,0.86,0.6677777777777778,0.0159061728395061,305.97,0.6,0.0,2.0,13.51,0.85,0.1,0.05,0.0,AGRI_BURN,Tier_A_RuleDerived,agricultural_cropland_burn
EVT-IN-NON-AD6FDAEF,spatial_grid_14_163,384186.46296362,0.0,8.39,5.810000001272808,5.37148888888889,345.13,7.748579681666666,1.0,0.0,0.0,0.85,0.1,0.05,0.0,AGRI_BURN,Tier_A_RuleDerived,agricultural_cropland_burn
EVT-IN-NON-9F433BF9,spatial_grid_60_147,42879.54885736,0.0,4.26,4.255,2.499999999999893e-05,332.4,7.1652463483333335,1.0,0.0,0.0,0.85,0.1,0.05,0.0,AGRI_BURN,Tier_A_RuleDerived,agricultural_cropland_burn
EVT-IN-NON-0BC359EF,spatial_grid_16_160,195944.32186752,0.0,2.1,2.1,0.0,332.61,25.818086985,1.0,0.0,0.0,0.85,0.1,0.05,0.0,AGRI_BURN,Tier_A_RuleDerived,agricultural_cropland_burn
EVT-IN-KAR-2A2ADFC6,spatial_grid_30_153,22123.32806136,0.0,4.52,1.9666666666666663,3.2597555555555555,337.96,86.89857968166666,0.3333333333333333,0.0,0.0,0.85,0.1,0.05,0.0,AGRI_BURN,Tier_A_RuleDerived,agricultural_cropland_burn
EVT-IN-TEL-7C845DD2,spatial_grid_32_155,3503.64229323,0.0,1.63,1.63,0.0,330.08,0.0,1.0,0.0,0.0,0.85,0.1,0.05,0.0,AGRI_BURN,Tier_A_RuleDerived,agricultural_cropland_burn
EVT-IN-AND-A785D808,spatial_grid_29_159,56142.61208546,0.0,13.81,13.81,0.0,320.28,0.0,1.0,0.0,0.0,0.85,0.1,0.05,0.0,AGRI_BURN,Tier_A_RuleDerived,agricultural_cropland_burn
EVT-IN-NON-31A7727A,spatial_grid_17_160,191789.5976294,0.0,2.27,2.27,0.0,331.95,5.065246348333333,1.0,0.0,0.0,0.85,0.1,0.05,0.0,AGRI_BURN,Tier_A_RuleDerived,agricultural_cropland_burn
EVT-IN-RAJ-BABFA9F2,spatial_grid_54_147,41652.2157045,0.0,1.08,1.08,0.0,309.89,0.0,0.0,0.0,0.0,0.85,0.1,0.05,0.0,AGRI_BURN,Tier_A_RuleDerived,agricultural_cropland_burn
EVT-IN-NON-8AF87ACB,spatial_grid_64_141,381898.41757757,0.0,2.95,2.322825396825397,0.2088520833333333,310.79,23.683333333333334,0.0,1.0,3.05,0.85,0.1,0.05,0.0,AGRI_BURN,Tier_A_RuleDerived,agricultural_cropland_burn
EVT-IN-KAR-0463D698,spatial_grid_30_154,23598.50369265,0.0,2.35,2.35,0.0,334.22,0.0,1.0,0.0,0.0,0.85,0.1,0.05,0.0,AGRI_BURN,Tier_A_RuleDerived,agricultural_cropland_burn
EVT-IN-GUJ-9667839A,spatial_grid_43_144,51682.12084317,0.0,1.45,1.45,0.0,308.36,7.551420318333333,0.0,0.0,0.0,0.85,0.1,0.05,0.0,AGRI_BURN,Tier_A_RuleDerived,agricultural_cropland_burn
EVT-IN-NON-ECD3FEB7,spatial_grid_16_161,236289.70546303,0.0,7.37,7.37,0.0,338.83,30.05142031833333,1.0,0.0,0.0,0.85,0.1,0.05,0.0,AGRI_BURN,Tier_A_RuleDerived,agricultural_cropland_burn
EVT-IN-TAM-9A1CBF6C,spatial_grid_17_155,17284.23932113,0.0,5.31,5.31,0.0,338.37,14.868086985,1.0,1.0,3.92,0.85,0.1,0.05,0.0,AGRI_BURN,Tier_A_RuleDerived,agricultural_cropland_burn
EVT-IN-TAM-1E8FBDD1,spatial_grid_20_155,13443.8205399,0.0,11.04,10.361666666656795,1.7483759999999997,355.42,79.51808698500001,1.0,0.0,0.0,0.85,0.1,0.05,0.0,AGRI_BURN,Tier_A_RuleDerived,agricultural_cropland_burn
EVT-IN-NON-9E2EE2C9,spatial_grid_17_161,205689.46194655,0.0,6.77,6.77,0.0,331.68,184.2347536516667,1.0,0.0,0.0,0.85,0.1,0.05,0.0,AGRI_BURN,Tier_A_RuleDerived,agricultural_cropland_burn
EVT-2026-FFF0C8,spatial_grid_18_160,161059.36967774,0.0,6.43,6.43,0.0,338.89,0.0,1.0,1.0,10.52,0.85,0.1,0.05,0.0,AGRI_BURN,Tier_A_RuleDerived,agricultural_cropland_burn
EVT-IN-KAR-397C0C8F,spatial_grid_25_156,5534.73399158,0.0,3.46,3.46,0.0,333.65,0.0,1.0,0.0,0.0,0.85,0.1,0.05,0.0,AGRI_BURN,Tier_A_RuleDerived,agricultural_cropland_burn
EVT-IN-AND-98261672,spatial_grid_29_159,95277.10834061,0.0,5.79,5.79,0.0,338.9,0.0,1.0,0.0,0.0,0.85,0.1,0.05,0.0,AGRI_BURN,Tier_A_RuleDerived,agricultural_cropland_burn
EVT-IN-NON-A8EC3121,spatial_grid_19_160,123805.01293167,0.0,1.66,1.65,0.000225,334.94,74.868086985,1.0,0.0,0.0,0.85,0.1,0.05,0.0,AGRI_BURN,Tier_A_RuleDerived,agricultural_cropland_burn
EVT-IN-NON-FC86BC0D,spatial_grid_18_160,162569.94211,0.0,5.18,5.18,0.0,334.71,68.45142031833333,1.0,0.0,0.0,0.85,0.1,0.05,0.0,AGRI_BURN,Tier_A_RuleDerived,agricultural_cropland_burn
EVT-IN-TAM-FF238ADE,spatial_grid_23_154,42705.26183568,0.0,4.91,4.91,0.0,339.3,169.18475365166665,1.0,0.0,0.0,0.85,0.1,0.05,0.0,AGRI_BURN,Tier_A_RuleDerived,agricultural_cropland_burn
EVT-2026-BB1C14,spatial_grid_16_161,232745.31325759,0.0,3.89,3.89,0.0,332.25,0.0,1.0,1.0,8.27,0.85,0.1,0.05,0.0,AGRI_BURN,Tier_A_RuleDerived,agricultural_cropland_burn
EVT-IN-NON-B1E149F1,spatial_grid_17_161,216382.21691613,0.0,54.47,54.469999202042814,716.9006249999999,338.14,16.701420318333334,1.0,0.0,0.0,0.85,0.1,0.05,0.0,AGRI_BURN,Tier_A_RuleDerived,agricultural_cropland_burn
EVT-IN-NON-5F734D52,spatial_grid_58_181,232900.99706146,0.0,2.25,2.25,0.0,332.74,57.91524634833333,1.0,0.0,0.0,0.85,0.1,0.05,0.0,AGRI_BURN,Tier_A_RuleDerived,agricultural_cropland_burn
EVT-IN-TAM-B39825C9,spatial_grid_20_158,34463.92415558,0.0,5.0,5.0,0.0,330.34,33.84857968166666,1.0,0.0,0.0,0.85,0.1,0.05,0.0,AGRI_BURN,Tier_A_RuleDerived,agricultural_cropland_burn
EVT-IN-KAR-53AD0ECE,spatial_grid_26_156,55259.98052973,0.0,1.87,1.87,0.0,333.31,8.868086985,1.0,0.0,0.0,0.85,0.1,0.05,0.0,AGRI_BURN,Tier_A_RuleDerived,agricultural_cropland_burn
EVT-IN-NON-F4A44D3C,spatial_grid_72_189,1002851.98654539,0.0,6.04,6.04,0.0,300.77,0.0,0.0,0.0,0.0,0.85,0.1,0.05,0.0,AGRI_BURN,Tier_A_RuleDerived,agricultural_cropland_burn
EVT-IN-KAR-3DA29532,spatial_grid_28_155,21570.81398788,0.0,3.47,3.47,0.0,335.71,115.18475365166668,1.0,0.0,0.0,0.85,0.1,0.05,0.0,AGRI_BURN,Tier_A_RuleDerived,agricultural_cropland_burn
EVT-IN-NON-52A03D26,spatial_grid_13_163,405201.18002081,0.0,3.24,3.175,0.004225,336.66,20.51524634833333,1.0,0.0,0.0,0.85,0.1,0.05,0.0,AGRI_BURN,Tier_A_RuleDerived,agricultural_cropland_burn
EVT-IN-TAM-44E9D2EE,spatial_grid_23_159,13902.95802357,0.0,3.31,3.31,0.0,342.53,20.451420318333334,1.0,0.0,0.0,0.85,0.1,0.05,0.0,AGRI_BURN,Tier_A_RuleDerived,agricultural_cropland_burn
TIER-A-FIRE-SYN-001,fire_complex_0,593.0831723286756,12.0,182.54565543977372,329.50112008728615,517.7951105625409,401.2082926997514,10.198946464356121,0.4836995567863468,5.671920555946306,25.71467271687763,0.05,0.05,0.85,1.0,IND_FIRE,Tier_A_RuleDerived,rule_industrial_extreme_fire
TIER-A-FIRE-SYN-002,fire_complex_1,993.7882857758367,12.0,536.4594334728974,346.38164505613497,248.6373774747933,382.72774770449706,13.70298941384422,0.4216968971838151,8.346590042851329,37.27780074568463,0.05,0.05,0.85,1.0,IND_FIRE,Tier_A_RuleDerived,rule_industrial_extreme_fire
TIER-A-FIRE-SYN-003,fire_complex_2,472.28225328716076,45.0,279.93743727186495,94.93301222835694,781.6288631890214,386.2939938301213,9.805470250378473,0.5473544037332349,6.354467877740278,59.32923543227153,0.05,0.05,0.85,1.0,IND_FIRE,Tier_A_RuleDerived,rule_industrial_extreme_fire
TIER-A-FIRE-SYN-004,fire_complex_3,726.8061952095709,12.0,373.39518335564725,134.56771957993328,145.53611508969567,436.42198760773334,46.55654538913149,0.6233589392465844,5.26459276842719,23.906884560255357,0.05,0.05,0.85,1.0,IND_FIRE,Tier_A_RuleDerived,rule_industrial_extreme_fire
TIER-A-FIRE-SYN-005,fire_complex_4,1042.1378884426276,45.0,407.4685834714562,275.19893049043867,683.236438215315,382.13552574554404,22.424545518076112,0.3728944351152249,11.575059744447135,37.00623497964979,0.05,0.05,0.85,1.0,IND_FIRE,Tier_A_RuleDerived,rule_industrial_extreme_fire
TIER-A-FIRE-SYN-006,fire_complex_5,351.5154111588738,56.0,183.18450498648718,390.26708088465875,642.5929763527802,435.76492590949323,43.58274871796125,0.5391599915244341,13.906239290323636,23.53970008207678,0.05,0.05,0.85,1.0,IND_FIRE,Tier_A_RuleDerived,rule_industrial_extreme_fire
TIER-A-FIRE-SYN-007,fire_complex_6,334.1751505077605,12.0,532.5274109572072,350.25083157700846,623.1240770961666,407.7784492672356,30.643548957881624,0.6861021229056552,9.498479467613585,31.039967280901735,0.05,0.05,0.85,1.0,IND_FIRE,Tier_A_RuleDerived,rule_industrial_extreme_fire
TIER-A-FIRE-SYN-008,fire_complex_7,479.5965832709195,12.0,133.54778965589688,395.80381971216553,640.5713385076602,383.9100977073921,6.231928919191301,0.6261845713819336,10.89600281386664,49.160286721639494,0.05,0.05,0.85,1.0,IND_FIRE,Tier_A_RuleDerived,rule_industrial_extreme_fire
TIER-A-FIRE-SYN-009,fire_complex_8,1168.3420026946212,12.0,516.835395331007,288.3446481606222,740.4717728806465,429.50270044528594,24.87692831380454,0.3381640465961645,6.191455530775729,46.75365010654429,0.05,0.05,0.85,1.0,IND_FIRE,Tier_A_RuleDerived,rule_industrial_extreme_fire
TIER-A-FIRE-SYN-010,fire_complex_9,1015.5874170953701,56.0,386.9008621098459,363.9080776244245,430.5504476133645,378.3715972156811,35.95628106336579,0.6043140194467589,8.857880765972947,50.83868719818244,0.05,0.05,0.85,1.0,IND_FIRE,Tier_A_RuleDerived,rule_industrial_extreme_fire
TIER-A-FIRE-SYN-011,fire_complex_10,766.0036147283665,12.0,419.7983003586043,115.48506265978602,407.53555130603905,384.12034416347774,43.62207101828781,0.4901480892728447,8.885858007669372,47.8206434570451,0.05,0.05,0.85,1.0,IND_FIRE,Tier_A_RuleDerived,rule_industrial_extreme_fire
TIER-A-FIRE-SYN-012,fire_complex_11,252.03060888851974,45.0,284.6723153660334,321.7763643337756,260.1587158441357,375.38859368801553,18.169561022378257,0.3644885149016017,14.015767132796023,52.32481518257668,0.05,0.05,0.85,1.0,IND_FIRE,Tier_A_RuleDerived,rule_industrial_extreme_fire
TIER-A-FIRE-SYN-013,fire_complex_12,968.435446940114,34.0,305.4405567173096,149.90093990938675,391.5569635092564,431.8296181243208,19.622490882221506,0.3488351818802693,5.988169733077648,56.27313766183016,0.05,0.05,0.85,1.0,IND_FIRE,Tier_A_RuleDerived,rule_industrial_extreme_fire
TIER-A-FIRE-SYN-014,fire_complex_13,444.5917616077212,45.0,292.1985048818153,341.7647250951978,702.5114082794404,370.48664913718335,27.45138670825776,0.46696440125951155,4.109509346590223,24.794614693347313,0.05,0.05,0.85,1.0,IND_FIRE,Tier_A_RuleDerived,rule_industrial_extreme_fire
TIER-A-FIRE-SYN-015,fire_complex_14,539.5419985352605,45.0,175.73096897781875,150.00455026338247,490.67140141213883,398.26853197406285,8.725474378577225,0.40156616557373787,4.4562648797404165,47.852170913591536,0.05,0.05,0.85,1.0,IND_FIRE,Tier_A_RuleDerived,rule_industrial_extreme_fire
TIER-A-FIRE-SYN-016,fire_complex_0,1082.792355390441,12.0,228.17822246986043,91.8038231534505,526.6950337859278,405.1875316260203,8.162107552499553,0.41145858569464455,13.715722403533151,29.582475626678896,0.05,0.05,0.85,1.0,IND_FIRE,Tier_A_RuleDerived,rule_industrial_extreme_fire
TIER-A-FIRE-SYN-017,fire_complex_1,260.0975645322735,56.0,301.50242405789123,256.92578850282496,514.8877067155754,375.65973284329004,21.52548715457899,0.39686397531097034,12.243956589318543,38.812025377841536,0.05,0.05,0.85,1.0,IND_FIRE,Tier_A_RuleDerived,rule_industrial_extreme_fire
TIER-A-FIRE-SYN-018,fire_complex_2,1475.9635542975223,34.0,341.0986078336413,108.89272641741066,684.7117469124665,392.4546045480215,13.833777436793877,0.31631005662190553,9.272501204635386,47.1025744736913,0.05,0.05,0.85,1.0,IND_FIRE,Tier_A_RuleDerived,rule_industrial_extreme_fire
TIER-A-FIRE-SYN-019,fire_complex_3,74.05235194539142,45.0,464.2754707628719,191.5731159333534,167.32358576399452,435.83662851427226,22.698024885675938,0.507100540210992,12.727941482702592,47.02760468157123,0.05,0.05,0.85,1.0,IND_FIRE,Tier_A_RuleDerived,rule_industrial_extreme_fire
TIER-A-FIRE-SYN-020,fire_complex_4,1116.0633728991195,34.0,516.1121282253532,360.7485930819139,280.55913940060896,416.1988832223925,40.323332408451066,0.5220803246397849,8.415108096984092,29.67409163601807,0.05,0.05,0.85,1.0,IND_FIRE,Tier_A_RuleDerived,rule_industrial_extreme_fire
TIER-A-FIRE-SYN-021,fire_complex_5,184.99901331855386,56.0,351.2320541231939,362.4436298205887,232.09497583896558,389.52099468145275,35.415028858856395,0.6386644568953224,12.988540086293295,36.1803250848876,0.05,0.05,0.85,1.0,IND_FIRE,Tier_A_RuleDerived,rule_industrial_extreme_fire
TIER-A-FIRE-SYN-022,fire_complex_6,1337.2666432033918,56.0,137.86298424777198,131.72118851027642,728.9879319689554,412.4500341761713,6.386276167898445,0.3405886171464128,10.289024767512782,20.20246335384875,0.05,0.05,0.85,1.0,IND_FIRE,Tier_A_RuleDerived,rule_industrial_extreme_fire
TIER-A-FIRE-SYN-023,fire_complex_7,283.17167455537304,34.0,318.52618911380193,223.49572575559915,796.1202238275745,382.3147676874142,6.759165271851876,0.4975574860733738,3.5035179290986034,34.658751383314396,0.05,0.05,0.85,1.0,IND_FIRE,Tier_A_RuleDerived,rule_industrial_extreme_fire
TIER-A-FIRE-SYN-024,fire_complex_8,1129.0472584320153,45.0,395.9258015351545,261.8587530673509,165.57233747966472,395.74010621416033,17.13849944263247,0.3975958573516334,14.622147766534239,35.723908986670416,0.05,0.05,0.85,1.0,IND_FIRE,Tier_A_RuleDerived,rule_industrial_extreme_fire
TIER-A-FIRE-SYN-025,fire_complex_9,1343.4675050068142,45.0,295.4774644796929,192.02509046229622,551.5723534213954,416.82468417641695,42.29503773301993,0.39207410729662207,7.988707318386533,42.880167968367324,0.05,0.05,0.85,1.0,IND_FIRE,Tier_A_RuleDerived,rule_industrial_extreme_fire
TIER-A-FIRE-SYN-026,fire_complex_10,1164.403320744148,56.0,179.699805733172,380.94674699293256,767.7500039018112,434.0405073154314,21.546665410728664,0.306182646611547,13.996459876228155,37.12736593269257,0.05,0.05,0.85,1.0,IND_FIRE,Tier_A_RuleDerived,rule_industrial_extreme_fire
TIER-A-FIRE-SYN-027,fire_complex_11,1451.6494876133208,45.0,541.1492126722205,104.11080192196103,313.98791350102726,383.3637721805242,17.275943989386587,0.49411194971052624,6.21761613931669,35.78765867237889,0.05,0.05,0.85,1.0,IND_FIRE,Tier_A_RuleDerived,rule_industrial_extreme_fire
TIER-A-FIRE-SYN-028,fire_complex_12,1274.1090540531516,45.0,356.52752654021424,111.09647800664592,530.5050586894188,439.3037695072984,11.88352863993401,0.5073318609454947,13.283223006991376,49.63074471016817,0.05,0.05,0.85,1.0,IND_FIRE,Tier_A_RuleDerived,rule_industrial_extreme_fire
TIER-A-FIRE-SYN-029,fire_complex_13,1060.6728244431386,45.0,419.00994860955336,256.90239261053046,307.55710055345895,399.38465995123937,16.760691630967237,0.5446054843462722,2.1423185256033648,20.20739451095947,0.05,0.05,0.85,1.0,IND_FIRE,Tier_A_RuleDerived,rule_industrial_extreme_fire
TIER-A-FIRE-SYN-030,fire_complex_14,960.4469016755223,56.0,392.4837688499943,304.6294007224651,657.0548686052707,432.30037392722966,20.195796587764505,0.4502331810559776,2.315747157772166,43.13120563984696,0.05,0.05,0.85,1.0,IND_FIRE,Tier_A_RuleDerived,rule_industrial_extreme_fire
TIER-A-FIRE-SYN-031,fire_complex_0,102.11629700527602,12.0,169.76872752748488,394.18908425936996,687.2534514485543,430.22832328181727,16.51055714166629,0.31553389377176927,5.2457172054251195,41.48329708786622,0.05,0.05,0.85,1.0,IND_FIRE,Tier_A_RuleDerived,rule_industrial_extreme_fire
TIER-A-FIRE-SYN-032,fire_complex_1,523.6443006042593,56.0,446.49709889437486,149.0627287989898,536.0233330733001,375.97432254956374,8.170632289081524,0.5125418526272592,8.568891702541492,45.497196059928264,0.05,0.05,0.85,1.0,IND_FIRE,Tier_A_RuleDerived,rule_industrial_extreme_fire
TIER-A-FIRE-SYN-033,fire_complex_2,1102.8324338978593,12.0,536.2915902013715,308.67043333758465,128.74726173751304,397.91746310113564,24.207870978391167,0.5976170571996462,4.512047382853257,27.3733469732548,0.05,0.05,0.85,1.0,IND_FIRE,Tier_A_RuleDerived,rule_industrial_extreme_fire
TIER-A-FIRE-SYN-034,fire_complex_3,167.26580159493662,45.0,413.18839274216407,210.86494221256635,221.30602404959205,380.950592986976,16.510201722913003,0.5196906658824482,11.004342917800873,46.40789506870925,0.05,0.05,0.85,1.0,IND_FIRE,Tier_A_RuleDerived,rule_industrial_extreme_fire
TIER-A-FIRE-SYN-035,fire_complex_4,455.9041505716171,56.0,332.513315841955,290.2756251200534,404.97102907452376,421.1027521593273,8.004077363049248,0.5264148841976305,3.221050266994874,24.806585912225685,0.05,0.05,0.85,1.0,IND_FIRE,Tier_A_RuleDerived,rule_industrial_extreme_fire
TIER-A-FIRE-SYN-036,fire_complex_5,545.7255167387823,56.0,120.70118890978874,93.03321674207044,698.8224088077051,419.25605015660165,25.915300821667657,0.3391336642604006,7.882622251635653,38.93887083122263,0.05,0.05,0.85,1.0,IND_FIRE,Tier_A_RuleDerived,rule_industrial_extreme_fire
TIER-A-FIRE-SYN-037,fire_complex_6,301.142711369522,34.0,392.39815718924353,95.37885574305079,764.4020121139702,432.0676271108633,16.957532180351986,0.3061218161161539,14.068108313112761,40.04159535661037,0.05,0.05,0.85,1.0,IND_FIRE,Tier_A_RuleDerived,rule_industrial_extreme_fire
TIER-A-FIRE-SYN-038,fire_complex_7,832.0973001800907,12.0,173.32049218664338,102.58199916813754,549.693494744421,371.85579173791353,30.60257441348546,0.676092096569983,9.056638490262305,35.526797048260875,0.05,0.05,0.85,1.0,IND_FIRE,Tier_A_RuleDerived,rule_industrial_extreme_fire
TIER-A-FIRE-SYN-039,fire_complex_8,982.7679167414121,12.0,465.04187953120135,342.60463223806573,538.157769071101,427.4298790639888,33.362360418027095,0.38267374395069814,4.835455782495872,28.583564788334964,0.05,0.05,0.85,1.0,IND_FIRE,Tier_A_RuleDerived,rule_industrial_extreme_fire
TIER-A-FIRE-SYN-040,fire_complex_9,597.025670680565,12.0,142.49933234016777,298.5621674932342,149.8320539221603,392.32829412056327,41.48476306071709,0.30930877429433035,12.402558756245101,31.274190990936,0.05,0.05,0.85,1.0,IND_FIRE,Tier_A_RuleDerived,rule_industrial_extreme_fire
TIER-A-FIRE-SYN-041,fire_complex_10,221.33900005140157,12.0,256.75147200393883,379.72740859382634,127.43042867295237,399.25622222009054,46.63838316385039,0.5191887532992349,6.928593192313659,42.74081134999833,0.05,0.05,0.85,1.0,IND_FIRE,Tier_A_RuleDerived,rule_industrial_extreme_fire
TIER-A-FIRE-SYN-042,fire_complex_11,885.0906341242227,45.0,285.6779546101419,199.04578745369062,643.4890725193978,393.8562478177113,45.09180767534972,0.6433651007372047,7.005916383250257,50.03484271165989,0.05,0.05,0.85,1.0,IND_FIRE,Tier_A_RuleDerived,rule_industrial_extreme_fire
TIER-A-FIRE-SYN-043,fire_complex_12,1144.0871674227894,12.0,269.97799877933267,250.9847915297803,447.5928334781544,397.27326603534425,18.500677329391056,0.3399939548647453,1.7487941544631647,58.341659875327935,0.05,0.05,0.85,1.0,IND_FIRE,Tier_A_RuleDerived,rule_industrial_extreme_fire
TIER-A-FIRE-SYN-044,fire_complex_13,1278.3575589386053,12.0,243.69113691568668,384.0198294562576,765.4250028562893,410.14065216863,32.537162911131574,0.47937820879132786,5.104950803772903,33.14658181479664,0.05,0.05,0.85,1.0,IND_FIRE,Tier_A_RuleDerived,rule_industrial_extreme_fire
TIER-A-FIRE-SYN-045,fire_complex_14,1025.1517613117057,56.0,525.7875442967606,330.0147361507848,179.4252214122136,435.1650373981105,46.91842475844523,0.6983724968121316,1.7821961654829006,49.481422271640355,0.05,0.05,0.85,1.0,IND_FIRE,Tier_A_RuleDerived,rule_industrial_extreme_fire
TIER-A-FIRE-SYN-046,fire_complex_0,841.577866739234,45.0,152.68015739242264,125.75733825690747,633.0574422022306,413.2752644321383,10.24715239715719,0.33364272244599896,10.81356784042768,22.910520254567743,0.05,0.05,0.85,1.0,IND_FIRE,Tier_A_RuleDerived,rule_industrial_extreme_fire
TIER-A-FIRE-SYN-047,fire_complex_1,1241.6970859710166,34.0,165.97216976141146,244.2643739815657,263.2596506971695,410.69137920587474,42.25181792353816,0.6521439874553667,4.313592711549102,56.30774825394185,0.05,0.05,0.85,1.0,IND_FIRE,Tier_A_RuleDerived,rule_industrial_extreme_fire
TIER-A-FIRE-SYN-048,fire_complex_2,908.2386712908623,56.0,269.3168134889121,106.720229343574,644.0028411492058,409.08829748150634,23.817324388373002,0.6625417540378944,2.556764752286119,39.705004171634364,0.05,0.05,0.85,1.0,IND_FIRE,Tier_A_RuleDerived,rule_industrial_extreme_fire
TIER-A-FIRE-SYN-049,fire_complex_3,66.46278491275766,56.0,357.1628613422548,317.11163549141384,637.0363971760002,427.5953246313685,37.25688959161852,0.5724157708387636,4.3250905980945795,36.00891571488099,0.05,0.05,0.85,1.0,IND_FIRE,Tier_A_RuleDerived,rule_industrial_extreme_fire
TIER-A-FIRE-SYN-050,fire_complex_4,742.6865917763301,12.0,490.8696076852571,151.55066832622484,774.2557776084279,370.85081322828717,46.73491072172084,0.31726396478023045,13.476003591772995,41.108044363451995,0.05,0.05,0.85,1.0,IND_FIRE,Tier_A_RuleDerived,rule_industrial_extreme_fire
TIER-A-FIRE-SYN-051,fire_complex_5,1489.7989543729855,12.0,213.8455755951585,302.5315593941272,152.8041829628385,381.6350802336477,15.105982476632631,0.41779757873577195,14.941639250411189,47.87700223455259,0.05,0.05,0.85,1.0,IND_FIRE,Tier_A_RuleDerived,rule_industrial_extreme_fire
TIER-A-FIRE-SYN-052,fire_complex_6,607.0926554998689,45.0,120.45087115365604,169.9082206695137,765.2880388535912,432.31846487236413,25.137583616999944,0.5480530391206146,4.883336561735858,27.52484638895045,0.05,0.05,0.85,1.0,IND_FIRE,Tier_A_RuleDerived,rule_industrial_extreme_fire
TIER-A-FIRE-SYN-053,fire_complex_7,722.3626871629741,34.0,203.22763556722737,165.10013598855647,352.24156664368775,388.1964903997984,25.036115566810903,0.3129263804438602,4.9166891003652395,36.44826883488745,0.05,0.05,0.85,1.0,IND_FIRE,Tier_A_RuleDerived,rule_industrial_extreme_fire
TIER-A-FIRE-SYN-054,fire_complex_8,924.0337289337829,56.0,173.1776227052011,371.4966990380296,675.7760700462183,436.4859939304347,36.48021935231112,0.5453660783743159,6.855402508068664,57.309139334160534,0.05,0.05,0.85,1.0,IND_FIRE,Tier_A_RuleDerived,rule_industrial_extreme_fire
TIER-A-FIRE-SYN-055,fire_complex_9,1305.792639775592,12.0,174.17541751165044,211.6016373073181,644.3215986146579,403.62590573064483,47.38201412795118,0.4506955879751763,11.494096199665009,35.719577959154364,0.05,0.05,0.85,1.0,IND_FIRE,Tier_A_RuleDerived,rule_industrial_extreme_fire
TIER-A-FIRE-SYN-056,fire_complex_10,1252.2881200244458,12.0,477.247917120012,229.98181113439048,390.37365163636565,389.13849503514945,8.36777085933894,0.6458889505020212,12.380614127821087,59.98870693144522,0.05,0.05,0.85,1.0,IND_FIRE,Tier_A_RuleDerived,rule_industrial_extreme_fire
TIER-A-FIRE-SYN-057,fire_complex_11,1495.1234137571628,12.0,363.3172895464624,312.35867010299137,629.9568414297191,396.44953844930507,16.125562957844537,0.38201813140260993,4.520194153165178,30.989271881036352,0.05,0.05,0.85,1.0,IND_FIRE,Tier_A_RuleDerived,rule_industrial_extreme_fire
TIER-A-FIRE-SYN-058,fire_complex_12,350.4800910616819,12.0,402.26530798263553,277.80103694652666,350.71390262298837,377.94903145397404,34.20607421489758,0.5081230803615173,11.81245748429895,40.80654004447973,0.05,0.05,0.85,1.0,IND_FIRE,Tier_A_RuleDerived,rule_industrial_extreme_fire
TIER-A-FIRE-SYN-059,fire_complex_13,1285.6631754618832,34.0,535.5881944479204,108.29063147700691,654.2724876287431,411.2969127996345,26.161930614775954,0.46821431146603,11.985355695220333,45.5744542789697,0.05,0.05,0.85,1.0,IND_FIRE,Tier_A_RuleDerived,rule_industrial_extreme_fire
TIER-A-FIRE-SYN-060,fire_complex_14,1217.3147679030747,45.0,161.3671640140464,84.65429301372222,345.41129116461786,411.2942380798243,22.47424989418876,0.4749899688094916,13.658221722912478,33.930218680932015,0.05,0.05,0.85,1.0,IND_FIRE,Tier_A_RuleDerived,rule_industrial_extreme_fire
TIER-A-FIRE-SYN-061,fire_complex_0,795.2847592817257,56.0,509.71207528147283,175.34702449342416,466.52159321050783,418.83493100454245,39.451814578302844,0.48373872317846894,12.789279810261935,50.756709652615896,0.05,0.05,0.85,1.0,IND_FIRE,Tier_A_RuleDerived,rule_industrial_extreme_fire
TIER-A-FIRE-SYN-062,fire_complex_1,146.0421678852055,12.0,541.0146588784646,237.63779007771828,330.1261272012557,414.3380598021708,16.086115988684107,0.33034533124346555,2.804316106749089,25.121833558310897,0.05,0.05,0.85,1.0,IND_FIRE,Tier_A_RuleDerived,rule_industrial_extreme_fire
TIER-A-FIRE-SYN-063,fire_complex_2,270.2589055928268,34.0,413.9504081636193,137.62152715177552,587.5510263589554,398.816285005027,42.721339403885516,0.5060944219456843,14.62354488978146,44.07741582163841,0.05,0.05,0.85,1.0,IND_FIRE,Tier_A_RuleDerived,rule_industrial_extreme_fire
TIER-A-FIRE-SYN-064,fire_complex_3,374.58114556416484,12.0,176.02077838247405,169.14890849022675,223.90733899372276,376.2091773629939,11.066706586225234,0.48431150721309024,3.888672057681095,34.57079444192302,0.05,0.05,0.85,1.0,IND_FIRE,Tier_A_RuleDerived,rule_industrial_extreme_fire
TIER-A-FIRE-SYN-065,fire_complex_4,779.9550427395425,12.0,244.71224410601306,109.53298759319875,436.80177583940525,418.1449301967258,27.489594568984973,0.36279107308647746,6.282003513389016,20.103800975345862,0.05,0.05,0.85,1.0,IND_FIRE,Tier_A_RuleDerived,rule_industrial_extreme_fire
TIER-A-FIRE-SYN-066,fire_complex_5,1309.0366052016009,56.0,436.71686067264625,139.04672619404073,246.5445263356972,395.93304719539674,26.349965378022894,0.5473019086121184,6.164790953976814,38.50138864532592,0.05,0.05,0.85,1.0,IND_FIRE,Tier_A_RuleDerived,rule_industrial_extreme_fire
TIER-A-FIRE-SYN-067,fire_complex_6,1133.832860293947,34.0,166.482591357802,122.59741714799304,581.0158537823318,429.110847084354,37.48388174436067,0.31218886109343763,13.141009735046126,34.16586683172502,0.05,0.05,0.85,1.0,IND_FIRE,Tier_A_RuleDerived,rule_industrial_extreme_fire
TIER-A-FIRE-SYN-068,fire_complex_7,625.8875571309196,56.0,221.15945392722142,200.73093219347925,114.04983844440846,392.5455415908225,14.880816293854876,0.43099894087116586,2.676669845469517,55.6210912295958,0.05,0.05,0.85,1.0,IND_FIRE,Tier_A_RuleDerived,rule_industrial_extreme_fire
TIER-A-FIRE-SYN-069,fire_complex_8,910.7090576533706,56.0,259.7969364756872,287.6233088933043,435.70747122797513,410.89396392999186,36.94654396658634,0.5230969063801749,9.211496085250626,42.57834170090565,0.05,0.05,0.85,1.0,IND_FIRE,Tier_A_RuleDerived,rule_industrial_extreme_fire
TIER-A-FIRE-SYN-070,fire_complex_9,599.2203076293696,12.0,263.3870333793858,286.69351722611236,499.54481326823833,394.9267708128492,47.433640449305145,0.5423099277427548,4.321175084303922,24.07129890481615,0.05,0.05,0.85,1.0,IND_FIRE,Tier_A_RuleDerived,rule_industrial_extreme_fire
TIER-A-FIRE-SYN-071,fire_complex_10,271.64575181728145,45.0,319.51441036393203,352.2616057075668,161.5213371781007,426.41054207188006,8.337446552992965,0.6369256141192726,1.7228966902431797,20.729699257134442,0.05,0.05,0.85,1.0,IND_FIRE,Tier_A_RuleDerived,rule_industrial_extreme_fire
TIER-A-FIRE-SYN-072,fire_complex_11,1060.5941204313112,56.0,150.41750597562356,207.31379169463733,778.6293032927582,430.58549881257863,40.31702697986976,0.4031611308179759,3.3924262234609213,46.74572879697724,0.05,0.05,0.85,1.0,IND_FIRE,Tier_A_RuleDerived,rule_industrial_extreme_fire
TIER-A-FIRE-SYN-073,fire_complex_12,1397.5951842349994,45.0,340.76652942020974,232.51823492045185,687.0077910918374,384.35542921046215,46.65575079317784,0.5843809915346994,3.7930969827364764,49.44988734793952,0.05,0.05,0.85,1.0,IND_FIRE,Tier_A_RuleDerived,rule_industrial_extreme_fire
TIER-A-FIRE-SYN-074,fire_complex_13,818.2680336126192,12.0,374.7790190987347,172.36177703688185,506.8667549958286,380.8053900691942,26.207884277902334,0.5130357730206343,1.7255295155139767,33.46417112775683,0.05,0.05,0.85,1.0,IND_FIRE,Tier_A_RuleDerived,rule_industrial_extreme_fire
TIER-A-FIRE-SYN-075,fire_complex_14,244.90128156151266,45.0,347.0148909500398,144.55374794567547,579.2000835158833,376.15076778698597,11.830640484564857,0.30108435976573183,2.6337448979835383,38.92664804207569,0.05,0.05,0.85,1.0,IND_FIRE,Tier_A_RuleDerived,rule_industrial_extreme_fire
TIER-A-FIRE-SYN-076,fire_complex_0,928.847727530966,45.0,256.9907199443479,377.4493261593043,681.4335854514104,437.5518837466559,11.220483386392878,0.5923469900814577,14.13676639549453,27.249322646626407,0.05,0.05,0.85,1.0,IND_FIRE,Tier_A_RuleDerived,rule_industrial_extreme_fire
TIER-A-FIRE-SYN-077,fire_complex_1,146.41958768182735,56.0,424.7184478380747,95.39028606850806,647.0601372259904,427.9558621024244,37.52108084014317,0.6198148523678062,12.551857473699162,27.456199471525764,0.05,0.05,0.85,1.0,IND_FIRE,Tier_A_RuleDerived,rule_industrial_extreme_fire
TIER-A-FIRE-SYN-078,fire_complex_2,391.75303179424964,34.0,335.37944114610366,194.8257549195208,714.0403785691758,397.4711575195845,40.29717645780624,0.4756539634280873,6.277222011948706,38.50719142678426,0.05,0.05,0.85,1.0,IND_FIRE,Tier_A_RuleDerived,rule_industrial_extreme_fire
TIER-A-FIRE-SYN-079,fire_complex_3,486.997917538006,45.0,297.4351039247526,264.7956066899602,348.7537162728771,397.4037477141051,28.33801414690331,0.32664764495632675,4.206355472947148,41.71397242453636,0.05,0.05,0.85,1.0,IND_FIRE,Tier_A_RuleDerived,rule_industrial_extreme_fire
TIER-A-FIRE-SYN-080,fire_complex_4,675.7158075478418,45.0,382.46862388213805,187.16979669026756,197.4904508643711,425.5817632489207,32.04305574899757,0.5133844367905286,13.514496162713407,51.54388844898123,0.05,0.05,0.85,1.0,IND_FIRE,Tier_A_RuleDerived,rule_industrial_extreme_fire
TIER-A-FLARE-SYN-001,flare_complex_0,315.43103953231457,12.0,74.48863228704212,62.82145664779131,25.018958988392875,351.1363377950839,54.84384493341685,0.497592594852345,47.73176459300583,30.660381690927977,0.05,0.05,0.85,1.0,IND_FLARE,Tier_A_RuleDerived,rule_industrial_flare_elevated
TIER-A-FLARE-SYN-002,flare_complex_1,988.8423650980408,45.0,84.25166042141628,27.011876428259033,42.81011033922571,368.9188609733866,20.995045640926428,0.3917005580930566,46.11262841965331,64.6020095100341,0.05,0.05,0.85,1.0,IND_FLARE,Tier_A_RuleDerived,rule_industrial_flare_elevated
TIER-A-FLARE-SYN-003,flare_complex_2,1172.0083575492704,45.0,64.58558431260818,59.38984911031237,56.932055534412854,369.80396483427234,69.54448767384167,0.4370097028714173,21.36754915149935,48.29782743312656,0.05,0.05,0.85,1.0,IND_FLARE,Tier_A_RuleDerived,rule_industrial_flare_elevated
TIER-A-FLARE-SYN-004,flare_complex_3,553.8768288325207,45.0,35.73459821812561,52.24264076092385,50.41220752191262,363.34362706303943,13.086611029250431,0.6488495635776605,56.60591412418062,56.082325097406496,0.05,0.05,0.85,1.0,IND_FLARE,Tier_A_RuleDerived,rule_industrial_flare_elevated
TIER-A-FLARE-SYN-005,flare_complex_4,1269.1389417845614,12.0,74.5067044019379,28.389647360284375,55.340185211676925,363.20145139148565,37.44784027814316,0.594577694249889,56.718350738450745,75.9062682098727,0.05,0.05,0.85,1.0,IND_FLARE,Tier_A_RuleDerived,rule_industrial_flare_elevated
TIER-A-FLARE-SYN-006,flare_complex_5,838.9688999572312,34.0,41.51342242165568,29.103628070200937,28.04246156458845,370.1247236700748,31.928784759296335,0.4245777056182565,21.36978104385563,58.43419165868423,0.05,0.05,0.85,1.0,IND_FLARE,Tier_A_RuleDerived,rule_industrial_flare_elevated
TIER-A-FLARE-SYN-007,flare_complex_6,713.7849721747104,12.0,48.46380691521307,64.15693967289063,15.3242416103222,355.0049751507343,35.8901216154566,0.5149582411751691,55.992780820638025,44.04902969012787,0.05,0.05,0.85,1.0,IND_FLARE,Tier_A_RuleDerived,rule_industrial_flare_elevated
TIER-A-FLARE-SYN-008,flare_complex_7,657.1681033183985,34.0,89.29183074575108,52.2887523275112,17.299266917040683,372.38248388637385,26.893586565429114,0.5310527816366188,18.27566587139869,26.863353813562725,0.05,0.05,0.85,1.0,IND_FLARE,Tier_A_RuleDerived,rule_industrial_flare_elevated
TIER-A-FLARE-SYN-009,flare_complex_8,595.0780494823255,12.0,65.64118451946304,54.77453583557417,15.916611961183355,364.9061211605013,22.682158012185084,0.684428126987782,17.433136387655647,47.8043268049863,0.05,0.05,0.85,1.0,IND_FLARE,Tier_A_RuleDerived,rule_industrial_flare_elevated
TIER-A-FLARE-SYN-010,flare_complex_9,199.36191913762676,12.0,37.91240099931993,36.47777514715624,36.69558483880276,356.91954346372796,37.60733432020496,0.6199128088297077,27.46934995246665,50.752750564275864,0.05,0.05,0.85,1.0,IND_FLARE,Tier_A_RuleDerived,rule_industrial_flare_elevated
TIER-A-FLARE-SYN-011,flare_complex_10,1143.7079773393416,12.0,58.04468615769995,51.0662623294439,19.599604759984665,368.2658285008503,39.197330084881656,0.509756107731032,32.03813734691141,47.04196834814293,0.05,0.05,0.85,1.0,IND_FLARE,Tier_A_RuleDerived,rule_industrial_flare_elevated
TIER-A-FLARE-SYN-012,flare_complex_11,1029.3705797893813,45.0,32.20870355319209,38.389954622076516,20.285235466272248,367.5973866224235,28.338111283217966,0.6589721639275536,36.32892333296469,69.04123743173665,0.05,0.05,0.85,1.0,IND_FLARE,Tier_A_RuleDerived,rule_industrial_flare_elevated
TIER-A-FLARE-SYN-013,flare_complex_12,1763.130012327932,34.0,85.68956320080665,42.43914724506646,53.62058166815378,352.6166569212991,23.766785981607168,0.5022031516424135,39.75244898502103,43.659918524290504,0.05,0.05,0.85,1.0,IND_FLARE,Tier_A_RuleDerived,rule_industrial_flare_elevated
TIER-A-FLARE-SYN-014,flare_complex_13,1046.5261560861254,45.0,70.69222754963123,33.10005295756996,21.96089749315416,352.29516572998364,55.33601591133955,0.6422785872425143,51.51099322834958,46.84509412901502,0.05,0.05,0.85,1.0,IND_FLARE,Tier_A_RuleDerived,rule_industrial_flare_elevated
TIER-A-FLARE-SYN-015,flare_complex_14,1219.1489889986308,12.0,53.44746157914654,37.81945336087398,21.084751046524453,363.9972232473288,56.15427679176014,0.6392512381867533,16.138844483135426,73.20442417314116,0.05,0.05,0.85,1.0,IND_FLARE,Tier_A_RuleDerived,rule_industrial_flare_elevated
TIER-A-FLARE-SYN-016,flare_complex_0,1175.1197363249432,34.0,87.48701977538823,64.95939589561425,38.927214618851316,352.7827030029388,34.78154449003601,0.536117977005923,23.403182041143815,59.32818993170237,0.05,0.05,0.85,1.0,IND_FLARE,Tier_A_RuleDerived,rule_industrial_flare_elevated
TIER-A-FLARE-SYN-017,flare_complex_1,766.4703913346707,34.0,50.39305262661618,67.3587410986097,30.365736755667108,374.2364179559661,58.78552648728185,0.3456951703681587,38.288830998328024,79.1952021732954,0.05,0.05,0.85,1.0,IND_FLARE,Tier_A_RuleDerived,rule_industrial_flare_elevated
TIER-A-FLARE-SYN-018,flare_complex_2,874.3645422141752,12.0,58.934485700524235,48.185171073505686,66.91808609600659,365.96537559482715,36.153002615818835,0.3872092429976346,42.25270838846647,48.1937164004305,0.05,0.05,0.85,1.0,IND_FLARE,Tier_A_RuleDerived,rule_industrial_flare_elevated
TIER-A-FLARE-SYN-019,flare_complex_3,281.4833694693282,12.0,37.017550009381246,34.97690295856529,16.28734735832267,372.42896419681495,19.065064973408468,0.5306065902057013,23.7027610343603,55.47979013836864,0.05,0.05,0.85,1.0,IND_FLARE,Tier_A_RuleDerived,rule_industrial_flare_elevated
TIER-A-FLARE-SYN-020,flare_complex_4,1189.9856796157624,34.0,75.41418071426071,25.86183015707709,24.80129770623143,352.9105140790385,27.989903602252934,0.5928738313836249,22.536533028079887,59.82039348465962,0.05,0.05,0.85,1.0,IND_FLARE,Tier_A_RuleDerived,rule_industrial_flare_elevated
TIER-A-FLARE-SYN-021,flare_complex_5,914.979237741975,34.0,89.00883621474719,43.03237886906402,41.81969697746482,360.5675311584851,14.817958006503304,0.36651334750243175,46.90168082131852,29.553926735881955,0.05,0.05,0.85,1.0,IND_FLARE,Tier_A_RuleDerived,rule_industrial_flare_elevated
TIER-A-FLARE-SYN-022,flare_complex_6,1105.5161915661793,34.0,29.77747937478641,66.03934448866661,45.603537745007046,372.46541031875745,55.291971667314336,0.544161866803183,57.465339852888285,46.815715517862984,0.05,0.05,0.85,1.0,IND_FLARE,Tier_A_RuleDerived,rule_industrial_flare_elevated
TIER-A-FLARE-SYN-023,flare_complex_7,1719.6521389443578,34.0,76.28004680471753,31.82172082249162,17.182819454289927,352.8679213289947,47.70467584201529,0.3205703253937001,34.81831236006182,57.82635669042891,0.05,0.05,0.85,1.0,IND_FLARE,Tier_A_RuleDerived,rule_industrial_flare_elevated
TIER-A-FLARE-SYN-024,flare_complex_8,634.9268089296814,34.0,58.19661160902587,38.94110526243283,39.60781127939532,357.38380651820256,54.29553298133718,0.5393144233072618,32.98407563805655,29.176337570329217,0.05,0.05,0.85,1.0,IND_FLARE,Tier_A_RuleDerived,rule_industrial_flare_elevated
TIER-A-FLARE-SYN-025,flare_complex_9,186.0893521381749,45.0,44.05015960609739,52.46268667779979,40.26817278580188,347.74746219979903,67.03881452773456,0.3547274523675845,57.51186769104012,49.53031751268757,0.05,0.05,0.85,1.0,IND_FLARE,Tier_A_RuleDerived,rule_industrial_flare_elevated
TIER-A-FLARE-SYN-026,flare_complex_10,373.9826254675844,34.0,92.07195551027513,61.71158276701248,59.72645697339833,367.7710753661655,55.44619975638832,0.5548926319157947,59.02884000899941,74.68500969498137,0.05,0.05,0.85,1.0,IND_FLARE,Tier_A_RuleDerived,rule_industrial_flare_elevated
TIER-A-FLARE-SYN-027,flare_complex_11,1181.663608455036,45.0,94.13676055976529,71.92326368276373,17.759876795795414,366.16725517547064,67.51489904493995,0.3722301380509334,38.39726152763147,75.3518563673423,0.05,0.05,0.85,1.0,IND_FLARE,Tier_A_RuleDerived,rule_industrial_flare_elevated
TIER-A-FLARE-SYN-028,flare_complex_12,109.40546252514798,12.0,76.17165700207971,30.592946528209673,23.069741487309905,357.6528797919154,59.72051027754584,0.5980258192480881,12.744130732323747,50.032902676988584,0.05,0.05,0.85,1.0,IND_FLARE,Tier_A_RuleDerived,rule_industrial_flare_elevated
TIER-A-FLARE-SYN-029,flare_complex_13,964.2605081245456,45.0,27.59053443008448,52.79484331651292,31.100618610139215,348.61700657331835,16.61719209775255,0.5785155103512558,26.993748188403305,64.86217243408188,0.05,0.05,0.85,1.0,IND_FLARE,Tier_A_RuleDerived,rule_industrial_flare_elevated
TIER-A-FLARE-SYN-030,flare_complex_14,164.37359639814915,45.0,81.27838855806283,49.612081970943315,61.3158622556379,367.13567300719575,43.21008659272391,0.4707268226619457,53.83326889312247,47.96283462153407,0.05,0.05,0.85,1.0,IND_FLARE,Tier_A_RuleDerived,rule_industrial_flare_elevated
TIER-A-FLARE-SYN-031,flare_complex_0,858.3999885072783,34.0,26.4888587595271,68.10859199763097,52.02559938190484,373.1720309553869,59.92699414641992,0.6991736442133349,27.535590772585508,67.19535589121199,0.05,0.05,0.85,1.0,IND_FLARE,Tier_A_RuleDerived,rule_industrial_flare_elevated
TIER-A-FLARE-SYN-032,flare_complex_1,753.3790988161737,12.0,58.584692879955334,51.94164639750302,34.01808797483029,356.94862151926907,17.501960106685807,0.4345481855313688,36.12595958172615,65.27494939515549,0.05,0.05,0.85,1.0,IND_FLARE,Tier_A_RuleDerived,rule_industrial_flare_elevated
TIER-A-FLARE-SYN-033,flare_complex_2,55.85613357521364,12.0,49.82355103485436,35.7981445409745,35.741568431919305,352.0082325314973,14.525591378181712,0.3071495738933655,59.386119486801576,48.52752235547243,0.05,0.05,0.85,1.0,IND_FLARE,Tier_A_RuleDerived,rule_industrial_flare_elevated
TIER-A-FLARE-SYN-034,flare_complex_3,722.5716325294429,45.0,91.49728287651577,63.24897579285536,21.258770161858166,357.52742327354787,64.74709845372988,0.6778928089165641,33.37007556249348,58.73762640658892,0.05,0.05,0.85,1.0,IND_FLARE,Tier_A_RuleDerived,rule_industrial_flare_elevated
TIER-A-FLARE-SYN-035,flare_complex_4,342.3094056611316,45.0,53.110616549784126,66.08041544057849,31.13984370635133,369.9192755325187,19.22032572209976,0.3187781428591252,29.20453057456248,27.02025655846375,0.05,0.05,0.85,1.0,IND_FLARE,Tier_A_RuleDerived,rule_industrial_flare_elevated
TIER-A-FLARE-SYN-036,flare_complex_5,1725.22296022082,34.0,81.05387809909126,54.63778576478842,30.142681612558746,360.54781100029174,47.83644434582046,0.5100126003441072,23.011668397576365,53.33863583730992,0.05,0.05,0.85,1.0,IND_FLARE,Tier_A_RuleDerived,rule_industrial_flare_elevated
TIER-A-FLARE-SYN-037,flare_complex_6,909.5760965200965,12.0,35.772713443789854,64.87082187448398,30.710840028566246,351.7145284446787,44.218465373604815,0.5371759739366813,39.004310391890556,30.031776056876517,0.05,0.05,0.85,1.0,IND_FLARE,Tier_A_RuleDerived,rule_industrial_flare_elevated
TIER-A-FLARE-SYN-038,flare_complex_7,1585.5565096031658,45.0,44.10715623994204,46.21722555817026,18.106366447326575,370.56580600041025,14.125342105112704,0.43162054614794837,56.5794744159495,65.4366959987899,0.05,0.05,0.85,1.0,IND_FLARE,Tier_A_RuleDerived,rule_industrial_flare_elevated
TIER-A-FLARE-SYN-039,flare_complex_8,542.4341810106719,45.0,25.355749787261818,58.26428610673626,18.414850717122118,360.9780755820229,69.72731835552298,0.3437875440217815,54.72399654840337,79.53114343297764,0.05,0.05,0.85,1.0,IND_FLARE,Tier_A_RuleDerived,rule_industrial_flare_elevated
TIER-A-FLARE-SYN-040,flare_complex_9,157.65479591866134,12.0,58.64106041286536,52.582428156273465,72.72766761476043,355.4342762370658,52.68096915354381,0.5262927855983164,23.351413508471065,73.32464924953369,0.05,0.05,0.85,1.0,IND_FLARE,Tier_A_RuleDerived,rule_industrial_flare_elevated
TIER-A-FLARE-SYN-041,flare_complex_10,1445.4955378121242,12.0,36.01384617917682,28.822005793153963,38.380621512166655,352.1607009390305,67.80542103058431,0.3423336375314336,44.949536901979386,35.40718468817532,0.05,0.05,0.85,1.0,IND_FLARE,Tier_A_RuleDerived,rule_industrial_flare_elevated
TIER-A-FLARE-SYN-042,flare_complex_11,1592.8649823481128,12.0,86.02904694216625,21.608600566900755,72.80717253953338,348.86609602420333,32.10713125554851,0.5974033025166431,18.03799480241541,69.98818632654843,0.05,0.05,0.85,1.0,IND_FLARE,Tier_A_RuleDerived,rule_industrial_flare_elevated
TIER-A-FLARE-SYN-043,flare_complex_12,1506.2348114260483,12.0,43.108183148853556,30.622307552301116,20.886875712758926,354.7930072950988,45.59065873852977,0.34633754271210304,28.83476809933994,25.49898225589987,0.05,0.05,0.85,1.0,IND_FLARE,Tier_A_RuleDerived,rule_industrial_flare_elevated
TIER-A-FLARE-SYN-044,flare_complex_13,1482.6889858747231,34.0,44.834006378590715,21.013524530601963,45.25685487247586,370.20364508223656,35.5290726867118,0.37179892936953335,47.68494170252596,68.38438400289093,0.05,0.05,0.85,1.0,IND_FLARE,Tier_A_RuleDerived,rule_industrial_flare_elevated
TIER-A-FLARE-SYN-045,flare_complex_14,354.0685817882419,34.0,91.31085217794366,29.15076728127498,68.96890047724949,366.25716013807886,40.41443330610531,0.3231681842235193,13.734720887892701,71.88280625592563,0.05,0.05,0.85,1.0,IND_FLARE,Tier_A_RuleDerived,rule_industrial_flare_elevated
TIER-A-FLARE-SYN-046,flare_complex_0,1782.7596523136324,45.0,92.8214498699984,61.230850745860856,24.106036809144236,367.7478958778707,13.47521498752809,0.30884942061159887,26.18051095747706,51.87537547225662,0.05,0.05,0.85,1.0,IND_FLARE,Tier_A_RuleDerived,rule_industrial_flare_elevated
TIER-A-FLARE-SYN-047,flare_complex_1,1398.212981163638,34.0,25.072063589194336,28.74160558022161,47.797759173800905,373.3291090487349,18.131617181623138,0.6416839097846263,36.3512048105931,70.42564211899432,0.05,0.05,0.85,1.0,IND_FLARE,Tier_A_RuleDerived,rule_industrial_flare_elevated
TIER-A-FLARE-SYN-048,flare_complex_2,572.1552542324871,34.0,79.09759460117631,32.652952566728864,24.193458848656462,371.0416296759688,69.79419920640791,0.3125209254990065,46.56350334868428,75.02384810213002,0.05,0.05,0.85,1.0,IND_FLARE,Tier_A_RuleDerived,rule_industrial_flare_elevated
TIER-A-FLARE-SYN-049,flare_complex_3,1550.3801611618726,34.0,78.20658549066681,44.326431930950065,36.83663933465913,354.6222822131438,55.465360356847015,0.5983348048123858,20.017957177435633,72.7467547419792,0.05,0.05,0.85,1.0,IND_FLARE,Tier_A_RuleDerived,rule_industrial_flare_elevated
TIER-A-FLARE-SYN-050,flare_complex_4,1301.1170703539333,34.0,85.50507748877459,46.02654486803564,82.77353995403053,350.56576547109364,64.11739007733664,0.6106387411166967,48.5460922322026,71.46307754642882,0.05,0.05,0.85,1.0,IND_FLARE,Tier_A_RuleDerived,rule_industrial_flare_elevated
TIER-A-FLARE-SYN-051,flare_complex_5,1381.791984150248,45.0,80.77584795048193,36.17923853389128,78.82852244719378,374.02533790841335,23.12753248059926,0.4848389163062642,10.061591758321294,57.907999581733485,0.05,0.05,0.85,1.0,IND_FLARE,Tier_A_RuleDerived,rule_industrial_flare_elevated
TIER-A-FLARE-SYN-052,flare_complex_6,1112.7862844596746,12.0,39.03673086902357,47.037700070779024,19.494625595259386,362.45914205743196,28.13960426610586,0.6190236402548752,25.51809794617869,50.037108199499066,0.05,0.05,0.85,1.0,IND_FLARE,Tier_A_RuleDerived,rule_industrial_flare_elevated
TIER-A-FLARE-SYN-053,flare_complex_7,70.33594483917611,34.0,72.63196384515277,41.75497961339828,83.22898963094829,366.65662883780806,51.419031453869586,0.6028237070444893,57.63243190193585,74.93002591415521,0.05,0.05,0.85,1.0,IND_FLARE,Tier_A_RuleDerived,rule_industrial_flare_elevated
TIER-A-FLARE-SYN-054,flare_complex_8,1317.4992892212208,45.0,32.34511248927224,33.31247587243901,84.06638152870025,349.27486628704537,41.933289207081366,0.5472622937272476,45.1232485272052,55.780677591780275,0.05,0.05,0.85,1.0,IND_FLARE,Tier_A_RuleDerived,rule_industrial_flare_elevated
TIER-A-FLARE-SYN-055,flare_complex_9,67.0989829835714,12.0,61.2398150369298,24.832657452965833,39.543885184642654,345.996093263741,16.714709829301245,0.4587693104806384,16.635787702153017,56.2147466543857,0.05,0.05,0.85,1.0,IND_FLARE,Tier_A_RuleDerived,rule_industrial_flare_elevated
TIER-A-FLARE-SYN-056,flare_complex_10,1256.5636959902151,34.0,82.50085096069066,22.26509224035994,61.926982084808856,373.54649923065983,19.45319800368356,0.6584885210740152,39.7388318688468,58.913252002436074,0.05,0.05,0.85,1.0,IND_FLARE,Tier_A_RuleDerived,rule_industrial_flare_elevated
TIER-A-FLARE-SYN-057,flare_complex_11,1122.6523060148104,12.0,74.63423636156415,67.9033018060347,64.98608524926995,369.0518424920938,32.367011552568364,0.6259300454986049,14.005742319233757,74.21491608332903,0.05,0.05,0.85,1.0,IND_FLARE,Tier_A_RuleDerived,rule_industrial_flare_elevated
TIER-A-FLARE-SYN-058,flare_complex_12,1008.2866582690384,34.0,79.86827873932035,46.44971072969417,17.852787426473093,349.9199844296849,38.3164329893723,0.5899306239496234,39.66393241550894,60.76618022303997,0.05,0.05,0.85,1.0,IND_FLARE,Tier_A_RuleDerived,rule_industrial_flare_elevated
TIER-A-FLARE-SYN-059,flare_complex_13,888.7381250085027,45.0,40.344979115063104,73.67258907005223,38.58270542397748,350.463537470661,59.38191042854875,0.5634831102003504,34.90978582265695,55.54499530156971,0.05,0.05,0.85,1.0,IND_FLARE,Tier_A_RuleDerived,rule_industrial_flare_elevated
TIER-A-FLARE-SYN-060,flare_complex_14,1308.6031119764616,34.0,48.262023774857624,49.83632496456521,49.52937927486597,347.4457946865728,36.19568166742991,0.3882244499689293,30.919989433382636,36.196805418823345,0.05,0.05,0.85,1.0,IND_FLARE,Tier_A_RuleDerived,rule_industrial_flare_elevated
TIER-A-FLARE-SYN-061,flare_complex_0,1520.7917109846337,12.0,85.77907537858664,59.99429883714694,66.98945648399868,357.76480003344227,32.75609955281777,0.44841550519384105,59.38247818680289,27.206005527686536,0.05,0.05,0.85,1.0,IND_FLARE,Tier_A_RuleDerived,rule_industrial_flare_elevated
TIER-A-FLARE-SYN-062,flare_complex_1,1567.305118214285,12.0,55.703079343271334,59.88917132283251,49.0668258997292,371.20269714244984,66.04211184067552,0.46868837074938213,23.841389861752578,57.579268072634925,0.05,0.05,0.85,1.0,IND_FLARE,Tier_A_RuleDerived,rule_industrial_flare_elevated
TIER-A-FLARE-SYN-063,flare_complex_2,1646.6358548292092,45.0,68.60766084944379,54.73581210508863,66.31791156906968,348.9470305538178,54.949497880925314,0.6636130082662564,18.984155443512098,38.06488287081327,0.05,0.05,0.85,1.0,IND_FLARE,Tier_A_RuleDerived,rule_industrial_flare_elevated
TIER-A-FLARE-SYN-064,flare_complex_3,1749.9414145728692,45.0,53.91218222533879,23.80230324026407,45.60157721717786,347.92180177660657,36.301247944819295,0.5371673599327127,38.97074496717504,61.44417034545762,0.05,0.05,0.85,1.0,IND_FLARE,Tier_A_RuleDerived,rule_industrial_flare_elevated
TIER-A-FLARE-SYN-065,flare_complex_4,216.707638920596,12.0,52.375707565623244,73.31767772844081,33.06934028907892,364.70209993623877,31.511403853481692,0.6093892502746403,16.54368303591749,78.34015747931997,0.05,0.05,0.85,1.0,IND_FLARE,Tier_A_RuleDerived,rule_industrial_flare_elevated
TIER-A-FLARE-SYN-066,flare_complex_5,844.1316974213687,45.0,86.85967687625268,44.31134055805717,38.162255409242036,358.46332721494207,52.16342408756168,0.35830262729790063,32.47169176068688,57.33364041107128,0.05,0.05,0.85,1.0,IND_FLARE,Tier_A_RuleDerived,rule_industrial_flare_elevated
TIER-A-FLARE-SYN-067,flare_complex_6,1710.0208709900091,12.0,36.69293355306649,29.21905689585747,17.566999885348007,367.0920604519692,51.828271657308306,0.4898523502999255,52.20852244845986,69.31185841225292,0.05,0.05,0.85,1.0,IND_FLARE,Tier_A_RuleDerived,rule_industrial_flare_elevated
TIER-A-FLARE-SYN-068,flare_complex_7,1074.3701376943163,45.0,64.0698174715704,49.69482117262169,17.393143615741074,374.60078941071487,19.378248511777603,0.3924523649710586,12.584841862076349,60.20016317603025,0.05,0.05,0.85,1.0,IND_FLARE,Tier_A_RuleDerived,rule_industrial_flare_elevated
TIER-A-FLARE-SYN-069,flare_complex_8,443.22705970219,12.0,90.37125122695335,37.388585773721275,50.50643660818747,346.24718577151174,20.900592057725333,0.6946520491835387,58.25593482180228,25.27169895139253,0.05,0.05,0.85,1.0,IND_FLARE,Tier_A_RuleDerived,rule_industrial_flare_elevated
TIER-A-FLARE-SYN-070,flare_complex_9,1715.6706244906682,34.0,93.11684236492425,51.90617263325075,32.79572059282452,360.6519013990864,32.559209287254916,0.5128979955305196,16.287075590332442,32.29930596006025,0.05,0.05,0.85,1.0,IND_FLARE,Tier_A_RuleDerived,rule_industrial_flare_elevated
TIER-A-FLARE-SYN-071,flare_complex_10,301.1991335689375,34.0,39.129741648606384,57.03878383287045,82.89384322750892,347.81702147368253,52.356127093507574,0.4775000877218284,53.40711271887527,34.74323841960623,0.05,0.05,0.85,1.0,IND_FLARE,Tier_A_RuleDerived,rule_industrial_flare_elevated
TIER-A-FLARE-SYN-072,flare_complex_11,1262.0954163957879,45.0,93.50419011803713,40.5863221926886,16.226119360344356,352.3244187126712,61.852631480502325,0.6458435343820146,48.42596822618956,31.221040049211517,0.05,0.05,0.85,1.0,IND_FLARE,Tier_A_RuleDerived,rule_industrial_flare_elevated
TIER-A-FLARE-SYN-073,flare_complex_12,1442.1431504687055,12.0,67.04266797823652,71.74814459859357,72.87872185983142,365.0091455097272,46.631114202704886,0.4394294668967882,17.96437226214026,58.272465747979744,0.05,0.05,0.85,1.0,IND_FLARE,Tier_A_RuleDerived,rule_industrial_flare_elevated
TIER-A-FLARE-SYN-074,flare_complex_13,606.6952188317091,12.0,53.48355725060094,67.89143976854925,69.76698388407914,362.01048782960004,56.30695255507959,0.6514062245205391,30.20701608255165,42.986823885978126,0.05,0.05,0.85,1.0,IND_FLARE,Tier_A_RuleDerived,rule_industrial_flare_elevated
TIER-A-FLARE-SYN-075,flare_complex_14,1218.2884247362733,34.0,88.0962954711911,68.28401374727301,37.2037001735779,371.06701876621713,34.54033511290359,0.4187477098241123,42.45373293971966,43.06096753367946,0.05,0.05,0.85,1.0,IND_FLARE,Tier_A_RuleDerived,rule_industrial_flare_elevated
TIER-A-FLARE-SYN-076,flare_complex_0,1152.8653095760023,34.0,52.732088412647876,58.25069636794242,42.1990670889242,358.4608086786759,26.252647852459646,0.449300716651736,21.363481363157575,29.025775807264402,0.05,0.05,0.85,1.0,IND_FLARE,Tier_A_RuleDerived,rule_industrial_flare_elevated
TIER-A-FLARE-SYN-077,flare_complex_1,1106.0350384174114,34.0,69.98031782630326,61.76393803575763,50.03117163915191,361.27090994939215,69.08871357995946,0.6388669445490296,55.711825797573496,69.75714585757726,0.05,0.05,0.85,1.0,IND_FLARE,Tier_A_RuleDerived,rule_industrial_flare_elevated
TIER-A-FLARE-SYN-078,flare_complex_2,240.60709823178001,12.0,52.91759466278303,51.90948030750327,52.352178270881495,363.23715278380337,57.8929956925277,0.6251942954864373,45.90615381132472,77.55380327752141,0.05,0.05,0.85,1.0,IND_FLARE,Tier_A_RuleDerived,rule_industrial_flare_elevated
TIER-A-FLARE-SYN-079,flare_complex_3,81.90701968363285,45.0,55.16034640766233,69.31928594120673,19.989618903861473,373.6398009009992,51.28158488588089,0.4520298035748821,19.857706328643868,51.355077619397996,0.05,0.05,0.85,1.0,IND_FLARE,Tier_A_RuleDerived,rule_industrial_flare_elevated
TIER-A-FLARE-SYN-080,flare_complex_4,390.4770655742767,34.0,59.01102314304279,34.122711224627935,34.94110313733459,354.2186989477886,60.18155386995981,0.5156645106701018,25.565384957800184,58.56835808210051,0.05,0.05,0.85,1.0,IND_FLARE,Tier_A_RuleDerived,rule_industrial_flare_elevated
TIER-A-UNCERTAIN-NOCT-001,noct_rural_grid_0,34497.57494625816,0.0,2.9994320040344356,2.654196406101406,0.3315835773402004,308.6229869906936,1.8622357079299656,0.0,1.0,3.1991243816960866,0.5646047953379616,0.1,0.1,0.0,OTHER_UNCERTAIN,Tier_A_RuleDerived,rule_nocturnal_rural_unverified
TIER-A-UNCERTAIN-NOCT-002,noct_rural_grid_1,18925.29670115147,0.0,5.8637399198131055,1.7409137861896387,1.843729729425617,313.49054850392724,0.6740779251753173,0.0,1.0,2.200906168625047,0.5151943864991867,0.1,0.1,0.0,OTHER_UNCERTAIN,Tier_A_RuleDerived,rule_nocturnal_rural_unverified
TIER-A-UNCERTAIN-NOCT-003,noct_rural_grid_2,31426.600896978827,0.0,6.732718382136613,3.4064472805853248,1.6564588329109013,322.68412926696817,0.956159543897865,0.0,0.0,2.5864236536914404,0.561170704989582,0.1,0.1,0.0,OTHER_UNCERTAIN,Tier_A_RuleDerived,rule_nocturnal_rural_unverified
TIER-A-UNCERTAIN-NOCT-004,noct_rural_grid_3,21348.583207092193,0.0,6.482401076332682,4.079778801006716,1.1576104100797628,310.11289995618546,1.10412100366959,0.0,1.0,3.2904572740547136,0.648308388777067,0.1,0.1,0.0,OTHER_UNCERTAIN,Tier_A_RuleDerived,rule_nocturnal_rural_unverified
TIER-A-UNCERTAIN-NOCT-005,noct_rural_grid_4,32699.346273784406,0.0,2.025444226090675,3.495437298706292,0.9583585896007353,316.7321692635095,0.8360284154897268,0.0,0.0,3.47703849860421,0.6655121879716137,0.1,0.1,0.0,OTHER_UNCERTAIN,Tier_A_RuleDerived,rule_nocturnal_rural_unverified
TIER-A-UNCERTAIN-NOCT-006,noct_rural_grid_5,27808.24976817845,0.0,2.4814528087527465,2.249087144195184,0.5374677200129528,309.1237232903685,1.7759215866319402,0.0,0.0,1.5636239836220587,0.7080667173151606,0.1,0.1,0.0,OTHER_UNCERTAIN,Tier_A_RuleDerived,rule_nocturnal_rural_unverified
TIER-A-UNCERTAIN-NOCT-007,noct_rural_grid_6,26380.373777789267,0.0,6.93282036118188,1.5457590102269325,1.4207746526904281,313.08637536208585,1.3563992298512295,0.0,0.0,2.8980674055944724,0.5055373821179538,0.1,0.1,0.0,OTHER_UNCERTAIN,Tier_A_RuleDerived,rule_nocturnal_rural_unverified
TIER-A-UNCERTAIN-NOCT-008,noct_rural_grid_7,20620.330905546158,0.0,6.00288881415578,3.412877640853489,0.7407315522352986,323.1104958465935,2.0452454548987653,0.0,1.0,0.34263299838572214,0.8129668061324413,0.1,0.1,0.0,OTHER_UNCERTAIN,Tier_A_RuleDerived,rule_nocturnal_rural_unverified
TIER-A-UNCERTAIN-NOCT-009,noct_rural_grid_8,15099.091014593487,0.0,3.2785435916353642,1.906625608907952,0.7744929810806809,306.38847685492186,1.5381195818165407,0.0,1.0,2.6784104645358475,0.524476061998302,0.1,0.1,0.0,OTHER_UNCERTAIN,Tier_A_RuleDerived,rule_nocturnal_rural_unverified
TIER-A-UNCERTAIN-NOCT-010,noct_rural_grid_9,31686.224281642146,0.0,2.9913109007510164,3.3712479666136907,1.3922506690965577,309.6165837830802,1.4137172897607373,0.0,1.0,2.6779478207927605,0.8479487764274086,0.1,0.1,0.0,OTHER_UNCERTAIN,Tier_A_RuleDerived,rule_nocturnal_rural_unverified
TIER-A-UNCERTAIN-NOCT-011,noct_rural_grid_10,32488.050024427008,0.0,4.567808795535137,3.9226020409569844,0.9838906633390644,306.2028468520157,1.6245936317558196,0.0,1.0,3.8466629438192528,0.7222360159568616,0.1,0.1,0.0,OTHER_UNCERTAIN,Tier_A_RuleDerived,rule_nocturnal_rural_unverified
TIER-A-UNCERTAIN-NOCT-012,noct_rural_grid_11,35928.99933781137,0.0,2.4376286599565464,2.6379114120208156,0.9031093154527601,321.43612887802175,0.5024733595188189,0.0,1.0,2.659646897948872,0.7784074862764052,0.1,0.1,0.0,OTHER_UNCERTAIN,Tier_A_RuleDerived,rule_nocturnal_rural_unverified
TIER-A-UNCERTAIN-NOCT-013,noct_rural_grid_12,42305.57932073975,0.0,2.7905314502049947,2.5972636632372326,0.3895904253277931,324.8496700431675,2.354001935848591,0.0,1.0,0.9746268642554665,0.735045455264563,0.1,0.1,0.0,OTHER_UNCERTAIN,Tier_A_RuleDerived,rule_nocturnal_rural_unverified
TIER-A-UNCERTAIN-NOCT-014,noct_rural_grid_13,11438.378342037428,0.0,2.913759965376439,4.15160795316906,1.7429037648637264,317.16972825319584,1.5136768636409652,0.0,1.0,2.8349787909719057,0.5126561331836668,0.1,0.1,0.0,OTHER_UNCERTAIN,Tier_A_RuleDerived,rule_nocturnal_rural_unverified
TIER-A-UNCERTAIN-NOCT-015,noct_rural_grid_14,19215.749169977156,0.0,2.9471191345096357,2.4405456298860764,0.2665212188512932,323.73915646062125,1.6076044814247525,0.0,0.0,3.3011444329315873,0.5978962384650177,0.1,0.1,0.0,OTHER_UNCERTAIN,Tier_A_RuleDerived,rule_nocturnal_rural_unverified
TIER-A-UNCERTAIN-NOCT-016,noct_rural_grid_0,42868.319706782626,0.0,6.303351639481163,1.6470568454084384,1.5939243178384797,316.49174764635535,1.6331507243428371,0.0,1.0,0.8340420574293432,0.8257083251253707,0.1,0.1,0.0,OTHER_UNCERTAIN,Tier_A_RuleDerived,rule_nocturnal_rural_unverified
TIER-A-UNCERTAIN-NOCT-017,noct_rural_grid_1,12305.556721762616,0.0,5.995973396701554,2.5224931739063203,1.7681512088456321,322.361133802149,2.111850800235242,0.0,1.0,0.8479299636089541,0.7865572514259945,0.1,0.1,0.0,OTHER_UNCERTAIN,Tier_A_RuleDerived,rule_nocturnal_rural_unverified
TIER-A-UNCERTAIN-NOCT-018,noct_rural_grid_2,19933.53518031736,0.0,1.6259160373686614,1.6151645986721244,0.5248674255429914,324.14645775789177,1.6460828578616986,0.0,1.0,3.289922254537444,0.546383635459647,0.1,0.1,0.0,OTHER_UNCERTAIN,Tier_A_RuleDerived,rule_nocturnal_rural_unverified
TIER-A-UNCERTAIN-NOCT-019,noct_rural_grid_3,39894.53584408703,0.0,6.575164547823669,2.9482476752757436,1.2518805817268572,320.2961960180599,0.8496772545208251,0.0,0.0,3.8111901104051773,0.7888202685954488,0.1,0.1,0.0,OTHER_UNCERTAIN,Tier_A_RuleDerived,rule_nocturnal_rural_unverified
TIER-A-UNCERTAIN-NOCT-020,noct_rural_grid_4,32653.35477589647,0.0,2.1696905111890112,2.912936092192289,1.0616043542088267,309.6510271673076,0.6599307887186039,0.0,1.0,3.86328864461288,0.6513742574155462,0.1,0.1,0.0,OTHER_UNCERTAIN,Tier_A_RuleDerived,rule_nocturnal_rural_unverified
TIER-A-UNCERTAIN-NOCT-021,noct_rural_grid_5,19537.196924154603,0.0,4.283780245621342,2.7580467545316405,0.30076290009731343,317.81652629380415,0.9320763650191992,0.0,1.0,2.41021265537146,0.6276793767005853,0.1,0.1,0.0,OTHER_UNCERTAIN,Tier_A_RuleDerived,rule_nocturnal_rural_unverified
TIER-A-UNCERTAIN-NOCT-022,noct_rural_grid_6,22299.051122888442,0.0,4.604425998733854,1.7671298223674423,0.5023351662644089,314.6920317403773,2.0085070886877263,0.0,0.0,2.7801409154342127,0.8442876238421948,0.1,0.1,0.0,OTHER_UNCERTAIN,Tier_A_RuleDerived,rule_nocturnal_rural_unverified
TIER-A-UNCERTAIN-NOCT-023,noct_rural_grid_7,16849.663855989245,0.0,2.282371527779579,1.4855397576897156,0.6762227803784315,307.02091622021294,1.8843226833882638,0.0,1.0,2.472206697148744,0.7216163691047124,0.1,0.1,0.0,OTHER_UNCERTAIN,Tier_A_RuleDerived,rule_nocturnal_rural_unverified
TIER-A-UNCERTAIN-NOCT-024,noct_rural_grid_8,16469.100379324704,0.0,2.7795504620947455,1.8832105191425565,0.43012993175835956,318.11447345123315,2.196031770498803,0.0,1.0,0.5228415069607979,0.8103114753341634,0.1,0.1,0.0,OTHER_UNCERTAIN,Tier_A_RuleDerived,rule_nocturnal_rural_unverified
TIER-A-UNCERTAIN-NOCT-025,noct_rural_grid_9,24642.032006388934,0.0,2.570423815014208,2.4710374035091585,0.8868465298049613,321.5507579113375,1.967228761122804,0.0,1.0,3.855289101929404,0.5870030902002297,0.1,0.1,0.0,OTHER_UNCERTAIN,Tier_A_RuleDerived,rule_nocturnal_rural_unverified
TIER-A-UNCERTAIN-NOCT-026,noct_rural_grid_10,12950.738242341082,0.0,3.802193418931644,4.161350943440592,1.2060816365819473,318.6194965447649,0.8793896963493544,0.0,0.0,0.86080748806895,0.5042422711253627,0.1,0.1,0.0,OTHER_UNCERTAIN,Tier_A_RuleDerived,rule_nocturnal_rural_unverified
TIER-A-UNCERTAIN-NOCT-027,noct_rural_grid_11,16924.453931183034,0.0,6.867305652005296,4.206148447531959,1.9231956242099635,314.75708087852723,0.719472397355007,0.0,1.0,2.584360493850032,0.6747668422425164,0.1,0.1,0.0,OTHER_UNCERTAIN,Tier_A_RuleDerived,rule_nocturnal_rural_unverified
TIER-A-UNCERTAIN-NOCT-028,noct_rural_grid_12,17842.713286199087,0.0,2.3208077787259684,1.5087990507497984,1.7428547450667935,309.8695593680973,1.8034212958219367,0.0,0.0,1.5035531405830773,0.6380666974995124,0.1,0.1,0.0,OTHER_UNCERTAIN,Tier_A_RuleDerived,rule_nocturnal_rural_unverified
TIER-A-UNCERTAIN-NOCT-029,noct_rural_grid_13,24999.530431021507,0.0,5.817590991103813,4.568338755760937,1.9151359043574638,320.7380677251059,1.1308137914960255,0.0,0.0,3.2355338465453123,0.526745900803318,0.1,0.1,0.0,OTHER_UNCERTAIN,Tier_A_RuleDerived,rule_nocturnal_rural_unverified
TIER-A-UNCERTAIN-NOCT-030,noct_rural_grid_14,18336.605415584505,0.0,6.61675386660803,2.012233731203138,1.5842238051951465,321.50264391857405,1.4909042069219636,0.0,1.0,3.5804709628261455,0.7228343887585226,0.1,0.1,0.0,OTHER_UNCERTAIN,Tier_A_RuleDerived,rule_nocturnal_rural_unverified
TIER-A-UNCERTAIN-NOCT-031,noct_rural_grid_0,30715.542636122285,0.0,1.8665862230837948,3.0736320877808163,0.3853211015523791,319.7486753744297,1.524443841625349,0.0,0.0,0.19132328157642187,0.5133076468831093,0.1,0.1,0.0,OTHER_UNCERTAIN,Tier_A_RuleDerived,rule_nocturnal_rural_unverified
TIER-A-UNCERTAIN-NOCT-032,noct_rural_grid_1,35609.66852682803,0.0,5.124695438120244,4.20852223251035,0.3001983145103313,305.71141734071097,1.517158578895157,0.0,1.0,1.4130056340082566,0.6037874534506793,0.1,0.1,0.0,OTHER_UNCERTAIN,Tier_A_RuleDerived,rule_nocturnal_rural_unverified
TIER-A-UNCERTAIN-NOCT-033,noct_rural_grid_2,20939.019500596434,0.0,5.7605944214965,3.6454824442816576,0.4518715789481891,308.48218670668166,0.6967912994267946,0.0,1.0,3.3221378256193597,0.5240494913813937,0.1,0.1,0.0,OTHER_UNCERTAIN,Tier_A_RuleDerived,rule_nocturnal_rural_unverified
TIER-A-UNCERTAIN-NOCT-034,noct_rural_grid_3,23698.98477774086,0.0,1.9543971490259777,3.0586303462940463,1.8079115656118472,320.64969849127874,0.9556848350862199,0.0,0.0,1.5277585586115836,0.5719905417684443,0.1,0.1,0.0,OTHER_UNCERTAIN,Tier_A_RuleDerived,rule_nocturnal_rural_unverified
TIER-A-UNCERTAIN-NOCT-035,noct_rural_grid_4,12491.297471898037,0.0,4.8825713242137665,4.0985351225511515,1.3234180817281482,315.6060426649832,0.5839024468632725,0.0,1.0,1.2888620137785134,0.5438317496514895,0.1,0.1,0.0,OTHER_UNCERTAIN,Tier_A_RuleDerived,rule_nocturnal_rural_unverified
TIER-A-UNCERTAIN-NOCT-036,noct_rural_grid_5,25550.436066529914,0.0,2.1267614909287444,2.9440620119101597,1.8485646443168746,315.41536283668427,1.732999453790167,0.0,1.0,0.5123829854648001,0.6183936270980744,0.1,0.1,0.0,OTHER_UNCERTAIN,Tier_A_RuleDerived,rule_nocturnal_rural_unverified
TIER-A-UNCERTAIN-NOCT-037,noct_rural_grid_6,42339.09469206384,0.0,2.7353858651411853,2.4886680953500533,0.9209460775939723,313.78809979388905,1.725879164989051,0.0,1.0,1.095165230056426,0.8249111364970019,0.1,0.1,0.0,OTHER_UNCERTAIN,Tier_A_RuleDerived,rule_nocturnal_rural_unverified
TIER-A-UNCERTAIN-NOCT-038,noct_rural_grid_7,33011.34419669515,0.0,4.228263112739376,1.050859559947574,1.9855892609299934,318.42909869789287,1.1338449546898899,0.0,0.0,3.386057354761112,0.821624286773844,0.1,0.1,0.0,OTHER_UNCERTAIN,Tier_A_RuleDerived,rule_nocturnal_rural_unverified
TIER-A-UNCERTAIN-NOCT-039,noct_rural_grid_8,17332.91774641438,0.0,5.65273060810453,2.84215798909656,1.699797250491117,319.56981354323227,2.0528948929994493,0.0,1.0,0.2154328279921045,0.6120209413823442,0.1,0.1,0.0,OTHER_UNCERTAIN,Tier_A_RuleDerived,rule_nocturnal_rural_unverified
TIER-A-UNCERTAIN-NOCT-040,noct_rural_grid_9,35867.9314287959,0.0,2.981322140661138,3.1582248819820204,1.483099635788412,307.1588742929293,1.8705960322317468,0.0,1.0,3.2711413194277803,0.5747289782087351,0.1,0.1,0.0,OTHER_UNCERTAIN,Tier_A_RuleDerived,rule_nocturnal_rural_unverified
TIER-A-UNCERTAIN-NOCT-041,noct_rural_grid_10,26716.549639217672,0.0,6.1238666540616,3.9312061790650024,1.1302506904345118,316.80695380917547,1.51672109383256,0.0,0.0,0.4237228502339718,0.5530492800556858,0.1,0.1,0.0,OTHER_UNCERTAIN,Tier_A_RuleDerived,rule_nocturnal_rural_unverified
TIER-A-UNCERTAIN-NOCT-042,noct_rural_grid_11,11469.006063885596,0.0,4.674450308081525,4.508553766045615,0.9242209732840664,308.2169634791549,1.616084650297934,0.0,1.0,0.9867154580864921,0.7542616002895517,0.1,0.1,0.0,OTHER_UNCERTAIN,Tier_A_RuleDerived,rule_nocturnal_rural_unverified
TIER-A-UNCERTAIN-NOCT-043,noct_rural_grid_12,44696.96819992645,0.0,2.0454795477296877,2.605977263445153,1.620134840528403,309.080712692578,1.6101698986045725,0.0,1.0,3.2604735379214715,0.7152423841193963,0.1,0.1,0.0,OTHER_UNCERTAIN,Tier_A_RuleDerived,rule_nocturnal_rural_unverified
TIER-A-UNCERTAIN-NOCT-044,noct_rural_grid_13,33451.71206555686,0.0,3.563929474434665,3.1547826693721563,1.0959024243797082,321.96095582261546,2.179927960564365,0.0,1.0,2.9829351309249286,0.5708681960578331,0.1,0.1,0.0,OTHER_UNCERTAIN,Tier_A_RuleDerived,rule_nocturnal_rural_unverified
TIER-A-UNCERTAIN-NOCT-045,noct_rural_grid_14,43448.71876441707,0.0,3.5236741321614646,2.3077264653523164,0.3828872956316449,311.1120843098043,2.2533015236564014,0.0,0.0,0.4988562276455619,0.6348815590665766,0.1,0.1,0.0,OTHER_UNCERTAIN,Tier_A_RuleDerived,rule_nocturnal_rural_unverified
TIER-A-UNCERTAIN-NOCT-046,noct_rural_grid_0,31804.51165673602,0.0,5.79219876881001,1.8688363907648422,0.3618635084025472,318.2608400900098,0.5037597670498213,0.0,0.0,0.012873054417114727,0.7168562681109443,0.1,0.1,0.0,OTHER_UNCERTAIN,Tier_A_RuleDerived,rule_nocturnal_rural_unverified
TIER-A-UNCERTAIN-NOCT-047,noct_rural_grid_1,21153.24138633022,0.0,5.868085322023964,1.3719625592925286,1.217584307201942,314.6194577977225,1.7846510518104548,0.0,1.0,0.4165494316811498,0.5789035644122928,0.1,0.1,0.0,OTHER_UNCERTAIN,Tier_A_RuleDerived,rule_nocturnal_rural_unverified
TIER-A-UNCERTAIN-NOCT-048,noct_rural_grid_2,34008.90731621104,0.0,1.7904217825769044,2.9463906489750125,1.2388010347595744,317.04291288104963,0.5458656225360841,0.0,0.0,1.9930227290538145,0.5269703976970159,0.1,0.1,0.0,OTHER_UNCERTAIN,Tier_A_RuleDerived,rule_nocturnal_rural_unverified
TIER-A-UNCERTAIN-NOCT-049,noct_rural_grid_3,10166.38438202723,0.0,3.3383107528283347,4.13958790844587,1.4445937760077399,320.7722992934481,1.5345381128832187,0.0,1.0,1.4938503845766937,0.5428318650638123,0.1,0.1,0.0,OTHER_UNCERTAIN,Tier_A_RuleDerived,rule_nocturnal_rural_unverified
TIER-A-UNCERTAIN-NOCT-050,noct_rural_grid_4,35213.707440038896,0.0,2.797216795290279,2.485688007492183,0.21883023110500002,321.0273383163904,2.033177047943287,0.0,0.0,3.7324533253742307,0.724897819837317,0.1,0.1,0.0,OTHER_UNCERTAIN,Tier_A_RuleDerived,rule_nocturnal_rural_unverified
TIER-A-UNCERTAIN-NOCT-051,noct_rural_grid_5,23586.177971880665,0.0,4.99897550589528,4.142606472320928,0.3248387627544359,313.19809779392574,2.179604571271234,0.0,0.0,2.959945546742447,0.8326094635257071,0.1,0.1,0.0,OTHER_UNCERTAIN,Tier_A_RuleDerived,rule_nocturnal_rural_unverified
TIER-A-UNCERTAIN-NOCT-052,noct_rural_grid_6,15508.645600271382,0.0,4.610524807067922,4.918586860135534,0.4140588108433316,319.0050391888904,1.671620291943804,0.0,1.0,1.0922832398912496,0.6813275681835854,0.1,0.1,0.0,OTHER_UNCERTAIN,Tier_A_RuleDerived,rule_nocturnal_rural_unverified
TIER-A-UNCERTAIN-NOCT-053,noct_rural_grid_7,19052.846222784603,0.0,6.673735848134373,2.037187035463095,0.9163479442039766,322.45460500969205,2.1838671335836173,0.0,0.0,1.9236240030122786,0.6523131397393749,0.1,0.1,0.0,OTHER_UNCERTAIN,Tier_A_RuleDerived,rule_nocturnal_rural_unverified
TIER-A-UNCERTAIN-NOCT-054,noct_rural_grid_8,42682.07188598698,0.0,5.383104542152135,3.5246825838268254,0.19469985278758895,323.0782666052075,2.3187803840167924,0.0,1.0,2.918032914609587,0.7679295146468884,0.1,0.1,0.0,OTHER_UNCERTAIN,Tier_A_RuleDerived,rule_nocturnal_rural_unverified
TIER-A-UNCERTAIN-NOCT-055,noct_rural_grid_9,13879.60220376608,0.0,4.856238322127027,1.5414163291107421,1.5276126634551868,318.1391031253428,2.413229242166916,0.0,1.0,1.130982758315048,0.5156082179305366,0.1,0.1,0.0,OTHER_UNCERTAIN,Tier_A_RuleDerived,rule_nocturnal_rural_unverified
TIER-A-UNCERTAIN-NOCT-056,noct_rural_grid_10,9342.64203669958,0.0,3.0164591920255375,2.1024493547157816,1.5955405449430478,324.49669305562225,1.2424141877799966,0.0,0.0,1.79895936980216,0.7718486949343134,0.1,0.1,0.0,OTHER_UNCERTAIN,Tier_A_RuleDerived,rule_nocturnal_rural_unverified
TIER-A-UNCERTAIN-NOCT-057,noct_rural_grid_11,10418.547829882255,0.0,4.181641565203614,1.1344544007331305,0.2190410865651736,323.1287490668882,0.7784907422351903,0.0,1.0,1.260758084389436,0.7701502041635675,0.1,0.1,0.0,OTHER_UNCERTAIN,Tier_A_RuleDerived,rule_nocturnal_rural_unverified
TIER-A-UNCERTAIN-NOCT-058,noct_rural_grid_12,11197.71059821422,0.0,2.8023137012126194,3.929794927352359,1.141809109080206,307.5597641706717,2.2642712285641204,0.0,0.0,0.20903151714409507,0.6465776616759564,0.1,0.1,0.0,OTHER_UNCERTAIN,Tier_A_RuleDerived,rule_nocturnal_rural_unverified
TIER-A-UNCERTAIN-NOCT-059,noct_rural_grid_13,17625.838265595892,0.0,5.5195153073940135,4.925188361988987,0.5874071186440708,318.0834920294815,0.8961952655194803,0.0,1.0,1.3530524213293935,0.6080445601806184,0.1,0.1,0.0,OTHER_UNCERTAIN,Tier_A_RuleDerived,rule_nocturnal_rural_unverified
TIER-A-UNCERTAIN-NOCT-060,noct_rural_grid_14,43040.33154633275,0.0,6.820458977835513,1.7320617769389086,0.14186680456525796,319.4001607932623,1.3359798677409687,0.0,0.0,3.4024642313645512,0.6964279758988837,0.1,0.1,0.0,OTHER_UNCERTAIN,Tier_A_RuleDerived,rule_nocturnal_rural_unverified
