event_id,facility_id,spatial_group,dist_to_facility,facility_category_encoded,peak_frp_mw,mean_frp_mw,frp_variance,max_brightness_k,duration_hours,day_night_ratio,historical_active_days_90d,historical_peak_frp,pct_cropland,pct_forest,pct_urban,is_industrial_zone,label,tier,label_source,label_confidence
TA-INDFIRE-000,FAC-MAH-TROMBAY-01,GRP_MAH_01,59.64419807246048,1,322.90036038928815,180.04249658003778,2617.1785674494417,463.12142567632213,43.14808054671804,0.33477553305176644,6,6.430220576680261,0.009369523986159246,0.018612871471259167,0.8505046822624951,1,IND_FIRE,TIER_A,weak_rule,0.88
TA-INDFIRE-001,FAC-HAR-PANIPAT-01,GRP_HAR_01,369.92520647566755,1,647.1500386792876,374.6895957649461,888.4760838363339,450.4435241620068,39.424370550502196,0.3025995038712244,2,36.41627277447021,0.03402505165179919,0.012438359984942525,0.9393032680516953,1,IND_FIRE,TIER_A,weak_rule,0.88
TA-INDFIRE-002,FAC-CHH-KORBA-01,GRP_CHH_01,197.44534358792995,3,413.6371150512968,262.18252519320015,1302.2516703045533,403.3555257471919,4.955269931539373,0.48376995186873695,1,48.790209379071676,0.03785343772083535,0.04416325050185816,0.9073511660632487,1,IND_FIRE,TIER_A,weak_rule,0.88
TA-INDFIRE-003,FAC-CHH-BHILAI-01,GRP_CHH_02,1045.5735792833202,4,694.4546383259088,72.72375211167564,913.4592234326819,406.9612547223055,6.590638961563237,0.39311635454441207,1,22.105680126762476,0.04534103023684355,0.06672883413126003,0.7406635242890212,1,IND_FIRE,TIER_A,weak_rule,0.88
TA-INDFIRE-004,FAC-CHH-BHILAI-01,GRP_CHH_02,388.97004992710555,4,315.935816072483,611.6760255660589,2320.918540576088,453.3239958217133,10.701239168914364,0.5916507191801397,2,25.801709533300208,0.0269947826784278,0.07403129436969742,0.8720404896083283,1,IND_FIRE,TIER_A,weak_rule,0.88
TA-INDFIRE-005,FAC-ODI-ROURKELA-01,GRP_ODI_03,1237.0364380169262,4,814.0669109641852,514.4799464854782,917.3110410797497,369.6545353660855,17.195387162658687,0.4070963503902811,3,46.09112558834953,0.05671800514785023,0.057433141657518075,0.7531566360135351,1,IND_FIRE,TIER_A,weak_rule,0.88
TA-INDFIRE-006,FAC-KAR-BELLARY-01,GRP_KAR_01,721.2029433932858,4,876.0836651255702,322.60537081537626,1037.3485577684758,400.7609886156276,28.261566037341787,0.40509664340917406,9,24.279522228256084,0.058353292494565626,0.028959715497088877,0.9493314444972902,1,IND_FIRE,TIER_A,weak_rule,0.88
TA-INDFIRE-007,FAC-MAH-CHANDRAPUR-01,GRP_MAH_02,924.5044342124892,2,163.6366415303317,73.50540713196442,517.3245866747081,455.97967604694804,38.643571396333385,0.4688639867198736,1,22.314529025352503,0.059588842836112814,0.03744399102277418,0.7628535299954533,1,IND_FIRE,TIER_A,weak_rule,0.88
TA-INDFIRE-008,FAC-HAR-PANIPAT-01,GRP_HAR_01,1551.491768488579,1,94.93108398053899,481.03670071291776,2433.7297362390254,442.8606979092753,15.007133547864425,0.5563847194319231,1,18.207505789134174,0.015815775434466973,0.0002596252881383432,0.8805230153274777,1,IND_FIRE,TIER_A,weak_rule,0.88
TA-INDFIRE-009,FAC-JHK-JAMSHEDPUR-01,GRP_JHK_01,1749.820256483154,4,744.097302180036,352.1474131356168,506.47625637231164,455.6685280671305,40.87512066776102,0.5030651527910537,3,11.877767084733566,0.07625108000751513,0.043150322409570056,0.8946566196576395,1,IND_FIRE,TIER_A,weak_rule,0.88
TA-INDFIRE-010,FAC-PUN-BATHINDA-01,GRP_PUN_01,1654.5108874963285,1,603.0870655580981,340.6064533575135,524.7568798249985,417.6322112412354,47.339462052471546,0.6227099219188514,3,7.60663249223844,0.08780095992040406,0.07575595562383952,0.7214133630169697,1,IND_FIRE,TIER_A,weak_rule,0.88
TA-INDFIRE-011,FAC-KAR-BELLARY-01,GRP_KAR_01,1471.601507354858,4,930.9565870308941,367.287232565357,571.2977135934784,460.66386929836824,45.60819058672459,0.36605078358965104,8,44.25948684883659,0.042313794020088696,0.016943856435366566,0.8348240221948645,1,IND_FIRE,TIER_A,weak_rule,0.88
TA-INDFIRE-012,FAC-ODI-JHARSUGUDA-01,GRP_ODI_02,1287.6139164821325,3,430.1283394977762,451.37061058116126,1400.9586834731342,495.44404227322707,23.316876362600837,0.39916224546640316,1,20.213850296635492,0.05883087184572333,0.01840917860772616,0.7550543461128898,1,IND_FIRE,TIER_A,weak_rule,0.88
TA-INDFIRE-013,FAC-GUJ-DAHEJ-01,GRP_GUJ_03,1278.4960895889906,1,135.92580834801973,85.77719850673603,255.23340947761076,412.9121309166723,26.13702539138651,0.41139090558581876,7,14.640656331669737,0.0132311848725025,0.07484113924645368,0.842760773331321,1,IND_FIRE,TIER_A,weak_rule,0.88
TA-INDFIRE-014,FAC-KAR-BELLARY-01,GRP_KAR_01,448.7500776763683,4,494.12159564707355,291.27127669899164,465.9914182478054,460.5524986796261,18.943390496529922,0.4644409104198952,0,35.30140462819857,0.09841652113659662,0.00787342969215671,0.8006553205255671,1,IND_FIRE,TIER_A,weak_rule,0.88
TA-INDFIRE-015,FAC-CHH-KORBA-01,GRP_CHH_01,1444.0576318881324,3,179.51771289175548,160.9119936457007,1946.5572755996536,385.3264330787423,11.256961610425497,0.4850512273603869,1,24.940883527405564,0.08613491047618306,0.044026024995987845,0.7126470823812203,1,IND_FIRE,TIER_A,weak_rule,0.88
TA-INDFIRE-016,FAC-HAR-PANIPAT-01,GRP_HAR_01,1507.309239367714,1,923.1817625513098,605.4520247199172,2993.130710287923,389.11511103756754,24.853850645282332,0.38549891967967265,6,45.60992894797469,0.016463712140152686,0.00017243026811411433,0.7976054393969533,1,IND_FIRE,TIER_A,weak_rule,0.88
TA-INDFIRE-017,FAC-TN-TUTICORIN-01,GRP_TN_02,524.1698736702526,2,687.5516506141406,486.95571703635693,2774.261120422362,460.97134023285804,24.900213524444826,0.37595914690705484,3,48.59192142361215,0.057918029081625626,0.04337561610994194,0.886993890094766,1,IND_FIRE,TIER_A,weak_rule,0.88
TA-INDFIRE-018,FAC-GUJ-HAZIRA-01,GRP_GUJ_02,104.50407201615711,1,497.4220672992287,601.2292141534056,1929.2725531563133,373.2475390606593,25.852282364703832,0.6405370181376485,1,31.776579790251244,0.06752125536040902,0.018816311600074496,0.7299716534867811,1,IND_FIRE,TIER_A,weak_rule,0.88
TA-INDFIRE-019,FAC-ODI-ROURKELA-01,GRP_ODI_03,1048.3705176503709,4,119.3765378800407,94.59996032439966,2352.2001009829505,446.957903957393,17.23664306895272,0.4043062782414531,10,37.22863103552367,0.023868595261584604,0.03166286774330036,0.8679225557399928,1,IND_FIRE,TIER_A,weak_rule,0.88
TA-INDFIRE-020,FAC-JHK-BOKARO-01,GRP_JHK_02,831.1458620382568,4,888.6008569252698,611.1192439041181,181.20678056222545,455.06809204649846,28.334714053752574,0.33999249956983535,8,14.591944052016817,0.026520041475040137,0.07466075023949673,0.9202160434216098,1,IND_FIRE,TIER_A,weak_rule,0.88
TA-INDFIRE-021,FAC-ODI-ROURKELA-01,GRP_ODI_03,674.6058533989078,4,221.45100998900566,549.4156975570833,2506.8587490426926,453.6932760302628,47.42548786341769,0.561590527084293,0,35.05384416706626,0.055460228248967784,0.07454048315488619,0.7258966254795528,1,IND_FIRE,TIER_A,weak_rule,0.88
TA-INDFIRE-022,FAC-MAH-CHANDRAPUR-01,GRP_MAH_02,487.0716698545229,2,854.6014915599384,494.1620938085042,670.750497746218,405.8546593613947,12.478334466312438,0.43715211511730345,10,33.54070814982859,0.026398390163040943,0.03908254817195012,0.9263341227698307,1,IND_FIRE,TIER_A,weak_rule,0.88
TA-INDFIRE-023,FAC-GUJ-HAZIRA-01,GRP_GUJ_02,179.75276486722916,1,451.3930432676233,212.39153550321225,161.87805844407072,476.81228733784593,31.670101978562084,0.40478210497373923,7,29.825618950687605,0.04276869189806794,0.0007735759686671972,0.7188109650184418,1,IND_FIRE,TIER_A,weak_rule,0.88
TA-INDFIRE-024,FAC-MAH-CHANDRAPUR-01,GRP_MAH_02,988.8786662318573,2,806.9246922014045,397.4182877263254,646.1141816510669,383.47960029591013,16.871625746856015,0.659592595497036,0,45.45160864369136,0.021007653833975404,0.019962379137833955,0.7256984054179464,1,IND_FIRE,TIER_A,weak_rule,0.88
TA-INDFIRE-025,FAC-HAR-PANIPAT-01,GRP_HAR_01,1593.180442090051,1,436.516442204781,420.50021364118123,667.7536834128855,499.8327472755828,41.90725632989838,0.6904824131723851,2,44.6637292098496,0.0024786361898188726,0.05892515774040657,0.7830463669866071,1,IND_FIRE,TIER_A,weak_rule,0.88
TA-INDFIRE-026,FAC-TN-MANALI-01,GRP_TN_01,1446.989723002793,1,832.4153845446167,535.5033365275053,1043.7991271414812,479.1693038246433,7.86430318813307,0.6488667131624358,7,15.0095172895549,0.0816586605596929,0.03682425877431537,0.7762977168346501,1,IND_FIRE,TIER_A,weak_rule,0.88
TA-INDFIRE-027,FAC-ODI-ROURKELA-01,GRP_ODI_03,412.918531762369,4,655.928703077564,286.07191703169406,1083.320254427063,375.0660094261089,37.79969868481624,0.4404584516331009,8,22.98552729620274,0.09811496871982602,0.04289725859829775,0.9348092850811789,1,IND_FIRE,TIER_A,weak_rule,0.88
TA-INDFIRE-028,FAC-MAH-TROMBAY-01,GRP_MAH_01,1580.513564662375,1,310.9511448775318,396.25678891191825,3444.894419158342,370.5472936162231,29.84570647444851,0.43827484467192007,5,24.637724774177357,0.098423584931659,0.009251662722346437,0.9248761832277999,1,IND_FIRE,TIER_A,weak_rule,0.88
TA-INDFIRE-029,FAC-ODI-JHARSUGUDA-01,GRP_ODI_02,469.6796734573688,3,698.0992705165576,46.02322332227083,3250.676804421927,443.0755395784548,35.37434996151805,0.5967800311357906,10,13.866580809578046,0.04312973996249869,0.07590995887770514,0.93019271405451,1,IND_FIRE,TIER_A,weak_rule,0.88
TA-INDFIRE-030,FAC-CHH-KORBA-01,GRP_CHH_01,1199.1466451339966,3,192.8008980496781,589.5283352337403,1848.8603885181517,461.6994710953308,17.678230718582995,0.5788833656777597,8,10.727950957661895,0.042044633377290835,0.07522909365841464,0.8693294863181832,1,IND_FIRE,TIER_A,weak_rule,0.88
TA-INDFIRE-031,FAC-ODI-PARADEEP-01,GRP_ODI_01,1113.6941249732142,1,345.321641499214,376.5020139470974,151.35989798591322,406.6024889459944,22.344966749542557,0.5319939124782728,10,19.501215338144217,0.044178601683795296,0.05405017865520799,0.8277934992186468,1,IND_FIRE,TIER_A,weak_rule,0.88
TA-INDFIRE-032,FAC-ODI-PARADEEP-01,GRP_ODI_01,1191.0485798221828,1,330.47524031896876,446.6315709645242,2224.523697963958,378.5411440109566,45.839984810361386,0.39394743941067356,4,15.108829969877972,0.019912993272657664,0.001954031018146107,0.7612106360195875,1,IND_FIRE,TIER_A,weak_rule,0.88
TA-INDFIRE-033,FAC-KAR-BELLARY-01,GRP_KAR_01,1106.124041913314,4,749.7432782351704,320.52678186995394,3118.558645320788,448.47228041435113,35.325566197454485,0.4535913869571005,6,15.979299781029749,0.0656058011111784,0.0004435854510425408,0.8877411191546182,1,IND_FIRE,TIER_A,weak_rule,0.88
TA-INDFIRE-034,FAC-MAH-TROMBAY-01,GRP_MAH_01,1404.4804260796752,1,274.2975833426563,531.4864629847516,2481.3044509675983,432.35973326326655,28.08326073150279,0.666988005782176,1,25.540782146157763,0.08014166017222646,0.05340621860690825,0.9469731132666119,1,IND_FIRE,TIER_A,weak_rule,0.88
TA-INDFIRE-035,FAC-CHH-KORBA-01,GRP_CHH_01,1710.8207010710335,3,856.083425826028,415.6546552708665,2559.5677702744897,438.1928338995383,40.375612637463675,0.5191487802443313,2,38.46449489718132,0.047467443682305335,0.020735323877201547,0.7618099343774148,1,IND_FIRE,TIER_A,weak_rule,0.88
TA-INDFIRE-036,FAC-JHK-JAMSHEDPUR-01,GRP_JHK_01,1381.9774264704404,4,535.9243380962046,424.18280437397766,1069.9014471737532,376.2350863103867,15.857766788841863,0.4086860428328738,5,45.18620747556426,0.008057765765766845,0.012066452641046927,0.7957588231078345,1,IND_FIRE,TIER_A,weak_rule,0.88
TA-INDFIRE-037,FAC-MAH-CHANDRAPUR-01,GRP_MAH_02,1275.9581679247758,2,140.55795586750452,291.597618648285,1967.7473206881164,425.2872639449576,12.307547528148461,0.4680574071093702,9,47.57279151155453,0.001953195673772712,0.07045253382062588,0.84392258670252,1,IND_FIRE,TIER_A,weak_rule,0.88
TA-INDFIRE-038,FAC-KAR-BELLARY-01,GRP_KAR_01,25.524509197427633,4,389.27136431112837,500.85245066092847,3009.0506344065006,503.2473990781654,21.855957718341983,0.5990062675912202,8,40.99406769235705,0.08978113473991953,0.03905835820402004,0.7682338279408141,1,IND_FIRE,TIER_A,weak_rule,0.88
TA-INDFIRE-039,FAC-KAR-BELLARY-01,GRP_KAR_01,66.80930360488671,4,375.7520552991008,455.88084044215157,1504.4608416110843,388.9314860245088,24.032556715453957,0.35105111891246427,9,29.035563328962695,0.09069288625867683,0.04735142205023287,0.8657499392090403,1,IND_FIRE,TIER_A,weak_rule,0.88
TA-INDFIRE-040,FAC-GUJ-DAHEJ-01,GRP_GUJ_03,1162.3081216966643,1,202.3800564544381,324.32755865116457,318.4535221869023,419.9700603072802,12.524712789516668,0.4307383219525234,6,17.521547703746272,0.09512041198605618,0.0337251861406991,0.9087277287280302,1,IND_FIRE,TIER_A,weak_rule,0.88
TA-INDFIRE-041,FAC-KAR-BELLARY-01,GRP_KAR_01,49.59916738426908,4,551.5974764529917,649.9442362480715,1322.3671514626162,459.27089352123187,38.15548723249027,0.5607018620975557,0,47.7325279722195,0.019936068236253292,0.0016304013856265876,0.7380955864461975,1,IND_FIRE,TIER_A,weak_rule,0.88
TA-INDFIRE-042,FAC-MAH-CHANDRAPUR-01,GRP_MAH_02,860.3064937888386,2,183.94687088455018,618.3929984410744,1707.8638445079894,402.15533600151707,19.600282844532362,0.5423570770241245,1,40.00063487789447,0.016376581016719915,0.02488311356788799,0.8446711831273108,1,IND_FIRE,TIER_A,weak_rule,0.88
TA-INDFIRE-043,FAC-JHK-BOKARO-01,GRP_JHK_02,1042.7971602161592,4,870.4426206560396,272.06071045231766,3303.9265051133875,393.7578176782987,29.64440375624335,0.6322286535121273,3,9.585558745068944,0.07724808849512241,0.06802345912710371,0.8501029037042109,1,IND_FIRE,TIER_A,weak_rule,0.88
TA-INDFIRE-044,FAC-MAH-TROMBAY-01,GRP_MAH_01,1436.2655816313784,1,574.5316603927283,69.84682377471235,1934.696571790176,460.9205943996666,6.103053143383823,0.559017301622722,0,43.230903214980984,0.08223309180900581,0.008443109651519887,0.9401968918036446,1,IND_FIRE,TIER_A,weak_rule,0.88
TA-INDFIRE-045,FAC-TN-TUTICORIN-01,GRP_TN_02,1277.5459290153474,2,461.69638043164065,488.9461589281021,3384.3369996475603,404.1619474761731,39.36896484630402,0.5152691625793022,7,25.919319723552853,0.08257345984207556,0.04739796952509614,0.7805761457452796,1,IND_FIRE,TIER_A,weak_rule,0.88
TA-INDFIRE-046,FAC-ODI-ROURKELA-01,GRP_ODI_03,1497.8548687197272,4,159.96340681815835,578.3868663216771,966.9425212897025,432.3827276574686,30.464926690373428,0.45159572165130557,0,27.24379266271649,0.03250141678887595,0.03900399459130755,0.7887062415440238,1,IND_FIRE,TIER_A,weak_rule,0.88
TA-INDFIRE-047,FAC-JHK-JAMSHEDPUR-01,GRP_JHK_01,622.5048350482463,4,846.4767824908649,469.21616895098197,1075.4997287832193,366.4719115936082,45.662815999966405,0.33424518478320847,6,26.98600310819543,0.07581646534824665,0.055248747155721846,0.861475724935238,1,IND_FIRE,TIER_A,weak_rule,0.88
TA-INDFIRE-048,FAC-KAR-BELLARY-01,GRP_KAR_01,814.9915710120288,4,99.91541933634237,223.01252669890087,1504.7437810710592,400.2792487621298,32.87820097185672,0.44760818026441473,8,28.891486901559553,0.04255038127052148,0.05967483493708877,0.7826978242989825,1,IND_FIRE,TIER_A,weak_rule,0.88
TA-INDFIRE-049,FAC-TN-TUTICORIN-01,GRP_TN_02,498.58582215251045,2,302.4641799138144,117.99681027514502,795.1573830625832,382.33543748198264,27.113878442268742,0.6048758437936412,2,13.619343785474513,0.07386046535089506,0.02211997015749514,0.8473967264901977,1,IND_FIRE,TIER_A,weak_rule,0.88
TA-INDFIRE-050,FAC-PUN-BATHINDA-01,GRP_PUN_01,1080.2714718144587,1,933.1416953500739,548.7401598128761,1142.4256519382338,417.32775502666107,16.6020414951196,0.5832073942844125,2,17.34400970524703,0.0974294931102738,0.04426871734388867,0.8743543482275485,1,IND_FIRE,TIER_A,weak_rule,0.88
TA-INDFIRE-051,FAC-MAH-CHANDRAPUR-01,GRP_MAH_02,1153.5973343640806,2,736.1652320594345,107.0655263065952,191.0891013079517,406.22920243488664,24.54213938728791,0.43628237302411693,0,16.361527572183768,0.08617229646275132,0.009126971257993964,0.716335858778483,1,IND_FIRE,TIER_A,weak_rule,0.88
TA-INDFIRE-052,FAC-KAR-BELLARY-01,GRP_KAR_01,147.23667390631704,4,629.4705365134786,77.43348994698255,649.8119079867448,446.6117415772618,16.672598032900247,0.6975672490840881,1,30.11328655779328,0.04161740214103285,0.04769014763280202,0.8546045881243183,1,IND_FIRE,TIER_A,weak_rule,0.88
TA-INDFIRE-053,FAC-PUN-BATHINDA-01,GRP_PUN_01,693.9747766715906,1,870.8562866445903,224.89864517301936,2121.559214715695,427.18032624036175,28.588326178090494,0.3240921217490163,1,47.64155901464201,0.020778790582355135,0.01688201562443144,0.8651070342980092,1,IND_FIRE,TIER_A,weak_rule,0.88
TA-INDFIRE-054,FAC-ODI-PARADEEP-01,GRP_ODI_01,443.15934214932594,1,562.4732924247617,139.70223234309856,1518.5338684110893,464.9588146887915,24.146061555345863,0.3130559421523697,4,36.8130123445565,0.07029875580937171,0.03632250611256346,0.8718462300178107,1,IND_FIRE,TIER_A,weak_rule,0.88
TA-INDFIRE-055,FAC-JHK-JAMSHEDPUR-01,GRP_JHK_01,1421.2730275644155,4,625.6751761970519,445.01574092628755,3277.7893357924695,426.6451500851107,27.50530704197604,0.5590538893609922,4,42.198402184252686,0.007140983685581415,0.013273823137657974,0.7769029531535581,1,IND_FIRE,TIER_A,weak_rule,0.88
TA-INDFIRE-056,FAC-JHK-BOKARO-01,GRP_JHK_02,798.8889058826213,4,490.42374428888,228.9751702795839,1498.4035391953987,404.47569800591816,27.29917031691063,0.4751035454286392,9,6.793735288262587,0.04320286641607726,0.025785726668663998,0.762591975603001,1,IND_FIRE,TIER_A,weak_rule,0.88
TA-INDFIRE-057,FAC-GUJ-DAHEJ-01,GRP_GUJ_03,423.63008206346115,1,668.268087603928,565.6127080544491,2116.8618212277743,368.00809115125236,37.414217101429934,0.6285684981033535,9,6.810425291507728,0.07562688304125571,0.03764006586013068,0.8628773723584215,1,IND_FIRE,TIER_A,weak_rule,0.88
TA-INDFIRE-058,FAC-JHK-JAMSHEDPUR-01,GRP_JHK_01,338.9581277932798,4,591.310125865344,429.04475526972254,1797.2814373398949,378.23014891260493,18.65824753325927,0.4333233574660368,10,9.706994806215084,0.016082485265883552,0.032931607183023494,0.8238672552410844,1,IND_FIRE,TIER_A,weak_rule,0.88
TA-INDFIRE-059,FAC-TEL-RAMAGUNDAM-01,GRP_TEL_01,1467.215372007281,2,560.8335667605922,320.1696747040463,1203.6324765200625,411.87469901001924,46.65831270638597,0.46167002280029823,8,42.12172414709154,0.00011510674481122197,0.06954939874565219,0.815494086245536,1,IND_FIRE,TIER_A,weak_rule,0.88
TA-INDFIRE-060,FAC-GUJ-HAZIRA-01,GRP_GUJ_02,349.83483638923093,1,397.93914566619907,502.6481082036221,2245.11928618578,475.19862772884744,12.160120725762324,0.5196878556341327,4,24.715224278257022,0.06982500291221723,0.009714086669009588,0.9432867039554236,1,IND_FIRE,TIER_A,weak_rule,0.88
TA-INDFIRE-061,FAC-ODI-ROURKELA-01,GRP_ODI_03,1281.9623428039627,4,353.79886971023484,53.273051001966714,1516.7688024211734,397.58159562108875,40.8632556727666,0.34538444716169797,1,34.14693599526914,0.015397112442832806,0.07461224479472836,0.7729653900654465,1,IND_FIRE,TIER_A,weak_rule,0.88
TA-INDFIRE-062,FAC-JHK-JAMSHEDPUR-01,GRP_JHK_01,756.6502621396052,4,502.3621340685457,330.6929680515617,1680.2346836532504,385.9730854304133,11.577466692656774,0.53975103946996,2,43.88121204928647,0.0276247402822041,0.06320049456024908,0.8037356058878362,1,IND_FIRE,TIER_A,weak_rule,0.88
TA-INDFIRE-063,FAC-PUN-BATHINDA-01,GRP_PUN_01,491.90320357442505,1,87.21894934516929,484.2608444811872,2955.5443407315115,449.0888906630936,32.69733388747137,0.646104237880097,7,29.236125996674318,0.034512394169300756,0.04415339336566488,0.8358575157396682,1,IND_FIRE,TIER_A,weak_rule,0.88
TA-INDFIRE-064,FAC-TN-TUTICORIN-01,GRP_TN_02,1680.1412764517409,2,837.2054559974692,638.3686519562195,949.9985729569353,420.5307730947923,41.52058391943202,0.46431003821983124,5,38.511731820433816,0.07052278810250026,0.06491271220519015,0.7965196881227455,1,IND_FIRE,TIER_A,weak_rule,0.88
TA-INDFIRE-065,FAC-MAH-CHANDRAPUR-01,GRP_MAH_02,899.161639565316,2,117.0219638139234,348.8861458304444,2127.1044381870497,491.1065454375212,42.338566832443874,0.47612248390827083,8,45.96987549634102,0.0015347597915260636,0.011532433277355798,0.9177332428373048,1,IND_FIRE,TIER_A,weak_rule,0.88
TA-INDFIRE-066,FAC-MAH-CHANDRAPUR-01,GRP_MAH_02,148.56842311502024,2,761.0193769511665,205.3387816237624,2237.9189917486933,422.63508196343713,6.614189426075205,0.43142623559338245,10,43.670398287572,0.03800093975226551,0.025332892314671975,0.8796793563057457,1,IND_FIRE,TIER_A,weak_rule,0.88
TA-INDFIRE-067,FAC-KAR-BELLARY-01,GRP_KAR_01,1572.2036860563874,4,116.05272135959889,86.39455204483863,2264.389406463046,498.534719323143,47.88416653302969,0.5987065466951708,6,49.02519776992455,0.07603696929942655,0.05631126634632303,0.7251268100807043,1,IND_FIRE,TIER_A,weak_rule,0.88
TA-INDFIRE-068,FAC-ODI-PARADEEP-01,GRP_ODI_01,1253.7920755859236,1,866.4618136736703,72.82453604971371,2817.0806082934096,407.53832751495526,19.86784903988917,0.35822791827975936,8,23.542328703900893,0.06818003713527282,0.014404550892104889,0.7437673387657261,1,IND_FIRE,TIER_A,weak_rule,0.88
TA-INDFIRE-069,FAC-TEL-RAMAGUNDAM-01,GRP_TEL_01,1121.1830078392863,2,293.3177699557108,597.2615546942507,629.4443624305073,431.86673743647464,14.428980273609403,0.4021306832636616,0,45.45088392651444,0.04652532555253015,0.023010533259875104,0.836649534400507,1,IND_FIRE,TIER_A,weak_rule,0.88
TA-INDFIRE-070,FAC-GUJ-DAHEJ-01,GRP_GUJ_03,803.4876637328088,1,383.91426514326565,400.48088160148495,2290.4446529060406,426.52479607683017,14.254420098346555,0.6381215700570394,3,49.97181044750806,0.08533354586601859,0.008532261393788874,0.7953410744144072,1,IND_FIRE,TIER_A,weak_rule,0.88
TA-INDFIRE-071,FAC-CHH-BHILAI-01,GRP_CHH_02,1041.0392953688815,4,943.6786177372663,223.61460609937797,3426.11402333249,460.4433233096587,15.351617108020248,0.5263716067822796,10,40.02402270965351,0.09736028168279248,0.07284935629749685,0.8862930385334925,1,IND_FIRE,TIER_A,weak_rule,0.88
TA-INDFIRE-072,FAC-JHK-BOKARO-01,GRP_JHK_02,1399.6976485920347,4,284.05240818941013,530.168834314899,883.6652054091533,392.5691384451778,14.278206001962722,0.6022309294966708,10,35.638479238191024,0.013677923849409891,0.007773114385249436,0.8568645269541826,1,IND_FIRE,TIER_A,weak_rule,0.88
TA-INDFIRE-073,FAC-GUJ-HAZIRA-01,GRP_GUJ_02,566.4451978554554,1,466.312059490832,395.64215224788364,2603.4052225964483,378.06933948320176,16.279970323311986,0.5989923459753486,2,14.03576575925343,0.07865128110305053,0.07011684773653125,0.7914643826537809,1,IND_FIRE,TIER_A,weak_rule,0.88
TA-INDFIRE-074,FAC-PUN-BATHINDA-01,GRP_PUN_01,1645.574249449829,1,803.3588159257987,200.4669011607737,2912.7108720170645,434.8679353316925,39.2919822207195,0.598623740286818,5,41.190464237202974,0.046833138885269535,0.006023948872540599,0.8885378732653338,1,IND_FIRE,TIER_A,weak_rule,0.88
TA-INDFIRE-075,FAC-ODI-ROURKELA-01,GRP_ODI_03,1550.350965464397,4,711.4474559453232,637.8650568830516,3390.3536534551085,481.66520838298146,19.459877223250487,0.6162727874355749,0,16.90063602585907,0.012358873676349236,0.029486852689283118,0.8872529008841902,1,IND_FIRE,TIER_A,weak_rule,0.88
TA-INDFIRE-076,FAC-JHK-JAMSHEDPUR-01,GRP_JHK_01,1058.4397635991163,4,796.3909655611598,613.8765945266302,512.9594423674228,398.90417582067954,4.126109234091705,0.6536939380859408,8,19.760282681781916,0.061008219585841295,0.05181219045115532,0.8588509805944847,1,IND_FIRE,TIER_A,weak_rule,0.88
TA-INDFIRE-077,FAC-TN-TUTICORIN-01,GRP_TN_02,1638.2569345937873,2,346.39450096780143,292.0189927562247,618.2529918991906,502.20792226788217,16.696406296020236,0.49704984759128235,1,15.566001459409808,0.05375466058825258,0.0310916664920114,0.7927528788717206,1,IND_FIRE,TIER_A,weak_rule,0.88
TA-INDFIRE-078,FAC-HAR-PANIPAT-01,GRP_HAR_01,763.1412548452803,1,727.0626977719982,138.4863559579502,1539.8631669133033,379.35813703302665,25.020616700532653,0.4632463542790802,4,6.47223290847711,0.03705299587344354,0.035470646884856134,0.9376387924628566,1,IND_FIRE,TIER_A,weak_rule,0.88
TA-INDFIRE-079,FAC-CHH-BHILAI-01,GRP_CHH_02,192.34800492194262,4,678.1134296413119,374.4018461966977,3425.7724736643568,417.0077069757861,20.91628392349679,0.3759234248644318,1,47.705485471796194,0.08241910819315715,0.007333873905401669,0.7530264538558282,1,IND_FIRE,TIER_A,weak_rule,0.88
TA-INDFIRE-080,FAC-GUJ-JAMNAGAR-01,GRP_GUJ_01,105.2826415332283,1,373.4854203141263,643.2366468845602,2786.376634920658,394.7548083957171,40.34180267477097,0.5216831153844516,9,14.717810836340364,0.08696954267695448,0.026284764274578435,0.7368885449853608,1,IND_FIRE,TIER_A,weak_rule,0.88
TA-INDFIRE-081,FAC-GUJ-JAMNAGAR-01,GRP_GUJ_01,509.9356000665941,1,936.1843340482942,642.4540191415342,1959.7217804915572,480.7845044158554,7.9466856550246,0.6465791554027204,2,5.668714725381898,0.0789984664234754,0.019034528487237044,0.7809428654905055,1,IND_FIRE,TIER_A,weak_rule,0.88
TA-INDFIRE-082,FAC-ODI-PARADEEP-01,GRP_ODI_01,488.68100236007746,1,194.64614031155494,299.68113693059786,530.7251777349311,374.21591553133476,23.172384642144788,0.4448155895270048,9,9.907430450173049,0.05038386897858214,0.0756332514376085,0.7108412592247929,1,IND_FIRE,TIER_A,weak_rule,0.88
TA-INDFIRE-083,FAC-PUN-BATHINDA-01,GRP_PUN_01,553.4101373151384,1,641.4896918377477,63.846136903758065,3495.265629549245,487.8582887592502,22.182312867599627,0.34318473187169085,7,8.307082209490272,0.008079047741079193,0.0486637938906752,0.7164205583300285,1,IND_FIRE,TIER_A,weak_rule,0.88
TA-INDFIRE-084,FAC-JHK-JAMSHEDPUR-01,GRP_JHK_01,1129.406727291956,4,591.3404555941247,475.8524418379157,1426.0297360420445,451.62181900390044,16.27039856774504,0.5022204297942721,6,9.46303077555689,0.07017794185460662,0.068223418983646,0.8627291662203262,1,IND_FIRE,TIER_A,weak_rule,0.88
TA-INDFIRE-085,FAC-HAR-PANIPAT-01,GRP_HAR_01,1301.6992512338145,1,270.99495237328483,318.1907241589953,915.4534741213578,414.1450847311004,23.40745063083513,0.4663958601045981,1,19.064675749870986,0.03125235711418678,0.020391183718622335,0.9383981294047812,1,IND_FIRE,TIER_A,weak_rule,0.88
TA-INDFIRE-086,FAC-KAR-BELLARY-01,GRP_KAR_01,134.83295502391624,4,804.4826835307491,101.40421153072484,473.4908490953818,472.1254197808638,39.529617837482654,0.52254829424614,9,48.04810807311079,0.05616833815697281,0.05360106117858367,0.8027021582305395,1,IND_FIRE,TIER_A,weak_rule,0.88
TA-INDFIRE-087,FAC-TN-MANALI-01,GRP_TN_01,1564.544485731281,1,708.7174871154192,630.881168313442,2161.3738056026677,415.9886969255066,29.00633332754347,0.3850955222688024,10,26.698522829197486,0.08472748481349526,0.028009119537695294,0.8390663690260817,1,IND_FIRE,TIER_A,weak_rule,0.88
TA-INDFIRE-088,FAC-MAH-TROMBAY-01,GRP_MAH_01,1376.2510530072768,1,581.5965037467151,533.3689295471684,2981.2697904499996,506.3092573082277,39.82920867933014,0.5454293122141859,10,30.05328898267017,0.06089949155530653,0.05262649823991107,0.8733677969639146,1,IND_FIRE,TIER_A,weak_rule,0.88
TA-INDFIRE-089,FAC-GUJ-JAMNAGAR-01,GRP_GUJ_01,337.0426884501251,1,692.834438528748,231.93573674209563,1288.4126002038156,365.8853394635305,42.14382179413972,0.5265284379045505,6,8.13134395617514,0.074096905911842,0.07774482550064153,0.7229394207636113,1,IND_FIRE,TIER_A,weak_rule,0.88
TA-INDFIRE-090,FAC-PUN-BATHINDA-01,GRP_PUN_01,399.01219085981705,1,448.15510710629525,251.24206897044633,1389.677859797963,469.63141532268764,37.957602898503346,0.5270374226457588,1,44.75039830332545,0.015557990340448836,0.06035487032999884,0.7124406231082392,1,IND_FIRE,TIER_A,weak_rule,0.88
TA-INDFIRE-091,FAC-GUJ-DAHEJ-01,GRP_GUJ_03,500.7035757300008,1,657.5769692791459,338.82533145905273,1630.84802543756,404.6091924328916,36.97244146507668,0.3455270032440807,6,9.990039749041875,0.06782178929335345,0.047450740031381104,0.8317335267870362,1,IND_FIRE,TIER_A,weak_rule,0.88
TA-INDFIRE-092,FAC-JHK-BOKARO-01,GRP_JHK_02,96.06999224890313,4,426.90283761579906,407.5915989513925,175.75173776460764,408.70580749267333,12.505529064914052,0.3548939221029308,4,18.025120904784693,0.011998434370554912,0.03979082628906615,0.8076637528384008,1,IND_FIRE,TIER_A,weak_rule,0.88
TA-INDFIRE-093,FAC-MAH-CHANDRAPUR-01,GRP_MAH_02,693.6702906016967,2,693.675642826004,347.65871966650894,2941.736578106592,481.89902705218077,6.243397346647103,0.6447057448090354,0,24.629881798054047,0.04597542503562751,0.006229008950060609,0.778265157669334,1,IND_FIRE,TIER_A,weak_rule,0.88
TA-INDFIRE-094,FAC-TN-MANALI-01,GRP_TN_01,1038.5184303812298,1,698.716601757128,297.70484570530573,535.8307984237241,368.0242010585886,17.614568075048123,0.6205288617241809,9,25.70436058522139,0.06896100410801899,0.028948215298730064,0.8091779448920569,1,IND_FIRE,TIER_A,weak_rule,0.88
TA-INDFIRE-095,FAC-MAH-TROMBAY-01,GRP_MAH_01,449.3199075585796,1,594.3736643820189,361.9973385153821,1475.8184344787655,409.9898114661999,18.278097651680874,0.43322744899725274,2,8.437071986285952,0.06332246669681865,0.04244838566181186,0.748475926566725,1,IND_FIRE,TIER_A,weak_rule,0.88
TA-INDFIRE-096,FAC-CHH-BHILAI-01,GRP_CHH_02,641.7130268988884,4,913.863196882535,435.4930005825861,644.7609505914199,379.9066565277756,14.518569990077843,0.3693996089768379,2,39.20968829961014,0.06555090105187392,0.014171690315778331,0.89321202231189,1,IND_FIRE,TIER_A,weak_rule,0.88
TA-INDFIRE-097,FAC-KAR-BELLARY-01,GRP_KAR_01,843.1562272957399,4,572.6311930439899,395.5781942724263,2431.797152354693,492.8969827059754,31.934632380220474,0.6946127790943437,5,43.891109367413726,0.06272174068997718,0.012076592111446151,0.717071564623939,1,IND_FIRE,TIER_A,weak_rule,0.88
TA-INDFIRE-098,FAC-TN-TUTICORIN-01,GRP_TN_02,1142.0224392453913,2,773.8251724659854,402.8089528827677,1329.0064457772564,375.75764514512673,23.778411890090435,0.31504289822843684,5,42.42634842484047,0.0076731001173455,0.06914000271401913,0.9138233428640226,1,IND_FIRE,TIER_A,weak_rule,0.88
TA-INDFIRE-099,FAC-PUN-BATHINDA-01,GRP_PUN_01,701.3012206996999,1,586.9849374106798,622.3100434172881,2625.3855023621554,370.9482935086741,43.9072480458149,0.52866267458152,3,19.46870432961928,0.04756290279430695,0.012068886135651083,0.7154684250252752,1,IND_FIRE,TIER_A,weak_rule,0.88
TA-INDFIRE-100,FAC-MAH-TROMBAY-01,GRP_MAH_01,1462.575758210878,1,809.3312591841345,639.3432765615054,432.5025922822888,458.6884282158393,4.761395679030322,0.5830486817293115,7,28.583084892657855,0.060980540632267446,0.029111836774857024,0.92948419727924,1,IND_FIRE,TIER_A,weak_rule,0.88
TA-INDFIRE-101,FAC-TEL-RAMAGUNDAM-01,GRP_TEL_01,744.6533740864668,2,377.68758201782794,406.72094674170864,2793.910220738277,458.8592767605495,5.966033442587285,0.3378023790060377,10,22.395389212568205,0.02519957849661533,0.06812530079875236,0.9411025071634774,1,IND_FIRE,TIER_A,weak_rule,0.88
TA-INDFIRE-102,FAC-MAH-CHANDRAPUR-01,GRP_MAH_02,610.0512343680936,2,589.069680117253,130.5641702535123,1321.8996382450782,505.31599361544795,34.43159832653464,0.4567831937341441,9,36.89753064669742,0.0084719012004002,0.044713765607285086,0.8608733158403299,1,IND_FIRE,TIER_A,weak_rule,0.88
TA-INDFIRE-103,FAC-CHH-KORBA-01,GRP_CHH_01,1466.5348391094196,3,664.650685995435,546.520178601151,2624.8951516337675,464.38509384024854,26.68770028803783,0.5584099282933952,6,27.881981889026342,0.0018230537791532721,0.024709285605110473,0.9377923283990335,1,IND_FIRE,TIER_A,weak_rule,0.88
TA-INDFIRE-104,FAC-CHH-KORBA-01,GRP_CHH_01,1706.587857548809,3,505.6243465549091,182.05854315300178,610.8439331432156,376.1889372236271,40.99927749086475,0.34045630546715766,8,42.58039219855502,0.08836821654925617,0.0030197993886049,0.7841910929910704,1,IND_FIRE,TIER_A,weak_rule,0.88
TA-INDFIRE-105,FAC-MAH-CHANDRAPUR-01,GRP_MAH_02,1081.0848973128568,2,218.42863854277013,154.41181013706145,2471.0328968851095,455.58736959331736,43.61951922214972,0.5884731991221708,0,23.488637517344007,0.0676362922188533,0.019002416115754005,0.8110496774513188,1,IND_FIRE,TIER_A,weak_rule,0.88
TA-INDFIRE-106,FAC-JHK-BOKARO-01,GRP_JHK_02,1358.0182297240024,4,762.9873109111389,186.5717813229318,951.2144657724903,505.01151239313526,38.296660781694214,0.6615897352549832,3,21.552843120126475,0.0947130170244123,0.07875518348252618,0.8154199946102473,1,IND_FIRE,TIER_A,weak_rule,0.88
TA-INDFIRE-107,FAC-JHK-BOKARO-01,GRP_JHK_02,1403.951406491118,4,520.0142881367558,298.2898001714962,692.894880373669,393.9561710594787,30.209855140953763,0.6492007680237388,0,33.853056629200125,0.08741169450522371,0.044363259633954495,0.7256474329371023,1,IND_FIRE,TIER_A,weak_rule,0.88
TA-INDFIRE-108,FAC-PUN-BATHINDA-01,GRP_PUN_01,1534.3313958313302,1,331.5795071613191,506.685682326473,1063.8508536310446,496.26940030184494,9.630689519622194,0.47498902407799226,3,41.751646513497526,0.08846297737180076,0.074437754170102,0.8037242264547513,1,IND_FIRE,TIER_A,weak_rule,0.88
TA-INDFIRE-109,FAC-TEL-RAMAGUNDAM-01,GRP_TEL_01,911.0826997274253,2,288.9480338918693,646.6878374991662,1405.9574559495213,369.08719410158176,44.88716571374789,0.6356705150446422,10,20.088066016227963,0.014604930682182006,0.0030642552893634977,0.9293490429031878,1,IND_FIRE,TIER_A,weak_rule,0.88
TA-INDFIRE-110,FAC-KAR-BELLARY-01,GRP_KAR_01,1257.4884996081307,4,205.0556784227311,471.84938604989367,1652.814937840526,365.7614237543146,6.565159707182458,0.4023695713748179,2,29.696191044972593,0.07272347853249318,0.042221720470937946,0.7277967150810596,1,IND_FIRE,TIER_A,weak_rule,0.88
TA-INDFIRE-111,FAC-JHK-BOKARO-01,GRP_JHK_02,439.1878045540666,4,190.39881856220416,189.2558995931927,2290.4883027789147,455.3075324094405,5.826321795497872,0.634675088242134,7,31.853256926852612,0.0016435352205894428,0.04123005841675249,0.7604845336052483,1,IND_FIRE,TIER_A,weak_rule,0.88
TA-INDFIRE-112,FAC-MAH-CHANDRAPUR-01,GRP_MAH_02,534.9204981788353,2,86.35315058239013,258.45370397375046,2061.7234486751368,392.1605172107655,33.069670631383566,0.5093938230712844,5,8.04556953089807,0.05260594453221706,0.04058621572638293,0.9470828713991168,1,IND_FIRE,TIER_A,weak_rule,0.88
TA-INDFIRE-113,FAC-HAR-PANIPAT-01,GRP_HAR_01,51.29673672437594,1,840.4316943263027,71.33832722589986,1446.0524271166478,419.12884612962074,36.62924662031904,0.44283755060589314,1,20.516112192352608,0.07329410214506417,0.050260556998052514,0.8928753435274648,1,IND_FIRE,TIER_A,weak_rule,0.88
TA-INDFIRE-114,FAC-CHH-KORBA-01,GRP_CHH_01,253.13611789896478,3,389.7386748887739,249.82109119871896,2303.3653142791136,485.4056302307224,33.810715488404256,0.6923276743155397,7,33.4281131491252,0.08114976818476065,0.0050480429625779704,0.8940475999258554,1,IND_FIRE,TIER_A,weak_rule,0.88
TA-INDFIRE-115,FAC-TN-TUTICORIN-01,GRP_TN_02,81.01606550659965,2,259.3762088037463,523.6210740035715,3117.397791820652,410.76139390721016,16.953414732160134,0.4592896222744068,8,26.302989545457955,0.003662077153690835,0.05175203990406002,0.7715277238878872,1,IND_FIRE,TIER_A,weak_rule,0.88
TA-INDFIRE-116,FAC-GUJ-HAZIRA-01,GRP_GUJ_02,1560.4499245843328,1,372.11485371986305,120.30737998785196,1382.8642339541545,493.97554496678083,36.448846748382955,0.6578549979820213,6,20.25664827836723,0.018681721758993877,0.0553654792890092,0.7918367317399204,1,IND_FIRE,TIER_A,weak_rule,0.88
TA-INDFIRE-117,FAC-PUN-BATHINDA-01,GRP_PUN_01,491.0964420068959,1,156.45895323846742,301.8222950976404,1592.5339592115472,509.28923390239095,11.120541867214053,0.4175065676009995,1,8.603100998374787,0.06609192214581366,0.0245196684872602,0.85065540693265,1,IND_FIRE,TIER_A,weak_rule,0.88
TA-INDFIRE-118,FAC-TN-MANALI-01,GRP_TN_01,312.4609181376559,1,468.9807496524463,315.5134441005056,2584.8282256321945,497.18304847271065,30.668316698944395,0.4739762016372542,10,49.10122756374256,0.09479043786030864,0.006003293199052742,0.8593781344708246,1,IND_FIRE,TIER_A,weak_rule,0.88
TA-INDFIRE-119,FAC-CHH-BHILAI-01,GRP_CHH_02,930.8585447442256,4,733.6617563865346,141.79196958569872,254.32107395165542,488.0570499457275,33.5139992397952,0.47526912997603105,2,8.025501337794896,0.07785153735068655,0.029306277848571885,0.7957136004221944,1,IND_FIRE,TIER_A,weak_rule,0.88
TA-INDFLARE-000,FAC-GUJ-JAMNAGAR-01,GRP_GUJ_01,911.5912949936304,1,164.2586454315612,151.96529409469235,25.122849532888416,402.49302482086506,865.9956061608368,0.5088379644608869,50,69.44901546955072,0.041803464944971704,0.04802600261324965,0.657774002259243,1,IND_FLARE,TIER_A,weak_rule,0.88
TA-INDFLARE-001,FAC-GUJ-DAHEJ-01,GRP_GUJ_03,753.5755007821356,1,95.32902168926618,91.18261558926459,18.122818963305985,354.7275282582908,676.0543912595568,0.6489095336464282,36,147.26603141336273,0.14979432652652286,0.010008917049556011,0.6907185253191582,1,IND_FLARE,TIER_A,weak_rule,0.88
TA-INDFLARE-002,FAC-GUJ-HAZIRA-01,GRP_GUJ_02,683.543601015642,1,216.08825126555035,72.88245726056545,7.074712060150422,394.78327972381055,1270.1355738343527,0.445876331629991,44,150.45579979801556,0.08249957212303358,0.014518114138890682,0.7399870034710214,1,IND_FLARE,TIER_A,weak_rule,0.88
TA-INDFLARE-003,FAC-GUJ-DAHEJ-01,GRP_GUJ_03,1070.5955649707469,1,222.84857178666996,103.11890354255056,51.899720374157674,378.3317957915586,192.58733315674385,0.41029411135330573,17,53.53091777880845,0.07410329061703834,0.018044826222219108,0.8216832221349578,1,IND_FLARE,TIER_A,weak_rule,0.88
TA-INDFLARE-004,FAC-HAR-PANIPAT-01,GRP_HAR_01,1207.4559721699939,1,134.1886764066369,99.07589293142178,6.974683084897727,359.3826181652039,1499.3974253743677,0.5656608979672159,67,89.21299973635921,0.061415029119706956,0.028745025423821326,0.6875980346777583,1,IND_FLARE,TIER_A,weak_rule,0.88
TA-INDFLARE-005,FAC-TN-MANALI-01,GRP_TN_01,967.0844981857082,1,110.19398097646707,109.77711153198422,23.37668857462143,413.4062144067891,1173.031238111403,0.541938178809999,23,162.39523565831962,0.019354943669533293,0.025143189322468736,0.9104634882258166,1,IND_FLARE,TIER_A,weak_rule,0.88
TA-INDFLARE-006,FAC-GUJ-HAZIRA-01,GRP_GUJ_02,781.9721780567843,1,75.7733921025624,28.42881265027625,60.85585262658142,351.41967704796934,1421.8549075727553,0.5056693380212618,36,178.41640976195245,0.03759079634729986,0.0317528545693873,0.8152524246449419,1,IND_FLARE,TIER_A,weak_rule,0.88
TA-INDFLARE-007,FAC-GUJ-DAHEJ-01,GRP_GUJ_03,941.2833185583997,1,149.00507368073474,17.668259880721433,42.202701633485994,386.2218023050775,876.0019936966976,0.4013601869167377,79,152.72971752964096,0.09077083617927831,0.04212650020566945,0.8190854103293888,1,IND_FLARE,TIER_A,weak_rule,0.88
TA-INDFLARE-008,FAC-GUJ-JAMNAGAR-01,GRP_GUJ_01,131.02205379112115,1,227.8570575370124,124.05051190073105,18.30565014739896,350.02679607168665,863.3401572397435,0.5354325278974873,3,107.09780232790379,0.09407460154471264,0.01448358284008029,0.9369950509863214,1,IND_FLARE,TIER_A,weak_rule,0.88
TA-INDFLARE-009,FAC-HAR-PANIPAT-01,GRP_HAR_01,374.8680868669251,1,194.53443820519624,66.75652669889567,30.300052442653374,395.4182893089335,247.2237051586283,0.4746865238642345,59,46.824717780496734,0.09099903942309545,0.01562912496234665,0.8655088655337312,1,IND_FLARE,TIER_A,weak_rule,0.88
TA-INDFLARE-010,FAC-TN-MANALI-01,GRP_TN_01,1463.3074505931716,1,34.860811766363206,61.17481109389573,37.16485220002144,360.31600920829993,706.111179756467,0.4302415023362547,31,33.87991517667762,0.007590793770043541,0.04726924463516095,0.9092491551087292,1,IND_FLARE,TIER_A,weak_rule,0.88
TA-INDFLARE-011,FAC-PUN-BATHINDA-01,GRP_PUN_01,379.92271776796804,1,208.21257040608938,28.07284695443527,22.29217462087588,384.8802685998917,477.31980224306227,0.5789364125415886,63,209.17372927456046,0.07002226766060259,0.04395378318002093,0.7992110819142527,1,IND_FLARE,TIER_A,weak_rule,0.88
TA-INDFLARE-012,FAC-GUJ-HAZIRA-01,GRP_GUJ_02,1418.3968780631635,1,123.28489327361008,154.76980099673864,15.16167083041631,363.52503344135374,87.20412208630313,0.49846826105755293,83,142.86672377191712,0.04286225721615263,0.0004088702973620462,0.6822491253113623,1,IND_FLARE,TIER_A,weak_rule,0.88
TA-INDFLARE-013,FAC-GUJ-DAHEJ-01,GRP_GUJ_03,1324.8590390687034,1,175.6919029528165,122.92551197343236,24.73702188486525,368.05525399640186,860.5790860949716,0.4083965905663157,70,64.16334789301462,0.05795232374696677,0.022517719032020905,0.8149571268552258,1,IND_FLARE,TIER_A,weak_rule,0.88
TA-INDFLARE-014,FAC-GUJ-HAZIRA-01,GRP_GUJ_02,201.7084521269306,1,26.816830701837493,61.59213880299674,64.16101669171391,382.9940246358522,556.0222833409024,0.3932802078106803,77,109.37011582616233,0.07501168553559658,0.0022651676233537365,0.6911109120702561,1,IND_FLARE,TIER_A,weak_rule,0.88
TA-INDFLARE-015,FAC-TN-MANALI-01,GRP_TN_01,1207.9091242393758,1,126.56251963860765,26.38368433850184,58.21386244695346,343.27919364837373,1397.876678468625,0.4455590095277921,50,208.07622620003372,0.11089790408604062,0.014961717126415914,0.7509120356455035,1,IND_FLARE,TIER_A,weak_rule,0.88
TA-INDFLARE-016,FAC-HAR-PANIPAT-01,GRP_HAR_01,1066.0223115888025,1,74.75057327802963,131.0725668192804,24.89072092647637,394.0116072849366,1470.0882703945929,0.5251106425546359,88,133.99839852349956,0.08953644239297905,0.013276521849286066,0.8466772916530907,1,IND_FLARE,TIER_A,weak_rule,0.88
TA-INDFLARE-017,FAC-MAH-TROMBAY-01,GRP_MAH_01,1084.886167321497,1,141.71149338324304,29.770393694225515,41.44310281273059,388.8749015226035,1263.6566819378972,0.39433271249009955,87,54.65029482895102,0.0858855407106189,0.03502604555707258,0.7072352983480782,1,IND_FLARE,TIER_A,weak_rule,0.88
TA-INDFLARE-018,FAC-HAR-PANIPAT-01,GRP_HAR_01,477.40180033432426,1,39.73777691616552,111.4085409642085,27.55896549199177,403.62236867167366,1381.7351734470494,0.6118453126736961,7,149.68392259111187,0.07780248173401695,0.028044338645431967,0.9494368605216446,1,IND_FLARE,TIER_A,weak_rule,0.88
TA-INDFLARE-019,FAC-HAR-PANIPAT-01,GRP_HAR_01,792.9609555860527,1,78.04561330212485,30.189640545600454,59.41988421867466,362.5210666797754,539.1790391034814,0.5815969352446222,87,136.8783654998896,0.10399699650447312,0.03050382900393758,0.707679250741014,1,IND_FLARE,TIER_A,weak_rule,0.88
TA-INDFLARE-020,FAC-MAH-TROMBAY-01,GRP_MAH_01,425.71952992341744,1,74.44580204090937,150.81323077341145,63.87352882622573,403.2615555633261,1060.8925940128368,0.5570719734690821,62,69.99335272878184,0.052320476130195984,0.04668501873854003,0.8886216068007,1,IND_FLARE,TIER_A,weak_rule,0.88
TA-INDFLARE-021,FAC-ODI-PARADEEP-01,GRP_ODI_01,438.8061694919497,1,139.34052571418025,88.28096768715967,58.38078930780436,367.480583285882,525.560396644905,0.5819192986293491,18,64.5427936585518,0.043144551242120986,0.035707064374919766,0.7539090542286849,1,IND_FLARE,TIER_A,weak_rule,0.88
TA-INDFLARE-022,FAC-HAR-PANIPAT-01,GRP_HAR_01,987.3983553208523,1,180.37188593344916,36.59592886809018,54.07493317276014,355.7576085898077,848.2828132800973,0.431486440011724,13,131.21379205497092,0.08802457478562227,0.01212290192051434,0.8509501894679312,1,IND_FLARE,TIER_A,weak_rule,0.88
TA-INDFLARE-023,FAC-MAH-TROMBAY-01,GRP_MAH_01,960.53741437887,1,16.387901214113217,67.8883144695766,47.05223657189047,339.5517659538481,1158.8998944502393,0.351554433922139,70,205.47169592578288,0.02369116143164125,0.03264463988506499,0.9141942371690264,1,IND_FLARE,TIER_A,weak_rule,0.88
TA-INDFLARE-024,FAC-HAR-PANIPAT-01,GRP_HAR_01,721.3982954569358,1,51.071610021553994,154.3345041058769,21.894149084567083,391.36030219957564,1363.0101945986062,0.37683821615345486,73,52.605140840308486,0.11080297834029533,0.04251665507877968,0.661189473971493,1,IND_FLARE,TIER_A,weak_rule,0.88
TA-INDFLARE-025,FAC-GUJ-DAHEJ-01,GRP_GUJ_03,632.648623545058,1,201.67475382600824,149.62584986077744,3.807580424997275,409.43930382068817,1184.4854172552468,0.40589348957674665,37,184.7323494231743,0.0013900752720149678,0.02839809343322477,0.6821902072320614,1,IND_FLARE,TIER_A,weak_rule,0.88
TA-INDFLARE-026,FAC-TN-MANALI-01,GRP_TN_01,433.99686200156896,1,237.4274749409387,88.29817591844507,32.86343869170551,419.16324766538287,1278.376891004059,0.49040623070188705,24,170.80684503981908,0.04960261452476784,0.03655596169043871,0.8444856016127724,1,IND_FLARE,TIER_A,weak_rule,0.88
TA-INDFLARE-027,FAC-GUJ-DAHEJ-01,GRP_GUJ_03,30.98545147151247,1,83.55847432182108,49.318808452350275,44.32447238331627,348.3503223335148,921.1002954985647,0.5416177382254066,51,174.53291418164346,0.07729209884396938,0.0043368884924177955,0.8507767560229862,1,IND_FLARE,TIER_A,weak_rule,0.88
TA-INDFLARE-028,FAC-GUJ-DAHEJ-01,GRP_GUJ_03,1472.7109367364026,1,116.67916724361474,149.924585759218,1.933712654261771,366.43956711422294,676.7424564480028,0.430098298089284,42,66.89889713678102,0.1084323792601496,0.0005717867097083995,0.8461050101210597,1,IND_FLARE,TIER_A,weak_rule,0.88
TA-INDFLARE-029,FAC-MAH-TROMBAY-01,GRP_MAH_01,102.56525438279881,1,31.901064081737527,51.1685956945683,27.243954923493227,377.739444767647,1343.9361342865861,0.5610671105306768,39,146.50952737085692,0.0958066987799075,0.04703178118729502,0.7602631709306511,1,IND_FLARE,TIER_A,weak_rule,0.88
TA-INDFLARE-030,FAC-MAH-TROMBAY-01,GRP_MAH_01,336.50161539366246,1,35.522232598445775,27.050133656201137,48.98116215907939,387.5452000684616,630.7782757616623,0.5147703526455094,60,160.2568572773868,0.12029924876700464,0.04128017545432285,0.8785578859913321,1,IND_FLARE,TIER_A,weak_rule,0.88
TA-INDFLARE-031,FAC-GUJ-HAZIRA-01,GRP_GUJ_02,793.0049177680498,1,128.64885728127365,59.80022435830627,59.74503888059194,340.65983519604066,1245.2157922901367,0.6208664480719426,25,122.40384321671226,0.022477857207362145,0.016405881887110323,0.806102462355436,1,IND_FLARE,TIER_A,weak_rule,0.88
TA-INDFLARE-032,FAC-GUJ-HAZIRA-01,GRP_GUJ_02,1023.6399045292154,1,173.1926400186334,79.74599079249678,58.57947383380558,372.3208557577859,94.786079069281,0.3895833019463297,53,98.64368752093459,0.008660517139878714,0.023118915286946186,0.8920746057663177,1,IND_FLARE,TIER_A,weak_rule,0.88
TA-INDFLARE-033,FAC-GUJ-JAMNAGAR-01,GRP_GUJ_01,599.9635778303536,1,196.6829613202188,120.09130380459506,38.22276533124875,334.30253125914373,524.6589534444562,0.36912797363362493,7,196.58947377141402,0.01035287192404707,0.04668877812924654,0.6595204613069238,1,IND_FLARE,TIER_A,weak_rule,0.88
TA-INDFLARE-034,FAC-PUN-BATHINDA-01,GRP_PUN_01,278.17217697030577,1,35.96121249150731,103.71942502705996,47.809883203457524,421.5593438590645,569.1978499097422,0.617400081565558,57,183.27215848869523,0.1360150967286859,0.01878227669009938,0.8548191062304624,1,IND_FLARE,TIER_A,weak_rule,0.88
TA-INDFLARE-035,FAC-GUJ-DAHEJ-01,GRP_GUJ_03,983.765806643866,1,86.07369336483946,31.020359753645533,35.61591388627308,380.2400412566809,1095.0529136683185,0.41680706478987994,0,160.0167800460811,0.14677360240187085,0.023150195059739,0.8657281925032556,1,IND_FLARE,TIER_A,weak_rule,0.88
TA-INDFLARE-036,FAC-PUN-BATHINDA-01,GRP_PUN_01,802.5810766601705,1,198.3130632206851,41.859390045092766,23.481143171714297,356.1867241405371,1406.8666173689794,0.5675071837726755,14,11.604549556546111,0.0990296528703428,0.030746160360445626,0.9308713791156336,1,IND_FLARE,TIER_A,weak_rule,0.88
TA-INDFLARE-037,FAC-GUJ-JAMNAGAR-01,GRP_GUJ_01,368.5927782733858,1,19.880653081920904,96.24923115425909,29.84900770678625,393.8422455028608,1309.8520776661512,0.4234202453655177,5,87.4643969162358,0.03515089177313425,0.010863460508877671,0.9091190728010169,1,IND_FLARE,TIER_A,weak_rule,0.88
TA-INDFLARE-038,FAC-GUJ-JAMNAGAR-01,GRP_GUJ_01,218.80200692120786,1,238.4620921333594,39.76335819124013,59.69121160321951,384.7304818801273,871.2825241811684,0.5817614637446371,41,53.565327129227725,0.13143874832607108,0.04928477803625629,0.806375316279477,1,IND_FLARE,TIER_A,weak_rule,0.88
TA-INDFLARE-039,FAC-PUN-BATHINDA-01,GRP_PUN_01,457.7464210985552,1,18.38600235719587,151.91768003919526,57.36183207620657,416.5998782339517,943.477788820715,0.478160174688363,63,14.611239875253274,0.05166222446589142,0.03216580326532666,0.7643463897387786,1,IND_FLARE,TIER_A,weak_rule,0.88
TA-INDFLARE-040,FAC-TN-MANALI-01,GRP_TN_01,1047.4995268905438,1,100.34916573178288,50.08249362635797,13.176315150450334,381.1031851171277,370.56066524847824,0.41760336451397034,90,34.592108578861584,0.06945377392479163,0.002881196723277102,0.7738032466943253,1,IND_FLARE,TIER_A,weak_rule,0.88
TA-INDFLARE-041,FAC-PUN-BATHINDA-01,GRP_PUN_01,840.3572697169169,1,35.645889249942414,41.12878702606496,14.411882549313454,391.43705589705473,1384.2724435126988,0.6041400157758836,11,114.8052849511792,0.12441094278225483,0.00257683145570069,0.763150392488402,1,IND_FLARE,TIER_A,weak_rule,0.88
TA-INDFLARE-042,FAC-GUJ-JAMNAGAR-01,GRP_GUJ_01,1311.694483149414,1,48.40653736813026,122.58633755334196,47.49338273061147,383.0907952458901,725.3385792287212,0.6108421554573613,42,67.15354525438732,0.13634912410602013,0.010590388602450401,0.7070071092890446,1,IND_FLARE,TIER_A,weak_rule,0.88
TA-INDFLARE-043,FAC-GUJ-HAZIRA-01,GRP_GUJ_02,1122.8500489098003,1,182.02205533553155,146.56728359376734,45.672269142266344,396.8580153541919,602.1885049470378,0.4217992876889094,41,163.9803458230729,0.05709926165593838,0.026682506370813153,0.7577778666654728,1,IND_FLARE,TIER_A,weak_rule,0.88
TA-INDFLARE-044,FAC-ODI-PARADEEP-01,GRP_ODI_01,545.8704807914543,1,212.34362075744153,76.16263850392022,52.47885548557134,398.6292894527435,1145.3039063328504,0.4460699854366418,26,80.99450889340798,0.06208952558679368,0.02812623637321772,0.7163822294948676,1,IND_FLARE,TIER_A,weak_rule,0.88
TA-INDFLARE-045,FAC-GUJ-DAHEJ-01,GRP_GUJ_03,34.1676524918781,1,134.5815289959531,94.69300816152571,47.22075804707563,358.0432673132351,303.9333726975287,0.4190055878009791,72,175.83935663383195,0.07489522235539837,0.032730398306051095,0.8554539837037718,1,IND_FLARE,TIER_A,weak_rule,0.88
TA-INDFLARE-046,FAC-ODI-PARADEEP-01,GRP_ODI_01,1147.4073322428164,1,119.31457972598037,116.59859758426269,48.4642247569026,373.7787548525795,1102.365088693228,0.45565285049959803,17,152.6642738062292,0.07324744818811986,0.04584496948471834,0.8126410566054065,1,IND_FLARE,TIER_A,weak_rule,0.88
TA-INDFLARE-047,FAC-GUJ-JAMNAGAR-01,GRP_GUJ_01,790.6771789520784,1,202.0201644884093,14.669874596555028,53.442740339276845,334.60886744865917,21.499130767878995,0.39124745914908804,80,52.44384537587633,0.10607543455551897,0.0004570730845330884,0.8017198759079195,1,IND_FLARE,TIER_A,weak_rule,0.88
TA-INDFLARE-048,FAC-TN-MANALI-01,GRP_TN_01,100.07067718039814,1,154.50394765551474,149.62288421238614,59.4597173756619,392.632012489037,35.40886910139896,0.509663745503821,52,7.429448466217949,0.07941264702624759,0.0137370368598916,0.9432438044697535,1,IND_FLARE,TIER_A,weak_rule,0.88
TA-INDFLARE-049,FAC-GUJ-JAMNAGAR-01,GRP_GUJ_01,758.3018880457003,1,168.6947419872267,70.59999376213794,61.17170646243251,347.03034989659903,1378.0566805550088,0.5073156203677449,30,44.346071683280705,0.07896839781003243,0.04076071953566413,0.7301974210029908,1,IND_FLARE,TIER_A,weak_rule,0.88
TA-INDFLARE-050,FAC-PUN-BATHINDA-01,GRP_PUN_01,127.7386732835087,1,230.3942794190531,75.06264605153606,16.94370128124801,396.2374500293764,458.3622648258055,0.5984186236140142,10,139.0158225096264,0.12873287385317808,0.037979292508842244,0.6780501516281329,1,IND_FLARE,TIER_A,weak_rule,0.88
TA-INDFLARE-051,FAC-PUN-BATHINDA-01,GRP_PUN_01,571.9826570415879,1,116.3372036311263,102.96944786223528,46.13066702621324,337.8551816380512,1269.850734276008,0.5434721725829906,42,121.00060872996217,0.1286940470045504,0.004768091773536504,0.8084477556924944,1,IND_FLARE,TIER_A,weak_rule,0.88
TA-INDFLARE-052,FAC-GUJ-JAMNAGAR-01,GRP_GUJ_01,352.3520806805149,1,216.70041832980203,111.6891708548816,37.49079333390495,355.7540300072982,1387.1489887135467,0.5553286230390925,35,189.35888842732678,0.08452647960719753,0.0016450890076735948,0.9286299083763978,1,IND_FLARE,TIER_A,weak_rule,0.88
TA-INDFLARE-053,FAC-TN-MANALI-01,GRP_TN_01,33.33056183598258,1,52.88931523666174,25.638075121521574,53.61386208427827,407.985726839588,1394.1659110969526,0.4397830668742587,72,54.296799832378795,0.1251975840137628,0.019457830368367943,0.9189577301008158,1,IND_FLARE,TIER_A,weak_rule,0.88
TA-INDFLARE-054,FAC-TN-MANALI-01,GRP_TN_01,581.9308589835301,1,178.57986033728972,127.10819938176154,45.27121936518242,337.45063064676015,1121.2393631472669,0.4537578494556913,12,94.60309183291733,0.12580119864197623,0.017029637323755297,0.8807016960096327,1,IND_FLARE,TIER_A,weak_rule,0.88
TA-INDFLARE-055,FAC-PUN-BATHINDA-01,GRP_PUN_01,1453.6915855303168,1,81.02488868677358,102.55730274254338,51.255306825259346,372.8022685021708,351.4699241030742,0.5159113174851451,48,93.52882897910666,0.10195422871322384,0.033033595375743775,0.6757082352910208,1,IND_FLARE,TIER_A,weak_rule,0.88
TA-INDFLARE-056,FAC-ODI-PARADEEP-01,GRP_ODI_01,1199.1022089660923,1,172.29361371209902,15.879967518684325,11.29303120546042,397.60932970396857,955.2445123610198,0.5718965866929784,40,78.94354676338239,0.013728064304435865,0.04714801136712263,0.7834207594988886,1,IND_FLARE,TIER_A,weak_rule,0.88
TA-INDFLARE-057,FAC-ODI-PARADEEP-01,GRP_ODI_01,162.32480702873636,1,24.6021468358074,70.66378400823814,36.868549546047966,378.6818805989936,165.699875884337,0.37688565258811624,70,24.078173394274202,0.08970656966914092,0.016221516528620635,0.7655713752187951,1,IND_FLARE,TIER_A,weak_rule,0.88
TA-INDFLARE-058,FAC-ODI-PARADEEP-01,GRP_ODI_01,626.5770039545098,1,187.88390892735933,116.80048351346224,37.03057065591723,424.30936901216535,373.20087029842364,0.5063313592290497,87,83.05006481519234,0.020826008843912513,0.015056563268753438,0.7979371826632354,1,IND_FLARE,TIER_A,weak_rule,0.88
TA-INDFLARE-059,FAC-GUJ-HAZIRA-01,GRP_GUJ_02,259.13902713110764,1,69.12700169816725,50.06110386568543,51.19933063450833,364.3068666675052,1417.0027758995147,0.5662698357366778,63,126.73031159801113,0.029332233732039067,0.0053486183790451,0.7413973987253771,1,IND_FLARE,TIER_A,weak_rule,0.88
TA-INDFLARE-060,FAC-PUN-BATHINDA-01,GRP_PUN_01,505.00365081432415,1,150.3653563384267,129.24000452730905,22.425898983733024,361.7999412559609,1225.4274993644688,0.6078525401302506,76,32.905516673544284,0.048099773306263145,0.04736394610080581,0.7102554466106216,1,IND_FLARE,TIER_A,weak_rule,0.88
TA-INDFLARE-061,FAC-TN-MANALI-01,GRP_TN_01,274.6795342655196,1,97.9845414803859,53.10461337683617,48.16452220551534,390.12573388699957,1452.0314711996045,0.5845923108810729,41,82.09133697645015,0.12247417731493696,0.019646756486972995,0.6841663470835995,1,IND_FLARE,TIER_A,weak_rule,0.88
TA-INDFLARE-062,FAC-MAH-TROMBAY-01,GRP_MAH_01,892.4182810330743,1,132.768464166394,110.02888340142377,36.43129646933952,420.5354380911981,698.8938675757249,0.562510115376819,56,168.52553181143773,0.12469227130655415,0.0034579335968813133,0.9043363790116984,1,IND_FLARE,TIER_A,weak_rule,0.88
TA-INDFLARE-063,FAC-PUN-BATHINDA-01,GRP_PUN_01,1012.7367020693554,1,36.84627295633633,50.544724874178485,17.54528699312432,344.6436072733064,641.6143972139524,0.4630972454114969,57,208.09362595957845,0.07188520496589393,0.020040254866468682,0.8019837929088527,1,IND_FLARE,TIER_A,weak_rule,0.88
TA-INDFLARE-064,FAC-PUN-BATHINDA-01,GRP_PUN_01,820.0313530473418,1,190.61013642362516,59.44613040355281,58.36434622541709,381.00606867233586,961.6123861121316,0.3754945802152963,31,139.80833713905696,0.05325132291727344,0.03234999239917021,0.6632890080583549,1,IND_FLARE,TIER_A,weak_rule,0.88
TA-INDFLARE-065,FAC-PUN-BATHINDA-01,GRP_PUN_01,1450.5485890172224,1,82.25682169131306,128.0082771150881,8.227479026986536,339.3676230652641,342.3376063696015,0.5740559082898448,71,124.00625058242085,0.08628530974056392,0.022288927575245338,0.7673402506032508,1,IND_FLARE,TIER_A,weak_rule,0.88
TA-INDFLARE-066,FAC-GUJ-DAHEJ-01,GRP_GUJ_03,524.0014075232823,1,9.79678611408156,19.414249206951684,27.914439711382748,421.3641472395972,184.7111748829543,0.6322028474438579,18,76.40737372590243,0.05146000212654392,0.039213499876434854,0.8063344489401415,1,IND_FLARE,TIER_A,weak_rule,0.88
TA-INDFLARE-067,FAC-TN-MANALI-01,GRP_TN_01,719.4821715016536,1,107.40716143243439,112.39183268721557,21.75075161282398,358.5250879022843,1217.5566741350228,0.38452558000963577,43,137.8338330419313,0.1015708999336326,0.008217704642535162,0.9451701411764833,1,IND_FLARE,TIER_A,weak_rule,0.88
TA-INDFLARE-068,FAC-MAH-TROMBAY-01,GRP_MAH_01,778.8309138263413,1,134.25082839870473,54.96537592184756,28.574455859976826,373.8951449619701,1199.0606129967464,0.5389280956636037,23,136.298169715316,0.06482016786439238,0.001459613717119529,0.8342320812115759,1,IND_FLARE,TIER_A,weak_rule,0.88
TA-INDFLARE-069,FAC-MAH-TROMBAY-01,GRP_MAH_01,679.866766947379,1,105.37447050038905,3.698656802203434,15.139552671963825,356.44275889896545,1059.1944980873907,0.5888024152723634,73,25.85916998906419,0.13079689950148277,0.00934799178160467,0.7477954734796456,1,IND_FLARE,TIER_A,weak_rule,0.88
TA-INDFLARE-070,FAC-HAR-PANIPAT-01,GRP_HAR_01,179.79290635069125,1,162.28553706096278,79.84898467251105,62.835691396768354,359.77339045489003,590.2952202381709,0.46776320171431757,14,76.32455067453465,0.12682767040043388,0.03086813396682125,0.8941214762782801,1,IND_FLARE,TIER_A,weak_rule,0.88
TA-INDFLARE-071,FAC-ODI-PARADEEP-01,GRP_ODI_01,1378.8370439081036,1,143.279734134685,108.52128282956629,21.38729479897182,352.6644090116851,186.01996910847893,0.46199182128929317,18,109.71909824486798,0.06273586593168878,0.006893364926727874,0.7651129888513061,1,IND_FLARE,TIER_A,weak_rule,0.88
TA-INDFLARE-072,FAC-GUJ-DAHEJ-01,GRP_GUJ_03,735.1386213816512,1,130.82150771953292,147.30827648420507,60.599128544283076,346.4573062041155,260.29589945515494,0.4366504322148037,23,69.48890300547308,0.06765014561199767,0.002680563131541841,0.7577117516514107,1,IND_FLARE,TIER_A,weak_rule,0.88
TA-INDFLARE-073,FAC-GUJ-JAMNAGAR-01,GRP_GUJ_01,732.0672899740689,1,50.050324025682805,63.279235611268625,37.160461910779134,392.04162725822727,620.7919103713976,0.49751776400721914,90,177.17781943075065,0.07330492679095284,0.004133531289323345,0.6592582116929014,1,IND_FLARE,TIER_A,weak_rule,0.88
TA-INDFLARE-074,FAC-MAH-TROMBAY-01,GRP_MAH_01,445.21396524247285,1,68.86528871255402,87.40455305815665,12.18127006722243,373.44553179097767,1116.867158871523,0.5797758664831072,70,109.71522594398449,0.08590710809179393,0.013394445469645045,0.8129318546279135,1,IND_FLARE,TIER_A,weak_rule,0.88
TA-INDFLARE-075,FAC-TN-MANALI-01,GRP_TN_01,817.6446348852684,1,182.60155321523607,122.32064855009241,29.52677781278962,350.761483825957,644.6301738649282,0.5707966092901022,83,159.0258264224528,0.044656340265434046,0.04996563346394539,0.7849197028491242,1,IND_FLARE,TIER_A,weak_rule,0.88
TA-INDFLARE-076,FAC-TN-MANALI-01,GRP_TN_01,1294.677441991311,1,24.527989414487003,138.8506038490784,8.954012682680851,407.1294466965636,324.29871337358384,0.5712838946012941,88,76.87932242836789,0.10661309392406992,0.03163853154635692,0.6997944853070778,1,IND_FLARE,TIER_A,weak_rule,0.88
TA-INDFLARE-077,FAC-GUJ-DAHEJ-01,GRP_GUJ_03,1179.4254718561715,1,195.99304825692235,129.45415745913368,37.699720895117395,380.5666757501891,900.1242365962833,0.4005132093809253,90,64.99011307443168,0.08591033697203888,0.047619867271936255,0.8043244965050108,1,IND_FLARE,TIER_A,weak_rule,0.88
TA-INDFLARE-078,FAC-GUJ-HAZIRA-01,GRP_GUJ_02,212.02747057773362,1,181.02221621143136,67.6206070277593,5.264653794637883,356.34573588050546,987.9736604452846,0.5604279582189294,16,56.18383459731866,0.10670922732587536,0.04142409013493163,0.8784420762439571,1,IND_FLARE,TIER_A,weak_rule,0.88
TA-INDFLARE-079,FAC-PUN-BATHINDA-01,GRP_PUN_01,739.2935016143002,1,140.2724249157821,45.18859287773529,27.80329317467989,372.9392136422846,954.8381118652429,0.614037524392197,11,87.58440852687329,0.1124703574309785,0.03473518078637723,0.9131952070498567,1,IND_FLARE,TIER_A,weak_rule,0.88
TA-INDFLARE-080,FAC-HAR-PANIPAT-01,GRP_HAR_01,1425.87857750942,1,81.24027011797955,3.3882743672916047,50.65759094279352,399.60878252125127,1099.626722980735,0.48753477700391534,85,147.9442404466544,0.1275159359686047,0.039783896332392266,0.7693147604565991,1,IND_FLARE,TIER_A,weak_rule,0.88
TA-INDFLARE-081,FAC-PUN-BATHINDA-01,GRP_PUN_01,1239.022994977673,1,120.75272762309531,53.68982848562261,19.50816032623836,381.9945008673049,206.32424445762814,0.6057267728865249,43,188.301704897904,0.11433810336337527,0.0022971462829316893,0.8378538566467681,1,IND_FLARE,TIER_A,weak_rule,0.88
TA-INDFLARE-082,FAC-HAR-PANIPAT-01,GRP_HAR_01,34.25921503538918,1,223.34615858201516,27.80341185094336,30.488901634089057,424.22463268796366,648.5653596896639,0.6487082206202862,16,185.84029162860978,0.04527982565646333,0.0437211684632024,0.9129785111710864,1,IND_FLARE,TIER_A,weak_rule,0.88
TA-INDFLARE-083,FAC-GUJ-HAZIRA-01,GRP_GUJ_02,985.3360669840032,1,63.09186973758969,61.379471520542225,58.89131707106428,345.72488252013767,601.756251595163,0.4416527734532692,89,159.8225921988449,0.06438464111330199,0.004559959360844657,0.678555103393837,1,IND_FLARE,TIER_A,weak_rule,0.88
TA-INDFLARE-084,FAC-MAH-TROMBAY-01,GRP_MAH_01,720.441995308762,1,35.31715092143684,38.511965249126746,44.678903045220274,330.88226002280373,1047.0484956446164,0.5951327080739895,54,147.2763552300327,0.07165503621566478,0.011447343372952163,0.6767993242981212,1,IND_FLARE,TIER_A,weak_rule,0.88
TA-INDFLARE-085,FAC-GUJ-HAZIRA-01,GRP_GUJ_02,163.7702844805545,1,90.74455875093788,49.9830864036776,25.802786667754802,407.26995275579384,1313.2519755819558,0.5424728445550951,86,34.28487870115324,0.07957624148200214,0.0004237370976504784,0.845006063947342,1,IND_FLARE,TIER_A,weak_rule,0.88
TA-INDFLARE-086,FAC-HAR-PANIPAT-01,GRP_HAR_01,533.2697010518887,1,54.281086535952134,120.47820731077891,59.91327691557689,388.5272211970671,670.2671977253574,0.4151734033674479,12,33.70269402303812,0.01847358337369625,0.03650045744479891,0.7554606921149388,1,IND_FLARE,TIER_A,weak_rule,0.88
TA-INDFLARE-087,FAC-PUN-BATHINDA-01,GRP_PUN_01,478.61046559143233,1,36.99992455897915,46.483922140340724,6.849793465872153,382.57268001954935,904.8117064320691,0.5322779296746569,88,10.499003259970834,0.12706050313085918,0.04379135940285375,0.7116337154457326,1,IND_FLARE,TIER_A,weak_rule,0.88
TA-INDFLARE-088,FAC-MAH-TROMBAY-01,GRP_MAH_01,1124.2870250620617,1,73.74792409312774,11.567353569394715,58.517447582668844,420.69379357797953,748.3929272755811,0.3838230987811425,63,135.8068776261479,0.010651800254307486,0.044436226404345386,0.6536201037173328,1,IND_FLARE,TIER_A,weak_rule,0.88
TA-INDFLARE-089,FAC-TN-MANALI-01,GRP_TN_01,1401.5473584945817,1,35.14795985291768,138.14779861806934,37.59215468708302,364.71418397056937,1028.2177689156101,0.5788177813686757,9,8.421327363025522,0.010129885390915078,0.013109263858103355,0.6619480585811569,1,IND_FLARE,TIER_A,weak_rule,0.88
TA-INDFLARE-090,FAC-GUJ-JAMNAGAR-01,GRP_GUJ_01,1423.5331954512155,1,97.92210563689547,47.97858461503385,46.75194633242941,402.8754500632438,642.2799499354826,0.47068322319335,81,114.99578729435315,0.0924070583500122,0.013873386786728004,0.7429720656849925,1,IND_FLARE,TIER_A,weak_rule,0.88
TA-INDFLARE-091,FAC-MAH-TROMBAY-01,GRP_MAH_01,1461.7269426882976,1,40.6690029694742,54.29979651678238,38.73875985128942,402.5062924569846,978.9612250731204,0.5429463708388398,39,148.22855572912573,0.10949375661473122,0.042323405757038815,0.6673717832069391,1,IND_FLARE,TIER_A,weak_rule,0.88
TA-INDFLARE-092,FAC-GUJ-HAZIRA-01,GRP_GUJ_02,1387.6953539802175,1,31.372833244470907,99.13059672405338,4.9943173500889415,393.2775599916345,991.1819125272286,0.40269377109283877,1,150.11962445921014,0.1052249416835799,0.008191631546770379,0.9359048605264093,1,IND_FLARE,TIER_A,weak_rule,0.88
TA-INDFLARE-093,FAC-ODI-PARADEEP-01,GRP_ODI_01,258.7748017466474,1,33.95562336554546,125.63646485010705,18.5665448869871,414.2094021753623,1159.8882722485614,0.358806875351841,54,60.756021979377515,0.009580798368472209,0.03561616241002477,0.8229955024142552,1,IND_FLARE,TIER_A,weak_rule,0.88
TA-INDFLARE-094,FAC-GUJ-HAZIRA-01,GRP_GUJ_02,749.2598777133575,1,124.54452354452935,11.703940402260189,56.06934620065442,345.8537323022659,246.07725187847555,0.5819986859773953,73,143.19468847043487,0.0173000405301203,0.03703899812282059,0.6507705518097533,1,IND_FLARE,TIER_A,weak_rule,0.88
TA-INDFLARE-095,FAC-GUJ-JAMNAGAR-01,GRP_GUJ_01,374.38166103148814,1,115.3364431403462,63.12777747568166,11.03037643331303,418.46020732993264,1287.937974248983,0.5158594365487593,83,90.97070739437369,0.04827030217080919,0.02081282992506577,0.8660863764284591,1,IND_FLARE,TIER_A,weak_rule,0.88
TA-INDFLARE-096,FAC-ODI-PARADEEP-01,GRP_ODI_01,1240.735523373274,1,138.88248717772012,21.74594595894536,44.256183011630576,335.003854163272,344.0993706945699,0.5047322392048251,5,200.58627852938767,0.010338965665911764,0.023254708895844307,0.7346920611862707,1,IND_FLARE,TIER_A,weak_rule,0.88
TA-INDFLARE-097,FAC-ODI-PARADEEP-01,GRP_ODI_01,497.6783733719172,1,134.52956929647996,4.251160248520517,14.242618244262696,383.56164037829774,464.21704921490743,0.5368152571676313,59,80.49609367770434,0.1457786617726393,0.049889355813195285,0.8827657867865765,1,IND_FLARE,TIER_A,weak_rule,0.88
TA-INDFLARE-098,FAC-MAH-TROMBAY-01,GRP_MAH_01,234.34390142189739,1,224.04581767893225,6.7539101882326875,35.88812019674408,390.41447475373394,1043.8696797584855,0.3528784460223993,42,5.299718309793438,0.09859557752639966,0.042450299388946094,0.8681645117122917,1,IND_FLARE,TIER_A,weak_rule,0.88
TA-INDFLARE-099,FAC-GUJ-HAZIRA-01,GRP_GUJ_02,315.73961562978906,1,236.01531508719586,68.91108719444671,62.53525136637194,422.39312741690225,223.851745984993,0.43394758126071087,5,193.86125260928182,0.13459312078971888,0.02598796092460185,0.8602540729096039,1,IND_FLARE,TIER_A,weak_rule,0.88
TA-INDFLARE-100,FAC-TN-MANALI-01,GRP_TN_01,693.1024625307815,1,180.50425812629587,94.18098849807373,33.59466300515926,390.53548960310576,598.7947183798831,0.5275687290008829,7,94.17149007917199,0.14463274120991113,0.011838586737094826,0.728297281677083,1,IND_FLARE,TIER_A,weak_rule,0.88
TA-INDFLARE-101,FAC-TN-MANALI-01,GRP_TN_01,1389.8025081546386,1,96.73683033415111,133.60827404596208,22.216974617515987,373.0119959699795,359.6135052378094,0.6330664058090284,17,164.8870814061169,0.08770620537061934,0.007770527566096835,0.6993124942099305,1,IND_FLARE,TIER_A,weak_rule,0.88
TA-INDFLARE-102,FAC-HAR-PANIPAT-01,GRP_HAR_01,477.90959884005554,1,32.49386994896972,59.25112901216485,50.41638354349807,372.9321223071905,701.459733443944,0.6057446556983446,11,37.31115229843082,0.10290822644257729,0.04131933439698249,0.8590633949711228,1,IND_FLARE,TIER_A,weak_rule,0.88
TA-INDFLARE-103,FAC-GUJ-JAMNAGAR-01,GRP_GUJ_01,330.3809763157954,1,206.1512920063682,26.286836186948605,46.65849479110459,421.99800039675506,601.6117604674994,0.3646851852771268,38,58.3341925078509,0.14860149306118606,0.0015541046679379779,0.7713176679341524,1,IND_FLARE,TIER_A,weak_rule,0.88
TA-INDFLARE-104,FAC-HAR-PANIPAT-01,GRP_HAR_01,838.3711047070985,1,133.82853051249103,17.8718684877514,7.971116640027188,405.41192556381475,192.7224441900245,0.3685007553481437,28,31.796623696515482,0.12355101227825337,0.018611987190799883,0.8390892645811473,1,IND_FLARE,TIER_A,weak_rule,0.88
TA-INDFLARE-105,FAC-GUJ-HAZIRA-01,GRP_GUJ_02,877.6624641069541,1,65.0816739537801,130.60129338333746,2.8843116039019083,336.1248434244564,1354.9141699167228,0.4830293971507966,16,23.855620924688747,0.12709131519797015,0.04044436042441051,0.6867582977772422,1,IND_FLARE,TIER_A,weak_rule,0.88
TA-INDFLARE-106,FAC-HAR-PANIPAT-01,GRP_HAR_01,85.45017436373159,1,222.0950872260084,71.00555122647141,47.501358792799834,377.13200716525927,581.5014045880795,0.4779992055285138,45,49.016801723855465,0.028072667056674248,0.013992727714036191,0.9150271396680878,1,IND_FLARE,TIER_A,weak_rule,0.88
TA-INDFLARE-107,FAC-GUJ-JAMNAGAR-01,GRP_GUJ_01,925.0188008887548,1,149.60661081973618,104.62270887443059,33.179617234777695,413.8639645450966,724.7980237807099,0.37631646531770224,49,33.13338351207328,0.029918670999987993,0.044232625811248254,0.8077442174758339,1,IND_FLARE,TIER_A,weak_rule,0.88
TA-INDFLARE-108,FAC-GUJ-JAMNAGAR-01,GRP_GUJ_01,1484.2113874846855,1,188.5321209755203,59.38060124449771,36.07688068316228,376.0445511168483,1370.06340069837,0.5007179766631225,49,60.43931537763964,0.0039094451653334085,0.029855817637972605,0.6587910381609904,1,IND_FLARE,TIER_A,weak_rule,0.88
TA-INDFLARE-109,FAC-ODI-PARADEEP-01,GRP_ODI_01,97.3009331143966,1,238.0013923296147,86.12086983857276,50.19447769659233,424.96254594707784,1461.2820342594512,0.38004030119148724,84,54.43632300673451,0.08005343468817154,0.03956186060505341,0.8711180412528857,1,IND_FLARE,TIER_A,weak_rule,0.88
TA-INDFLARE-110,FAC-MAH-TROMBAY-01,GRP_MAH_01,867.781241843794,1,235.90885403889567,63.982335893096966,60.8855830378131,424.1964824892281,270.4835026714007,0.42096533982273826,40,170.2730961986746,0.104643984539937,0.04569900020642672,0.6584619709181477,1,IND_FLARE,TIER_A,weak_rule,0.88
TA-INDFLARE-111,FAC-TN-MANALI-01,GRP_TN_01,1421.8625152543227,1,137.01113088083372,91.40809586565089,13.452837721483775,423.8605899884411,1323.8600235278673,0.4976680171686216,39,40.989137370433404,0.005694561180014956,0.0028083988400635696,0.8304988359335265,1,IND_FLARE,TIER_A,weak_rule,0.88
TA-INDFLARE-112,FAC-GUJ-JAMNAGAR-01,GRP_GUJ_01,794.4082860812813,1,4.16130514658407,147.1097011895415,14.29298834286096,342.39650683382234,1078.8031974439343,0.6256342361921619,41,17.20897238323198,0.022156802847917195,0.03523481708661621,0.6924957993053641,1,IND_FLARE,TIER_A,weak_rule,0.88
TA-INDFLARE-113,FAC-GUJ-HAZIRA-01,GRP_GUJ_02,1271.2565224929106,1,207.11799411560597,153.80772379329397,25.223014535294197,419.48270527946397,600.6461967825352,0.3803096510542059,38,71.13365689644658,0.14637910070736393,0.03661760127123204,0.7810605148788747,1,IND_FLARE,TIER_A,weak_rule,0.88
TA-INDFLARE-114,FAC-HAR-PANIPAT-01,GRP_HAR_01,977.2785958107729,1,45.11183034550523,155.09263472430732,45.54108529157648,418.2402948536154,1183.0437873822184,0.4169711641941927,75,171.96311847081097,0.05675761622207972,0.03669974866826029,0.7383551794156769,1,IND_FLARE,TIER_A,weak_rule,0.88
TA-INDFLARE-115,FAC-GUJ-DAHEJ-01,GRP_GUJ_03,1095.9581243446385,1,227.9139925962239,151.94561109643476,26.366690632127725,424.4568974020249,1448.1937031478758,0.35971482287812623,77,70.23446693131949,0.1213210388655197,0.030569057621395307,0.8418940318350872,1,IND_FLARE,TIER_A,weak_rule,0.88
TA-INDFLARE-116,FAC-GUJ-HAZIRA-01,GRP_GUJ_02,1405.664812395839,1,37.191834883062135,120.01890251201124,16.612741246986705,423.3260672193339,261.8164761263572,0.6155960760185413,11,173.4406701128035,0.10050368566710802,0.036464297356699975,0.7507248396723641,1,IND_FLARE,TIER_A,weak_rule,0.88
TA-INDFLARE-117,FAC-GUJ-JAMNAGAR-01,GRP_GUJ_01,405.1665364386855,1,62.891643699925794,13.643780470084703,17.797779287962392,340.2632871153898,13.90636235209862,0.46578112938602295,53,203.66587414666546,0.1326827996380841,0.024654099673692382,0.7636137724322777,1,IND_FLARE,TIER_A,weak_rule,0.88
TA-INDFLARE-118,FAC-PUN-BATHINDA-01,GRP_PUN_01,161.12855385931118,1,117.15946309372988,138.65596311356657,42.83656725770581,395.2802384006259,254.03288948175071,0.37211281686841224,4,65.45626568880668,0.047807536193498625,0.04758310657170603,0.6722601205299978,1,IND_FLARE,TIER_A,weak_rule,0.88
TA-INDFLARE-119,FAC-GUJ-DAHEJ-01,GRP_GUJ_03,1333.0175889241118,1,41.97346079907177,14.77538010393277,61.30646811448696,422.91394467536315,514.8704693609284,0.645582830042343,61,149.42345255131724,0.06469850012187911,0.032681758763267545,0.8321952876964657,1,IND_FLARE,TIER_A,weak_rule,0.88
TA-INDFLARE-120,FAC-PUN-BATHINDA-01,GRP_PUN_01,244.08462822286825,1,27.89684338970721,35.27142484471613,13.564000356862476,396.2336868616989,1086.3926996086054,0.568992201701087,33,140.42256800615957,0.04461009715223492,0.00479579607011208,0.7678706643844466,1,IND_FLARE,TIER_A,weak_rule,0.88
TA-INDFLARE-121,FAC-HAR-PANIPAT-01,GRP_HAR_01,238.84900242993396,1,89.15562540963644,70.13413531897702,20.20389000935464,392.8919214709374,905.1207056844879,0.40990244022828387,3,47.4253614993438,0.0957285988611856,0.048852884799963275,0.7920711953426206,1,IND_FLARE,TIER_A,weak_rule,0.88
TA-INDFLARE-122,FAC-GUJ-HAZIRA-01,GRP_GUJ_02,469.44656617541676,1,97.80229424791702,79.78819950294319,43.47604347637131,338.6580033673145,821.6595314788843,0.40546436616261416,48,80.72734131104873,0.06686629061916871,0.013164798334144212,0.7895173868463952,1,IND_FLARE,TIER_A,weak_rule,0.88
TA-INDFLARE-123,FAC-MAH-TROMBAY-01,GRP_MAH_01,1257.247340680341,1,137.16219474782713,26.72751588449564,45.725905391456536,339.18674899743644,1006.1940667596576,0.5924540472212039,52,203.99463512058304,0.08845896634554053,0.027680095307895444,0.9022391499290752,1,IND_FLARE,TIER_A,weak_rule,0.88
TA-INDFLARE-124,FAC-PUN-BATHINDA-01,GRP_PUN_01,1448.7852790796492,1,166.1480320437773,150.0087453912752,37.867357455082384,352.38599185083,456.69193820271715,0.4684413095625725,4,107.93080141469899,0.13506825922073876,0.040022516836034285,0.8532604656728091,1,IND_FLARE,TIER_A,weak_rule,0.88
TA-INDFLARE-125,FAC-GUJ-DAHEJ-01,GRP_GUJ_03,189.2199933855956,1,182.69654633084966,30.14199873061963,64.00736738081994,422.3556634420869,1214.9895533232122,0.3878557995915619,54,21.065547038595263,0.10246882040283818,0.010095963998611724,0.896769209863006,1,IND_FLARE,TIER_A,weak_rule,0.88
TA-INDFLARE-126,FAC-GUJ-DAHEJ-01,GRP_GUJ_03,1252.8210968272463,1,64.86118095711527,145.9963042598603,59.55004499306025,336.3661355396182,589.4915396859491,0.46920649830711075,41,180.60795703248058,0.0779532266313104,0.045858095539162404,0.6537091391978055,1,IND_FLARE,TIER_A,weak_rule,0.88
TA-INDFLARE-127,FAC-PUN-BATHINDA-01,GRP_PUN_01,177.65307551264138,1,39.31558742355658,91.95524654765171,38.49999501673105,421.65900814731975,161.10354876736625,0.3816904460549736,12,166.07785421348387,0.1301212901647763,0.04400678923125162,0.9133680688088164,1,IND_FLARE,TIER_A,weak_rule,0.88
TA-INDFLARE-128,FAC-ODI-PARADEEP-01,GRP_ODI_01,580.7347745868087,1,118.59801097957404,98.60705785653232,3.879070076604803,356.1643434933016,226.0527738924905,0.5325965792256881,88,87.35257914625419,0.05936891163465477,0.04394788158368099,0.8571541262512936,1,IND_FLARE,TIER_A,weak_rule,0.88
TA-INDFLARE-129,FAC-GUJ-JAMNAGAR-01,GRP_GUJ_01,1121.1672315603128,1,221.31705596585502,143.83392385745935,2.7847884256727644,407.65166290400134,462.9457707307678,0.43410399595539245,62,180.93813056288272,0.10272780407020903,0.04862483213428409,0.7183872240805302,1,IND_FLARE,TIER_A,weak_rule,0.88
TA-INDROUTINE-000,FAC-JHK-BOKARO-01,GRP_JHK_02,1753.8527700399256,4,24.816595242563448,31.468374941740645,3.269568773054725,331.6709091082153,1295.3629651181568,0.4375871381785223,27,54.979102714286945,0.06107555412606685,0.0484460329707662,0.8049504254770032,1,IND_ROUTINE,TIER_A,weak_rule,0.88
TA-INDROUTINE-001,FAC-CHH-KORBA-01,GRP_CHH_01,1479.621132393244,3,28.727617881437983,6.461466598962517,3.7679209648024603,335.2718110094622,281.6718441819149,0.5702590681974384,72,3.6789932405707697,0.02891451702473373,0.08329299330765513,0.9010930032826084,1,IND_ROUTINE,TIER_A,weak_rule,0.88
TA-INDROUTINE-002,FAC-JHK-JAMSHEDPUR-01,GRP_JHK_01,69.19716966929361,4,3.5403130677140044,14.014065566836093,2.4293617801668566,329.73407710299085,934.8663060083331,0.47938845550329956,15,41.50811290571589,0.036290714188441736,0.04887867390665679,0.7838310297822587,1,IND_ROUTINE,TIER_A,weak_rule,0.88
TA-INDROUTINE-003,FAC-TEL-RAMAGUNDAM-01,GRP_TEL_01,1060.515644676144,2,19.75698666914028,6.631760544419407,10.739178447730735,344.95844537939735,1381.434868780517,0.4570138752869524,49,4.879760484759723,0.12807319898783198,0.07798301351436794,0.7142955761934322,1,IND_ROUTINE,TIER_A,weak_rule,0.88
TA-INDROUTINE-004,FAC-JHK-JAMSHEDPUR-01,GRP_JHK_01,1168.8100062530527,4,37.53108233813062,10.59063422258589,4.943610998121728,315.802094299981,1563.243684550159,0.5535145456823702,1,29.497637978702002,0.019847113617552307,0.017320065648214478,0.8902594424973362,1,IND_ROUTINE,TIER_A,weak_rule,0.88
TA-INDROUTINE-005,FAC-JHK-JAMSHEDPUR-01,GRP_JHK_01,461.7788900355661,4,44.43563785039536,11.954738689420878,11.6059420982521,340.7096124516066,854.5279197113227,0.47529509045420015,44,28.621885095655358,0.03273135811093972,0.0302145091274352,0.8061913694984707,1,IND_ROUTINE,TIER_A,weak_rule,0.88
TA-INDROUTINE-006,FAC-KAR-BELLARY-01,GRP_KAR_01,720.9030465500952,4,6.345315980898129,19.681764405061315,7.965147657688714,348.73135800343107,755.9687691642101,0.529468424012918,77,18.395258913275626,0.10266197037857532,0.04817384188163061,0.7508850961663447,1,IND_ROUTINE,TIER_A,weak_rule,0.88
TA-INDROUTINE-007,FAC-JHK-BOKARO-01,GRP_JHK_02,1156.6645946502338,4,47.492844733649214,10.293009047243633,8.547570618082911,350.6949519072373,605.996730494945,0.4299858592708313,30,54.181848595238705,0.12081447339502946,0.08023637444528116,0.8300099903436715,1,IND_ROUTINE,TIER_A,weak_rule,0.88
TA-INDROUTINE-008,FAC-CHH-KORBA-01,GRP_CHH_01,1228.5527931934134,3,39.89354930951949,25.07752139234156,11.969755739960636,325.37705090847953,844.108583929707,0.47765498420109165,4,35.81537473997473,0.14921305951331826,0.0816014701052868,0.752950114890672,1,IND_ROUTINE,TIER_A,weak_rule,0.88
TA-INDROUTINE-009,FAC-JHK-JAMSHEDPUR-01,GRP_JHK_01,1238.5094185694816,4,35.396596571366636,18.340070065071757,11.290982057741495,329.3398852668151,608.7873191587139,0.43399733281230735,84,52.83669749184241,0.027170378670600116,0.009760306381270935,0.6883832419088161,1,IND_ROUTINE,TIER_A,weak_rule,0.88
TA-INDROUTINE-010,FAC-JHK-BOKARO-01,GRP_JHK_02,1308.084080419954,4,31.099515761063746,34.72342860598164,11.36573439331772,350.9836463140346,1313.0160729700924,0.44445070230258016,28,45.164175901882864,0.046062790699831276,0.07880904368075993,0.749395141091233,1,IND_ROUTINE,TIER_A,weak_rule,0.88
TA-INDROUTINE-011,FAC-JHK-BOKARO-01,GRP_JHK_02,1058.1715444203578,4,25.935826047776587,4.916805171557672,0.6914396051570819,340.37586974608143,1165.6624595915553,0.5241309390533204,60,53.58671156528249,0.07507160617390565,0.086749775469823,0.7645007659416762,1,IND_ROUTINE,TIER_A,weak_rule,0.88
TA-INDROUTINE-012,FAC-JHK-BOKARO-01,GRP_JHK_02,749.4619846848467,4,48.00002373233285,6.154191916072346,11.908556842010798,328.70679539716,1974.536899566459,0.5785690246621086,58,10.307000833379032,0.1293590915005674,0.018035676910684386,0.6742434400787521,1,IND_ROUTINE,TIER_A,weak_rule,0.88
TA-INDROUTINE-013,FAC-CHH-KORBA-01,GRP_CHH_01,1139.5486623502243,3,10.383875247739573,24.293711343225162,0.1063263420167265,325.94111448806,1525.2522430554184,0.43372115131658157,20,30.39547125654095,0.11453537506582488,0.00880413437590446,0.8343439216175186,1,IND_ROUTINE,TIER_A,weak_rule,0.88
TA-INDROUTINE-014,FAC-CHH-BHILAI-01,GRP_CHH_02,732.0743299123312,4,53.1207689350478,14.874365752004776,0.5008175557755089,322.9765700491247,753.7255939896136,0.40281542374492646,41,45.89716880267309,0.07965506783564764,0.0017916125630946023,0.651237150192306,1,IND_ROUTINE,TIER_A,weak_rule,0.88
TA-INDROUTINE-015,FAC-JHK-JAMSHEDPUR-01,GRP_JHK_01,415.0156232074594,4,48.332594331083875,12.203459768257325,1.2773632689075771,335.1334591474148,620.5568030777285,0.41305740449405287,5,19.295730702660048,0.043624168771422986,0.07278319114468128,0.8289109755846507,1,IND_ROUTINE,TIER_A,weak_rule,0.88
TA-INDROUTINE-016,FAC-CHH-KORBA-01,GRP_CHH_01,786.2607617637033,3,38.023484383185234,5.517103629950294,11.953860030483723,334.6071473834666,1503.2297775342386,0.43297670177829917,51,3.1092345211525263,0.033648204498554185,0.09848795244932605,0.7133570687489434,1,IND_ROUTINE,TIER_A,weak_rule,0.88
TA-INDROUTINE-017,FAC-MAH-CHANDRAPUR-01,GRP_MAH_02,1065.5501742906424,2,9.958973010445975,14.247179427494318,7.8239575424486345,316.4945371077038,1754.5697455477589,0.4511578347850586,68,38.14181708408924,0.08908861018122757,0.004796037571109768,0.6824340350633136,1,IND_ROUTINE,TIER_A,weak_rule,0.88
TA-INDROUTINE-018,FAC-MAH-CHANDRAPUR-01,GRP_MAH_02,96.34075108656323,2,7.075808587590121,17.161785835471125,1.5269610027970706,325.10953172278295,1407.314011129861,0.44109898313163526,87,38.55805772945034,0.04516746821351884,0.06616645760907221,0.848744889766669,1,IND_ROUTINE,TIER_A,weak_rule,0.88
TA-INDROUTINE-019,FAC-JHK-BOKARO-01,GRP_JHK_02,1124.8080204731632,4,38.77936796422498,16.20596569142846,10.788532003788092,335.4633914586205,1239.983534649434,0.45654135363401854,13,30.86886566520859,0.09135027140350943,0.0777958916597023,0.8994496461521374,1,IND_ROUTINE,TIER_A,weak_rule,0.88
TA-INDROUTINE-020,FAC-JHK-JAMSHEDPUR-01,GRP_JHK_01,650.6800874259455,4,23.008787694633266,6.514009948653831,6.600258226554383,351.4142650984806,1380.1493839252828,0.4961327885547334,30,2.158803945328776,0.10074496986978072,0.09068800442697922,0.9005696495789723,1,IND_ROUTINE,TIER_A,weak_rule,0.88
TA-INDROUTINE-021,FAC-TEL-RAMAGUNDAM-01,GRP_TEL_01,276.96864187351133,2,5.682480907815107,19.688950511174706,8.696585221936823,319.0516191437183,520.7135002683217,0.4462320572983492,37,17.319251320720365,0.007512029371942097,0.08131784139178827,0.9122421347486478,1,IND_ROUTINE,TIER_A,weak_rule,0.88
TA-INDROUTINE-022,FAC-JHK-BOKARO-01,GRP_JHK_02,654.7842486564591,4,37.48074603489581,16.474820239061543,1.435017591232297,349.049836027087,1781.9005189480445,0.401934465545414,17,40.47459159446895,0.0255768414534563,0.03575274042377443,0.7813143550345805,1,IND_ROUTINE,TIER_A,weak_rule,0.88
TA-INDROUTINE-023,FAC-KAR-BELLARY-01,GRP_KAR_01,490.2738234584868,4,40.53228263734252,14.473330747791831,4.145536536986302,319.55327999614997,807.6974492450962,0.4913077373382942,49,42.01434100671821,0.07173675164569067,0.04217398214999324,0.9158371660044258,1,IND_ROUTINE,TIER_A,weak_rule,0.88
TA-INDROUTINE-024,FAC-ODI-ROURKELA-01,GRP_ODI_03,212.37123591598655,4,38.53240714498968,2.6992398374441517,11.312480506598805,321.3758158992866,839.0631006622224,0.5181500605980677,72,41.34680190245392,0.027189084080595314,0.037975077911588766,0.757579674448129,1,IND_ROUTINE,TIER_A,weak_rule,0.88
TA-INDROUTINE-025,FAC-MAH-CHANDRAPUR-01,GRP_MAH_02,1554.0106363981276,2,48.49330336040762,27.772948801548566,10.706565477783464,334.32318625461994,982.3880806604004,0.5775187856127086,56,4.6663948720208595,0.03924193008427348,0.031423794487387094,0.8613704529441869,1,IND_ROUTINE,TIER_A,weak_rule,0.88
TA-INDROUTINE-026,FAC-TN-TUTICORIN-01,GRP_TN_02,1383.8764057389394,2,32.05437624028717,21.687958463277177,11.735851912732041,341.7937743285726,684.5416758356254,0.5046206350449348,89,37.85786293092402,0.06492718606633684,0.07266519684238508,0.7945789031961921,1,IND_ROUTINE,TIER_A,weak_rule,0.88
TA-INDROUTINE-027,FAC-CHH-BHILAI-01,GRP_CHH_02,276.0914695402167,4,45.59292985396279,33.95232056112726,7.374322434902675,315.46579469543656,1869.5303837952881,0.5011135143769466,60,51.408526783871835,0.1304123451919152,0.0074865242476984785,0.7974943883433203,1,IND_ROUTINE,TIER_A,weak_rule,0.88
TA-INDROUTINE-028,FAC-JHK-JAMSHEDPUR-01,GRP_JHK_01,602.301768113372,4,15.876116460032826,19.509849957015323,6.628422058281614,330.14550370075614,1636.4013717709481,0.41576611915095835,56,48.47315468814988,0.06721478784980607,0.08565892241780172,0.7841204359741394,1,IND_ROUTINE,TIER_A,weak_rule,0.88
TA-INDROUTINE-029,FAC-ODI-JHARSUGUDA-01,GRP_ODI_02,1765.400622712808,3,41.19195188442481,1.1663423318350625,4.871103924717348,316.43327729616493,1103.6083939100606,0.5651817516846889,77,57.86393240024028,0.09563071836299965,0.08901108988250624,0.8186997716281963,1,IND_ROUTINE,TIER_A,weak_rule,0.88
TA-INDROUTINE-030,FAC-TEL-RAMAGUNDAM-01,GRP_TEL_01,1711.1356826881247,2,20.493162284283756,2.535320498958794,2.713871467035959,333.1783993041434,1125.5798800708635,0.5239515939354169,60,43.566167951492204,0.05449418207546341,0.045253245617466686,0.679231106696993,1,IND_ROUTINE,TIER_A,weak_rule,0.88
TA-INDROUTINE-031,FAC-JHK-JAMSHEDPUR-01,GRP_JHK_01,13.932536550083983,4,20.048532639292674,24.262294267611672,9.608956951940087,336.90762326776536,755.294036595277,0.42126444584992245,21,30.560484246507677,0.12327579898780894,0.07425108903762631,0.7727632271654044,1,IND_ROUTINE,TIER_A,weak_rule,0.88
TA-INDROUTINE-032,FAC-JHK-BOKARO-01,GRP_JHK_02,1103.424661388244,4,10.964852308812903,35.38310971824295,4.745113054486322,333.28184033171954,1565.4637624537243,0.5433575828938686,13,45.914661824995875,0.006975054286375476,0.0633240467589097,0.8516425317275772,1,IND_ROUTINE,TIER_A,weak_rule,0.88
TA-INDROUTINE-033,FAC-ODI-JHARSUGUDA-01,GRP_ODI_02,1392.1398608106394,3,25.217349155175853,25.1921260625076,11.476474343427725,320.3854405772253,1003.6713404999912,0.5060728695038168,6,34.087127076446116,0.0649215569780947,0.05851207113484439,0.9273112621344616,1,IND_ROUTINE,TIER_A,weak_rule,0.88
TA-INDROUTINE-034,FAC-ODI-ROURKELA-01,GRP_ODI_03,1248.3537055970157,4,10.211844643896894,31.071655778693533,1.2874698354266332,341.30087244526925,1217.0476186186027,0.4643687523962708,49,26.28255525835636,0.09134905403395395,0.06925155353723068,0.724471636728039,1,IND_ROUTINE,TIER_A,weak_rule,0.88
TA-INDROUTINE-035,FAC-CHH-BHILAI-01,GRP_CHH_02,1734.8324324467571,4,53.40064742523585,17.481713978051253,1.6437933806423175,331.50981891230475,1403.6283983754847,0.5496853731755832,38,50.89831701432667,0.08217089570392765,0.03139107950916466,0.8710455945182861,1,IND_ROUTINE,TIER_A,weak_rule,0.88
TA-INDROUTINE-036,FAC-TN-TUTICORIN-01,GRP_TN_02,1142.3240792680024,2,11.688188262033668,23.906284595202056,3.522424970977045,328.81174323594325,1348.6789415460182,0.5962670992469734,83,58.560410600773494,0.026671904888630027,0.05424914784305689,0.8410632304602446,1,IND_ROUTINE,TIER_A,weak_rule,0.88
TA-INDROUTINE-037,FAC-ODI-JHARSUGUDA-01,GRP_ODI_02,1371.7872944511894,3,31.275587460667264,22.355235166094687,11.314950128067501,343.4049452595347,1352.3960492518768,0.578773200275584,68,18.583822853071087,0.12709516371308233,0.0808304779326696,0.8068189958627607,1,IND_ROUTINE,TIER_A,weak_rule,0.88
TA-INDROUTINE-038,FAC-MAH-CHANDRAPUR-01,GRP_MAH_02,691.7578612278014,2,3.6761229733212,2.6226790360833747,3.2403903198593174,346.42128770379287,1967.2623985245204,0.5366780657329574,18,50.68414523897993,0.1035892275546015,0.0295140565961606,0.8760781844135495,1,IND_ROUTINE,TIER_A,weak_rule,0.88
TA-INDROUTINE-039,FAC-MAH-CHANDRAPUR-01,GRP_MAH_02,652.0415628485896,2,25.330622145193935,23.60408126601075,8.12253586155873,337.47539933468147,457.9230836623647,0.5294238888640262,49,15.78053740883986,0.11764607593063298,0.07988217524895705,0.7362915963521661,1,IND_ROUTINE,TIER_A,weak_rule,0.88
TA-INDROUTINE-040,FAC-MAH-CHANDRAPUR-01,GRP_MAH_02,1668.4078119921155,2,21.805461956395877,36.376323875443504,11.711081528570709,327.5061592357854,1109.6236998957304,0.4025930475349277,32,13.779058918301597,0.1303274941976274,0.08604447384932495,0.7829191561713446,1,IND_ROUTINE,TIER_A,weak_rule,0.88
TA-INDROUTINE-041,FAC-JHK-JAMSHEDPUR-01,GRP_JHK_01,1641.560614961992,4,38.9908955339891,24.786214458125023,9.073537077242172,336.86460546804966,1211.5333108498194,0.5552293490244664,24,19.062307864660507,0.026613884773239477,0.06826588517015351,0.7060929744596971,1,IND_ROUTINE,TIER_A,weak_rule,0.88
TA-INDROUTINE-042,FAC-ODI-ROURKELA-01,GRP_ODI_03,1325.7922799869318,4,7.268976570994731,2.0237837364453277,3.385391343395065,325.5695838123758,331.92655331614804,0.5692028392181041,0,21.172641747051607,0.1064533944474471,0.015480569779828625,0.6961110150708889,1,IND_ROUTINE,TIER_A,weak_rule,0.88
TA-INDROUTINE-043,FAC-CHH-KORBA-01,GRP_CHH_01,1078.415794305736,3,42.73242348235172,23.951249845961666,10.125522775274426,327.04619273261756,1582.3374666458506,0.5100320359439933,9,47.473824017089086,0.04767885080582842,0.021996201542755747,0.7051607292606077,1,IND_ROUTINE,TIER_A,weak_rule,0.88
TA-INDROUTINE-044,FAC-ODI-JHARSUGUDA-01,GRP_ODI_02,1417.40224841387,3,9.437880694445024,20.865505815586804,4.870833943774918,328.97611803448143,1768.1927168678294,0.5326668952880553,42,22.926273830438497,0.032766792867677204,0.0752655689554517,0.8091496686820474,1,IND_ROUTINE,TIER_A,weak_rule,0.88
TA-INDROUTINE-045,FAC-TN-TUTICORIN-01,GRP_TN_02,1484.402237656112,2,53.97741931074907,0.8301386110639029,8.04381469253292,332.8266898513877,1810.138959473532,0.5227402194121589,79,16.14197550427925,0.0059815872638128926,0.0885660158998795,0.7644117822854201,1,IND_ROUTINE,TIER_A,weak_rule,0.88
TA-INDROUTINE-046,FAC-ODI-JHARSUGUDA-01,GRP_ODI_02,700.7179232634386,3,30.080862361486837,11.106087285477404,10.940464323211986,347.88436256959864,757.4165878180146,0.5605633475016587,57,30.23467313158062,0.04446509543614269,0.06515281959810286,0.7460938271445663,1,IND_ROUTINE,TIER_A,weak_rule,0.88
TA-INDROUTINE-047,FAC-ODI-JHARSUGUDA-01,GRP_ODI_02,1707.2991571706684,3,9.872798659371426,36.36035774275246,6.4787992300227994,315.2932234486738,142.15798234219523,0.5340670252286113,27,52.167149631332606,0.06363141779117108,0.010392680917367015,0.8113262642072483,1,IND_ROUTINE,TIER_A,weak_rule,0.88
TA-INDROUTINE-048,FAC-CHH-BHILAI-01,GRP_CHH_02,1167.3444751798381,4,51.73451024375059,28.50840596278483,1.887367197750864,333.36900941040165,671.4501664289681,0.4175041795868397,6,12.323545486215185,0.037786200148706366,0.007044209223212517,0.8964857955894894,1,IND_ROUTINE,TIER_A,weak_rule,0.88
TA-INDROUTINE-049,FAC-JHK-BOKARO-01,GRP_JHK_02,739.6626735074695,4,25.251010974927063,15.66680077641039,3.8310307387400186,330.5800746897753,247.19185411371834,0.40117978549215605,79,5.667780264062538,0.11189265465618074,0.0045516853786125916,0.9044753717018428,1,IND_ROUTINE,TIER_A,weak_rule,0.88
TA-INDROUTINE-050,FAC-CHH-KORBA-01,GRP_CHH_01,1671.2054727977375,3,6.552546369352512,30.008446162346374,3.6511409826462096,318.4602088575117,1533.3651911486795,0.487535229893645,50,49.6830974692251,0.004622872703508662,0.015632347414991078,0.7159597176381531,1,IND_ROUTINE,TIER_A,weak_rule,0.88
TA-INDROUTINE-051,FAC-CHH-BHILAI-01,GRP_CHH_02,1436.2190823070514,4,46.841135142581656,11.561692599244672,7.62684574478643,326.9222601286438,1775.3125005168304,0.5930730786845343,82,23.64156986421879,0.1424197655295769,0.055352418776427895,0.8165209236920785,1,IND_ROUTINE,TIER_A,weak_rule,0.88
TA-INDROUTINE-052,FAC-ODI-JHARSUGUDA-01,GRP_ODI_02,84.77392143758678,3,31.841347845932056,15.2780637826264,6.592929129797247,318.40507426997755,429.58514669249644,0.5482860966079628,44,14.280742689475122,0.13584420455165003,0.08514588513415508,0.6927365351340644,1,IND_ROUTINE,TIER_A,weak_rule,0.88
TA-INDROUTINE-053,FAC-ODI-ROURKELA-01,GRP_ODI_03,405.21046514976024,4,46.04336148424896,7.787233075487204,2.217227918045118,346.98640214422124,1706.2752420017416,0.5702775444850948,70,28.753381813996445,0.08244969145187502,0.029065266752008535,0.6702088272214404,1,IND_ROUTINE,TIER_A,weak_rule,0.88
TA-INDROUTINE-054,FAC-ODI-JHARSUGUDA-01,GRP_ODI_02,363.37749048176966,3,32.26828441475123,36.182746487907394,4.317803390191278,341.851822631202,478.2513033068893,0.4570274287753042,8,54.20687826888946,0.047667890585058804,0.0450645978214935,0.8349027290778359,1,IND_ROUTINE,TIER_A,weak_rule,0.88
TA-INDROUTINE-055,FAC-JHK-BOKARO-01,GRP_JHK_02,1251.2900515322697,4,9.059806943334031,21.757320986453472,9.702012187467375,353.34635687718014,347.2553476810886,0.4626429561468588,28,43.30754937909052,0.09612578165097987,0.027667983502231576,0.7578457999251168,1,IND_ROUTINE,TIER_A,weak_rule,0.88
TA-INDROUTINE-056,FAC-CHH-KORBA-01,GRP_CHH_01,1581.4156348192512,3,25.886381983298076,13.952810079259878,3.700387967521756,337.06687304640786,361.431079859708,0.5213255332141722,35,51.805392011506356,0.021000250307429986,0.05386180370780224,0.728970395178075,1,IND_ROUTINE,TIER_A,weak_rule,0.88
TA-INDROUTINE-057,FAC-ODI-JHARSUGUDA-01,GRP_ODI_02,1312.0914072913372,3,49.15210100717665,32.35952273398031,7.597936608811996,347.5056959932716,1162.8547650978512,0.5538400509805028,27,54.565607489094624,0.08273909977892374,0.054346932391811854,0.9496184525035555,1,IND_ROUTINE,TIER_A,weak_rule,0.88
TA-INDROUTINE-058,FAC-TEL-RAMAGUNDAM-01,GRP_TEL_01,1180.4955693155755,2,8.855907711590598,15.21868796925246,10.702678647466978,338.58403019107186,1716.0423384197527,0.42677625188931995,64,31.60389561393956,0.05951777364745611,0.05021672696664309,0.848803546813609,1,IND_ROUTINE,TIER_A,weak_rule,0.88
TA-INDROUTINE-059,FAC-KAR-BELLARY-01,GRP_KAR_01,1234.6493657444414,4,41.840569063024276,5.763900974640746,1.9527078940777838,337.6542901839947,1136.8353156962517,0.5744390308376186,18,44.68334891241982,0.07252551235911464,0.0358795538845806,0.7156457351777086,1,IND_ROUTINE,TIER_A,weak_rule,0.88
TA-INDROUTINE-060,FAC-TEL-RAMAGUNDAM-01,GRP_TEL_01,424.8323346117249,2,15.128155638451776,9.27570008192447,8.039597920111941,335.7154091917652,1585.4233888251163,0.4776186219895992,58,53.13001491646001,0.005985704787734647,0.06485247487133079,0.680967503868944,1,IND_ROUTINE,TIER_A,weak_rule,0.88
TA-INDROUTINE-061,FAC-TN-TUTICORIN-01,GRP_TN_02,1144.0848973771065,2,15.623446087912297,28.321614014911297,6.964645647294693,337.80640607292946,760.7992242537923,0.4757037034113657,75,39.89351970029729,0.12532036015149667,0.05166628975539387,0.7628986343130636,1,IND_ROUTINE,TIER_A,weak_rule,0.88
TA-INDROUTINE-062,FAC-JHK-JAMSHEDPUR-01,GRP_JHK_01,934.3054900799508,4,19.927072020577135,33.039478320171774,5.867995673956398,334.28440358852504,1213.1714288079454,0.5003673968941483,17,27.51412464384092,0.034498614904010544,0.051454127314297105,0.7342428525049621,1,IND_ROUTINE,TIER_A,weak_rule,0.88
TA-INDROUTINE-063,FAC-ODI-ROURKELA-01,GRP_ODI_03,344.561159697694,4,20.432483576457937,27.398851567028576,1.4640461627413348,324.213853303973,1624.6111871934445,0.5440511317749898,61,41.16330672630108,0.07185317450467937,0.05907908988091816,0.8441777702421658,1,IND_ROUTINE,TIER_A,weak_rule,0.88
TA-INDROUTINE-064,FAC-CHH-BHILAI-01,GRP_CHH_02,50.17840829618153,4,3.138422758365963,22.00574417571006,1.975493227392079,340.1816169955262,89.91144009609333,0.5144538598460929,7,11.647799245857142,0.13836703059826513,0.051664069263814644,0.7716368949398938,1,IND_ROUTINE,TIER_A,weak_rule,0.88
TA-INDROUTINE-065,FAC-KAR-BELLARY-01,GRP_KAR_01,1151.3446450481554,4,48.41518687605458,27.7990368292886,9.864574555957933,352.89015474490776,442.5877147690674,0.5213051795851824,60,52.30353914154147,0.02558501759845444,0.08303635747042809,0.83025161432336,1,IND_ROUTINE,TIER_A,weak_rule,0.88
TA-INDROUTINE-066,FAC-KAR-BELLARY-01,GRP_KAR_01,1478.6111924335903,4,10.658121031359402,25.23682812716949,3.2110223476162116,343.9674719231102,693.2304938259398,0.49069402902801834,75,5.992888028392192,0.056731702818120136,0.013221319845743562,0.6549687881820244,1,IND_ROUTINE,TIER_A,weak_rule,0.88
TA-INDROUTINE-067,FAC-TN-TUTICORIN-01,GRP_TN_02,1548.6691286989837,2,28.136286313032628,16.24231297518523,1.8372562638361496,318.85194306892816,958.0279407530809,0.5229496338960734,4,52.90965298909215,0.07971449252590075,0.0752383151035878,0.6779569897403738,1,IND_ROUTINE,TIER_A,weak_rule,0.88
TA-INDROUTINE-068,FAC-ODI-ROURKELA-01,GRP_ODI_03,1624.5527127401501,4,30.029300459114314,0.5450077178801258,11.255931345445672,342.14237441099635,869.8156885640616,0.4841368040001056,5,42.4632828140956,0.0643434396715681,0.09384216278962805,0.7946370343630513,1,IND_ROUTINE,TIER_A,weak_rule,0.88
TA-INDROUTINE-069,FAC-CHH-BHILAI-01,GRP_CHH_02,637.4268866657917,4,44.41046030807164,34.54470787240357,10.054426642698465,338.0448326759687,857.8729209464759,0.45090360563567466,29,54.78495068717813,0.012572637144401665,0.05982923498508805,0.8131193065836579,1,IND_ROUTINE,TIER_A,weak_rule,0.88
TA-INDROUTINE-070,FAC-JHK-BOKARO-01,GRP_JHK_02,348.3476145549886,4,39.235866976571046,30.103343086442184,6.956946392315332,319.71314415924604,26.301776271755955,0.5309092241606395,88,48.64865486563965,0.06132676157608977,0.010658321644945868,0.777821476723796,1,IND_ROUTINE,TIER_A,weak_rule,0.88
TA-INDROUTINE-071,FAC-KAR-BELLARY-01,GRP_KAR_01,464.0025799552513,4,47.13974940372172,16.383558028751118,4.419446928515836,326.0224217151995,1365.0441416661354,0.5509943801219667,52,34.02208700373566,0.08363440127946557,0.01787195978329551,0.817728148896049,1,IND_ROUTINE,TIER_A,weak_rule,0.88
TA-INDROUTINE-072,FAC-TEL-RAMAGUNDAM-01,GRP_TEL_01,464.2619853424264,2,17.42059729776302,13.41336140805701,8.48066056525447,344.43129722418445,1711.7378585733106,0.5318565698252407,29,27.90250289008272,0.104896716344258,0.016179511770813625,0.714337442461424,1,IND_ROUTINE,TIER_A,weak_rule,0.88
TA-INDROUTINE-073,FAC-CHH-BHILAI-01,GRP_CHH_02,1417.0852099791448,4,44.20627234757863,23.525951263603957,8.230545138166395,317.0821118833834,785.5381170031848,0.5271753236730257,11,49.74881700000949,0.07075029901325156,0.06002454417599547,0.6764422067942033,1,IND_ROUTINE,TIER_A,weak_rule,0.88
TA-INDROUTINE-074,FAC-JHK-BOKARO-01,GRP_JHK_02,406.9687378689265,4,5.1381537289125045,1.91582518569046,4.642695824590962,354.37792402525093,1232.5635943448272,0.5042011086441118,76,5.332856005814068,0.11604126783485941,0.017527112841823178,0.798310513285485,1,IND_ROUTINE,TIER_A,weak_rule,0.88
TA-INDROUTINE-075,FAC-MAH-CHANDRAPUR-01,GRP_MAH_02,371.0559646227661,2,36.40312487071088,30.646621591826886,3.4677778149189096,316.3443740558503,1203.835646830269,0.5031627263105657,29,37.68101917080587,0.10110365715182698,0.035973999827546344,0.8465057358152135,1,IND_ROUTINE,TIER_A,weak_rule,0.88
TA-INDROUTINE-076,FAC-ODI-ROURKELA-01,GRP_ODI_03,165.4486345075271,4,15.755778360800967,15.478763373511189,8.052461454435885,331.2180386740208,410.21704165095446,0.4030733044995748,90,5.97979597234942,0.013524878639272575,0.02844937870363794,0.8989294407347899,1,IND_ROUTINE,TIER_A,weak_rule,0.88
TA-INDROUTINE-077,FAC-KAR-BELLARY-01,GRP_KAR_01,633.090494364354,4,53.01019144654949,10.869044326142083,7.296042725507413,322.78100772343845,1860.271115534495,0.514981344349163,33,12.15201763520992,0.07593571443833219,0.05586307128696588,0.8009507498761679,1,IND_ROUTINE,TIER_A,weak_rule,0.88
TA-INDROUTINE-078,FAC-CHH-KORBA-01,GRP_CHH_01,1705.157682668016,3,44.31946954742177,36.37660060944782,10.51955090260465,347.525893984255,1154.889031002531,0.53883837229426,48,34.66377902068595,0.11549507891007502,0.07574732850466726,0.9383716175904843,1,IND_ROUTINE,TIER_A,weak_rule,0.88
TA-INDROUTINE-079,FAC-TEL-RAMAGUNDAM-01,GRP_TEL_01,1230.054465120208,2,49.3915911928266,32.82587297279873,5.80954343668674,325.312790592776,772.7544128873917,0.5577312037262291,28,41.26095261177579,0.03448952078837312,0.03157306940289286,0.936633706137008,1,IND_ROUTINE,TIER_A,weak_rule,0.88
TA-INDROUTINE-080,FAC-TN-TUTICORIN-01,GRP_TN_02,968.8169142410495,2,38.784365535557235,10.375613427234144,3.4831105154861706,330.95722546389635,1500.5908062778149,0.46839857559804443,70,56.020981910468436,0.07148331811339345,0.03535379262161711,0.918294875861062,1,IND_ROUTINE,TIER_A,weak_rule,0.88
TA-INDROUTINE-081,FAC-JHK-BOKARO-01,GRP_JHK_02,337.1841702263162,4,41.241669184151405,35.384572376476825,2.322501599140778,344.48448991765576,478.9044073971583,0.4484113035689928,33,13.993160674676574,0.030414983818240995,0.02496954339469575,0.8355790697545424,1,IND_ROUTINE,TIER_A,weak_rule,0.88
TA-INDROUTINE-082,FAC-ODI-ROURKELA-01,GRP_ODI_03,1404.2998801244335,4,7.29741430188862,3.4432839739542764,11.471567224546654,334.7065945308885,25.167868191879,0.5714178674541025,5,51.184614553845975,0.055679480307550135,0.03154169059719173,0.9194363601178557,1,IND_ROUTINE,TIER_A,weak_rule,0.88
TA-INDROUTINE-083,FAC-KAR-BELLARY-01,GRP_KAR_01,1565.0962157679505,4,27.401650057074832,37.41480060040829,10.99628161458706,326.21066492732746,453.5204527626688,0.515333037269482,6,32.49265574185293,0.06347638012281066,0.09396544213650222,0.6597687941099895,1,IND_ROUTINE,TIER_A,weak_rule,0.88
TA-INDROUTINE-084,FAC-CHH-KORBA-01,GRP_CHH_01,714.7532919057923,3,37.99955464194711,7.0550135794643385,11.719260983082648,342.92978272384556,926.6203330123029,0.5378421098119297,1,41.097977505800415,0.05691420053803348,0.010074782613989853,0.7584806977498042,1,IND_ROUTINE,TIER_A,weak_rule,0.88
TA-INDROUTINE-085,FAC-JHK-BOKARO-01,GRP_JHK_02,345.0028710956012,4,15.046417677796946,10.602808607186754,11.504395463886516,328.72385840592506,377.62038430239846,0.4847885760821886,53,42.64133235534544,0.055846444180322405,0.08543260872408197,0.7338888595642052,1,IND_ROUTINE,TIER_A,weak_rule,0.88
TA-INDROUTINE-086,FAC-ODI-ROURKELA-01,GRP_ODI_03,1032.8233955408564,4,53.8765668884917,26.22544670530597,9.779578436489725,343.8326183765975,1610.5261110423555,0.5110680094841402,48,13.371666419945182,0.1200056187351956,0.07385420139845315,0.7918961073584893,1,IND_ROUTINE,TIER_A,weak_rule,0.88
TA-INDROUTINE-087,FAC-MAH-CHANDRAPUR-01,GRP_MAH_02,326.12702522070697,2,27.87820217526231,37.833566386235056,10.200209488990092,335.68027899682005,1444.4739350949656,0.5570665873387757,38,16.55649394246958,0.12877529736738783,0.004770930408240781,0.679692439788304,1,IND_ROUTINE,TIER_A,weak_rule,0.88
TA-INDROUTINE-088,FAC-ODI-ROURKELA-01,GRP_ODI_03,117.46511612598971,4,44.90893935101107,18.37022841320514,7.576853437727745,332.9941927625517,677.2971985669508,0.4721924042110243,71,34.3345063183232,0.12150238222373443,0.034414027646061274,0.7735282714394572,1,IND_ROUTINE,TIER_A,weak_rule,0.88
TA-INDROUTINE-089,FAC-CHH-KORBA-01,GRP_CHH_01,1562.5897653137047,3,53.00091760175094,7.9609291488827445,6.931938766806516,340.965238075983,358.98320543016325,0.5560618196198475,45,20.85523662749815,0.07656667883041546,0.07747443671265704,0.7840790351248512,1,IND_ROUTINE,TIER_A,weak_rule,0.88
TA-INDROUTINE-090,FAC-ODI-JHARSUGUDA-01,GRP_ODI_02,692.1170871589939,3,16.32957784932377,24.189207143130083,1.7809376424229058,321.70302141922133,1617.7416821866523,0.46747766199978663,80,37.51398801173999,0.060715908015781,0.09070730512689358,0.6737335782393802,1,IND_ROUTINE,TIER_A,weak_rule,0.88
TA-INDROUTINE-091,FAC-CHH-KORBA-01,GRP_CHH_01,418.51011150429315,3,17.97480069989942,11.425863229790744,3.2462950709041225,340.78577172620754,551.2412254864819,0.48897967752959437,46,45.377938911626835,0.07814035374543744,0.045028865645817706,0.7001954321203072,1,IND_ROUTINE,TIER_A,weak_rule,0.88
TA-INDROUTINE-092,FAC-MAH-CHANDRAPUR-01,GRP_MAH_02,233.82144021028745,2,13.516793816399739,9.936762875068187,8.939310370931985,344.9895894766047,430.61612504585077,0.47940911666007235,12,5.699959176287294,0.1318036464674612,0.05484337438182938,0.6579094740098723,1,IND_ROUTINE,TIER_A,weak_rule,0.88
TA-INDROUTINE-093,FAC-CHH-BHILAI-01,GRP_CHH_02,947.9291965018473,4,54.7839442410485,4.397315150811968,7.436320951622192,318.3724506660797,1864.0000854754223,0.47796924160327114,29,16.348998120281152,0.04262629200871335,0.06264806846261897,0.6893831331880592,1,IND_ROUTINE,TIER_A,weak_rule,0.88
TA-INDROUTINE-094,FAC-ODI-ROURKELA-01,GRP_ODI_03,61.1426145056441,4,36.764363133466205,32.76383065300222,3.936155734044921,334.0461896262149,1950.263312334908,0.5081168322784566,34,33.81562591940914,0.02026723619871838,0.09484861321570193,0.8117862705373092,1,IND_ROUTINE,TIER_A,weak_rule,0.88
TA-INDROUTINE-095,FAC-KAR-BELLARY-01,GRP_KAR_01,1079.6757159174435,4,35.00277572714543,24.344417615968837,6.789614616319384,335.9383921741803,1283.3821584370944,0.4619322656227993,44,29.935797596728435,0.03406926669706527,0.008955402256444324,0.7423604556153341,1,IND_ROUTINE,TIER_A,weak_rule,0.88
TA-INDROUTINE-096,FAC-CHH-BHILAI-01,GRP_CHH_02,475.0546086485266,4,17.253652024061424,0.5034629898098021,9.793788480472614,348.91785953530683,695.6432154929886,0.49383959104880526,1,41.89065789789801,0.07378974811765272,0.07554727008720269,0.739883155396132,1,IND_ROUTINE,TIER_A,weak_rule,0.88
TA-INDROUTINE-097,FAC-CHH-BHILAI-01,GRP_CHH_02,1438.3569494957585,4,33.15760337063576,30.378776895036356,6.601135739051135,322.54283917299983,1765.7381921588037,0.487421273283291,31,11.46963072915675,0.1105676781155066,0.0389723269853196,0.7635074180824886,1,IND_ROUTINE,TIER_A,weak_rule,0.88
TA-INDROUTINE-098,FAC-JHK-BOKARO-01,GRP_JHK_02,151.78542238331204,4,34.69250737267919,19.87287731968005,9.609510890200399,339.52864879595484,1391.5220228810972,0.4543730233381344,83,45.0897597436068,0.12132129736485557,0.041290387651324735,0.9060446070174812,1,IND_ROUTINE,TIER_A,weak_rule,0.88
TA-INDROUTINE-099,FAC-ODI-ROURKELA-01,GRP_ODI_03,254.55701893847862,4,6.7813141980736305,17.575362974143424,5.460568429544589,343.0189039178949,990.088075886111,0.46412874463110476,19,4.87866018893972,0.08024561295896494,0.018593759814152566,0.680682046596962,1,IND_ROUTINE,TIER_A,weak_rule,0.88
TA-INDROUTINE-100,FAC-JHK-BOKARO-01,GRP_JHK_02,233.82017307133026,4,24.56218164123001,0.8076533506094936,1.1278539486279342,315.588993875259,443.76991334350964,0.4840486054294954,63,59.881879877604774,0.06955267008051438,0.07914247142652953,0.7490745941107491,1,IND_ROUTINE,TIER_A,weak_rule,0.88
TA-INDROUTINE-101,FAC-ODI-ROURKELA-01,GRP_ODI_03,110.30863647938814,4,42.840387760618775,3.1769260530896317,5.6682539803547005,322.6876917170581,1684.9801044252363,0.5634501447999141,1,9.073770258774704,0.11522185062767847,0.02489623605072341,0.8813675999082003,1,IND_ROUTINE,TIER_A,weak_rule,0.88
TA-INDROUTINE-102,FAC-TEL-RAMAGUNDAM-01,GRP_TEL_01,452.4203220780045,2,54.70381917667581,7.9692453613974035,8.837107211451245,318.7584121588287,1336.023672822463,0.4416894264114284,49,41.523654563355485,0.046816404837610466,0.03230631884829062,0.8387492762392098,1,IND_ROUTINE,TIER_A,weak_rule,0.88
TA-INDROUTINE-103,FAC-MAH-CHANDRAPUR-01,GRP_MAH_02,1343.0569958536585,2,30.58723299826833,5.080306705081669,5.800693638103559,326.95252335033524,728.5281922548182,0.4104175029153491,85,14.631718445195965,0.016939268897435626,0.06329089659017448,0.747354046289029,1,IND_ROUTINE,TIER_A,weak_rule,0.88
TA-INDROUTINE-104,FAC-ODI-ROURKELA-01,GRP_ODI_03,1431.9588112400404,4,32.49056981269276,15.342811261064496,2.954917532255587,353.75339717924396,1167.18112118206,0.5381502829123597,88,36.580312468033526,0.05570979949548505,0.008947990274967444,0.6973095368592126,1,IND_ROUTINE,TIER_A,weak_rule,0.88
TA-INDROUTINE-105,FAC-ODI-JHARSUGUDA-01,GRP_ODI_02,1237.8409123225083,3,19.142477643877296,36.86193899353214,9.126743971707905,317.40209342830633,718.7691385255373,0.43078368708689235,68,47.90504217318234,0.01887411864978396,0.023267463085606357,0.94450271328915,1,IND_ROUTINE,TIER_A,weak_rule,0.88
TA-INDROUTINE-106,FAC-CHH-KORBA-01,GRP_CHH_01,1451.8904240899888,3,24.57856427683558,7.736198714380943,8.286537264394305,329.32669989001727,279.8475614367731,0.5797326088540085,62,42.98430677782744,0.0838537185952603,0.05427340768056942,0.7970275987456199,1,IND_ROUTINE,TIER_A,weak_rule,0.88
TA-INDROUTINE-107,FAC-KAR-BELLARY-01,GRP_KAR_01,344.06184481889585,4,19.64342560278999,27.96509037960173,3.3401273311567223,348.2539837356448,1829.9743159323557,0.5109040620332113,8,32.80597095930187,0.06740762996935024,0.08194185514997637,0.8124817856411175,1,IND_ROUTINE,TIER_A,weak_rule,0.88
TA-INDROUTINE-108,FAC-TEL-RAMAGUNDAM-01,GRP_TEL_01,11.288493416406554,2,35.38101258443973,14.714133862496652,2.2671347666609414,315.7487942635222,1715.3766252084185,0.5552033135595877,30,20.60025746984934,0.009501263489897627,0.09671631570082644,0.8957149201351944,1,IND_ROUTINE,TIER_A,weak_rule,0.88
TA-INDROUTINE-109,FAC-JHK-JAMSHEDPUR-01,GRP_JHK_01,948.0848861707096,4,27.767164448669465,21.180042771845546,7.375818946088794,327.90400159651176,1286.1170124127254,0.42209282680788085,66,40.21567974885874,0.006566589514009674,0.09377995366586317,0.7035916400108325,1,IND_ROUTINE,TIER_A,weak_rule,0.88
TA-INDROUTINE-110,FAC-MAH-CHANDRAPUR-01,GRP_MAH_02,371.72146135292,2,27.107069568228887,4.203259499319961,6.873595567188652,348.45198106425966,1319.947461470517,0.5051642725228823,89,36.23745290074076,0.007362844086834064,0.022072278414632097,0.8653535583709343,1,IND_ROUTINE,TIER_A,weak_rule,0.88
TA-INDROUTINE-111,FAC-MAH-CHANDRAPUR-01,GRP_MAH_02,1675.0777558882014,2,12.113604667347781,18.927706303560278,10.682719535703423,318.1982721293149,1604.4276586336377,0.4121400376572103,71,45.121691572801346,0.13356459150011077,0.08220265162666786,0.8882748731414238,1,IND_ROUTINE,TIER_A,weak_rule,0.88
TA-INDROUTINE-112,FAC-MAH-CHANDRAPUR-01,GRP_MAH_02,1484.320909636547,2,15.207207389719256,2.024493210287857,0.8911381488424169,327.15618195472223,1889.8717222303844,0.592117349087425,12,7.871057004183319,0.03465270049683122,0.03853310882259936,0.707935834362042,1,IND_ROUTINE,TIER_A,weak_rule,0.88
TA-INDROUTINE-113,FAC-JHK-JAMSHEDPUR-01,GRP_JHK_01,1030.3495274434374,4,52.15468127501209,21.440880500486404,6.719792205553172,344.84433505103414,1535.3714389919126,0.5153127317994287,86,28.605794360845714,0.09978635321603155,0.08828240193732262,0.7000427956710642,1,IND_ROUTINE,TIER_A,weak_rule,0.88
TA-INDROUTINE-114,FAC-ODI-ROURKELA-01,GRP_ODI_03,994.4381851612577,4,28.154348703423125,25.15744553827954,6.430110699916489,338.9966292509473,1867.8376994164307,0.5804969941305443,70,59.50485345585136,0.048698116293013856,0.03717195124353713,0.8792553103713113,1,IND_ROUTINE,TIER_A,weak_rule,0.88
TA-INDROUTINE-115,FAC-CHH-BHILAI-01,GRP_CHH_02,1488.8174053229625,4,18.3310398666263,9.527095855160997,6.570233563009211,330.00252299478893,1105.8745467750732,0.5489156697006361,46,57.77580298661739,0.0671249683497374,0.03970905616894038,0.8678939835011874,1,IND_ROUTINE,TIER_A,weak_rule,0.88
TA-INDROUTINE-116,FAC-JHK-BOKARO-01,GRP_JHK_02,1076.4154596565766,4,28.854427249145846,37.75295035829522,3.657007764492164,327.01335846912696,453.11076652309094,0.5711440851016412,2,46.748338175360225,0.14150218593670336,0.08223374581035758,0.9257336248911838,1,IND_ROUTINE,TIER_A,weak_rule,0.88
TA-INDROUTINE-117,FAC-TN-TUTICORIN-01,GRP_TN_02,1005.8183230571155,2,50.98499680147589,6.301804483203346,0.5009487860010494,329.22623013141964,287.155488631103,0.4734165786052128,74,16.49170054132983,0.038436575767853365,0.03003024316721046,0.8211461478467246,1,IND_ROUTINE,TIER_A,weak_rule,0.88
TA-INDROUTINE-118,FAC-KAR-BELLARY-01,GRP_KAR_01,1653.0084279865973,4,40.59721470016483,27.634269752919312,9.525205122055645,321.91609963425293,1653.5020258371524,0.5379190202099798,73,49.53188536050936,0.014304608026777792,0.06422546230285857,0.6612114788535,1,IND_ROUTINE,TIER_A,weak_rule,0.88
TA-INDROUTINE-119,FAC-KAR-BELLARY-01,GRP_KAR_01,692.9675377940723,4,43.08260741405942,35.070181119507595,4.045956251455588,350.1917001060074,875.3971410993124,0.5860492167887554,15,52.447617819030754,0.03400765070432274,0.06527791831603509,0.8306904902949628,1,IND_ROUTINE,TIER_A,weak_rule,0.88
TA-INDROUTINE-120,FAC-MAH-CHANDRAPUR-01,GRP_MAH_02,1144.6579144267687,2,35.064894224187675,2.5297980787558636,6.316381050587653,327.77266160843664,1135.046833257117,0.46536632553100826,89,14.806236139576539,0.007577972121874127,0.07315785735649415,0.7678648113557105,1,IND_ROUTINE,TIER_A,weak_rule,0.88
TA-INDROUTINE-121,FAC-TEL-RAMAGUNDAM-01,GRP_TEL_01,1357.58396338885,2,31.978813078674158,3.878110720427416,5.211631258300744,346.4547319395311,306.2486525087938,0.46723363560817405,60,35.1435542496165,0.007396664710513206,0.03991912995469419,0.6755236962404706,1,IND_ROUTINE,TIER_A,weak_rule,0.88
TA-INDROUTINE-122,FAC-TN-TUTICORIN-01,GRP_TN_02,787.7390889461858,2,38.62458198119948,29.076234486383598,5.797023898613372,322.9243411087576,797.8937815179667,0.5142661365808536,71,37.72781658046371,0.11035016312179839,0.024624584050711308,0.6714931941023254,1,IND_ROUTINE,TIER_A,weak_rule,0.88
TA-INDROUTINE-123,FAC-CHH-BHILAI-01,GRP_CHH_02,588.9068376696181,4,50.88828398451349,3.8597993047525714,8.077383263724338,331.9416240946256,704.4360194108904,0.4641476725705339,76,40.0137717530429,0.11545219380947072,0.016925526401141224,0.7549149199192695,1,IND_ROUTINE,TIER_A,weak_rule,0.88
TA-INDROUTINE-124,FAC-TEL-RAMAGUNDAM-01,GRP_TEL_01,1125.496059738212,2,24.67311758423122,35.15799525887852,2.8402006822544195,342.41436909849074,322.1105397520568,0.5456973505806388,10,8.517560965536047,0.008180702004263135,0.09489409150257888,0.9280189085327321,1,IND_ROUTINE,TIER_A,weak_rule,0.88
TA-INDROUTINE-125,FAC-JHK-BOKARO-01,GRP_JHK_02,34.582593921242164,4,38.403701198041574,4.672924711867619,5.428235769128234,315.9099246060481,427.5109677549138,0.5076010915813972,26,33.6926044102715,0.11255327231286986,0.05488000548111374,0.8369125978572448,1,IND_ROUTINE,TIER_A,weak_rule,0.88
TA-INDROUTINE-126,FAC-ODI-ROURKELA-01,GRP_ODI_03,1254.1773471293736,4,37.01972354051961,14.62275012107704,10.877181417712299,336.0719636212236,519.8472129895945,0.41202200991513366,25,47.77293268143048,0.09269471645870966,0.005308524865627895,0.8464273615446161,1,IND_ROUTINE,TIER_A,weak_rule,0.88
TA-INDROUTINE-127,FAC-MAH-CHANDRAPUR-01,GRP_MAH_02,129.21004843469564,2,36.59220714200305,25.361811339505838,10.958781925128395,329.408765692795,226.48816896921164,0.4584991155079163,83,24.41834711587265,0.14696892765987798,0.05085403321430976,0.8629066395005667,1,IND_ROUTINE,TIER_A,weak_rule,0.88
TA-INDROUTINE-128,FAC-CHH-KORBA-01,GRP_CHH_01,877.5452517831565,3,33.163167344112594,3.8007750808496175,2.4265586400984014,353.6716548973281,1126.6468323289137,0.5424938381038434,5,16.348744105485572,0.07941230457826798,0.03335696346307757,0.7680199453481824,1,IND_ROUTINE,TIER_A,weak_rule,0.88
TA-INDROUTINE-129,FAC-ODI-ROURKELA-01,GRP_ODI_03,42.886283403158316,4,37.8896754568345,13.826679996745,3.6627982286561043,354.8397764498723,1957.43259582287,0.4551756557999445,7,38.29595709551426,0.13180159112867404,0.08904020860787615,0.8944575913035011,1,IND_ROUTINE,TIER_A,weak_rule,0.88
TA-AGRI-000,NONE,GRP_RURAL_AGRI_01,61564.40693981029,0,37.97992180901539,5.117702808285044,2.911764437683064,330.42802302658896,1.6667157467175837,0.9459779327842699,1,10.724666743642386,0.860411594828738,0.051175799641493415,0.03123827644417836,0,AGRI_BURN,TIER_A,weak_rule,0.85
TA-AGRI-001,NONE,GRP_RURAL_AGRI_10,23751.01140978861,0,21.82667992287393,4.7073085876100045,1.1865147125195759,338.15039899625276,7.300893002894796,0.9725175323160137,2,17.36903619226695,0.9516200875242466,0.10914752584867402,0.04300642981803848,0,AGRI_BURN,TIER_A,weak_rule,0.85
TA-AGRI-002,NONE,GRP_RURAL_AGRI_13,12426.87228588948,0,37.3412888729894,20.1930442306805,2.705542830048063,338.98169550086556,8.563113295400473,0.8236774581434357,2,21.06830149182032,0.7407463926343788,0.0035380015660241336,0.03186874455223373,0,AGRI_BURN,TIER_A,weak_rule,0.85
TA-AGRI-003,NONE,GRP_RURAL_AGRI_07,62613.56551417695,0,12.342919767553195,16.454292113752317,6.986220399298999,343.1160647312477,6.775886705720926,0.830391411154133,1,3.1159001046633263,0.7517290190408789,0.09149369804795585,0.061198159766902405,0,AGRI_BURN,TIER_A,weak_rule,0.85
TA-AGRI-004,NONE,GRP_RURAL_AGRI_05,40744.67744211219,0,24.610772251093245,13.200663099151695,1.9704460857498516,311.35639362545004,1.175541157642013,0.9559652499505911,1,12.806952392536301,0.8693192926887704,0.0854422953571992,0.0373959401130501,0,AGRI_BURN,TIER_A,weak_rule,0.85
TA-AGRI-005,NONE,GRP_RURAL_AGRI_14,27328.807687192435,0,19.111722758108787,3.770542985298217,1.931058280122495,331.2466363292636,8.734928187933722,0.985087016626982,3,5.9525782032905745,0.8879749443881821,0.024340029142299224,0.020456210573119162,0,AGRI_BURN,TIER_A,weak_rule,0.85
TA-AGRI-006,NONE,GRP_RURAL_AGRI_03,60516.847179934324,0,39.429417291578815,19.103412257521555,4.169615208357232,326.8945725938104,4.389131900254553,0.8493567681723173,3,19.517260618692216,0.8702203882179624,0.09891942177448347,0.07202009134955517,0,AGRI_BURN,TIER_A,weak_rule,0.85
TA-AGRI-007,NONE,GRP_RURAL_AGRI_07,41107.5497922082,0,29.77597383190541,13.144966470362801,4.4692072141575325,355.5407145367105,7.188818829710422,0.9041298182447498,3,11.694060387177373,0.9457747507980201,0.1053335925899473,0.024572164951788367,0,AGRI_BURN,TIER_A,weak_rule,0.85
TA-AGRI-008,NONE,GRP_RURAL_AGRI_09,27830.088593107343,0,29.48625223754562,12.357880705932326,4.391915539474839,342.7937247608215,0.9190113180408463,0.858235872446826,3,22.167740612935845,0.9166295635084352,0.034309750611794435,0.016648660169886188,0,AGRI_BURN,TIER_A,weak_rule,0.85
TA-AGRI-009,NONE,GRP_RURAL_AGRI_05,41207.75817349939,0,2.4655026725763998,11.46993837580181,1.2176143634005279,353.15446223018523,4.3394337465520705,0.9445293582985667,0,4.904399101279027,0.8639253618016532,0.10731936218987179,0.05464071045466265,0,AGRI_BURN,TIER_A,weak_rule,0.85
TA-AGRI-010,NONE,GRP_RURAL_AGRI_07,28933.897263503422,0,18.200168437428854,4.09955302097082,5.021778385209163,347.05698834792776,2.21642204002784,0.8909366415294702,2,8.439832113288915,0.8816014004797152,0.08537636947317678,0.016399402706604237,0,AGRI_BURN,TIER_A,weak_rule,0.85
TA-AGRI-011,NONE,GRP_RURAL_AGRI_12,11097.969335379159,0,4.832348071315886,9.996885512938935,3.091389373945091,337.2384999154397,3.7647426812233595,0.958213318847405,1,9.777626469608203,0.8065699625931211,0.0921912388541266,0.09122527788221324,0,AGRI_BURN,TIER_A,weak_rule,0.85
TA-AGRI-012,NONE,GRP_RURAL_AGRI_10,57085.28231874939,0,34.548097419430036,3.734305300863416,1.2377166045351236,349.9961534218972,0.9361391668501816,0.8616124411069129,3,7.575123167396298,0.7505948873826497,0.10782502961001189,0.0960433879515914,0,AGRI_BURN,TIER_A,weak_rule,0.85
TA-AGRI-013,NONE,GRP_RURAL_AGRI_01,41787.46017122151,0,10.34850571218616,10.1984099406621,7.272439868997578,338.26206029942364,0.5488796656419582,0.9765405841074389,1,5.813409175180843,0.8846517739683342,0.05444861806346598,0.04418753614977368,0,AGRI_BURN,TIER_A,weak_rule,0.85
TA-AGRI-014,NONE,GRP_RURAL_AGRI_10,40406.27941417874,0,10.015112906113746,12.132047088912591,5.2718136700027785,338.9925297099822,7.514646289981302,0.809783759988606,1,1.8490664810335893,0.797725553291156,0.01744492994591231,0.0032432091735277615,0,AGRI_BURN,TIER_A,weak_rule,0.85
TA-AGRI-015,NONE,GRP_RURAL_AGRI_10,55037.88780124527,0,12.148129401692076,20.264386422275887,0.4262762697373039,331.68176004047865,2.015111329938094,0.934418099052281,1,24.174184964267734,0.909813746527661,0.04322263771129829,0.003584004262928875,0,AGRI_BURN,TIER_A,weak_rule,0.85
TA-AGRI-016,NONE,GRP_RURAL_AGRI_13,21906.610618185572,0,14.932206191360443,8.46087786467203,0.5844900947002504,332.2208396483369,5.1790042039146265,0.8585665426713479,1,3.489569135145665,0.940634223497191,0.039505023235427796,0.04137579092729554,0,AGRI_BURN,TIER_A,weak_rule,0.85
TA-AGRI-017,NONE,GRP_RURAL_AGRI_04,46293.51408672806,0,24.59853367365843,2.5827887107119127,6.205395132785148,342.7068871520849,8.891108741947955,0.8967325966418894,2,10.962813324605618,0.9373834315584361,0.031159204714350002,0.057514268901217226,0,AGRI_BURN,TIER_A,weak_rule,0.85
TA-AGRI-018,NONE,GRP_RURAL_AGRI_10,25261.980679012686,0,5.4496115609058124,12.465428561132049,4.422302243566352,342.8565955898355,4.686287856607385,0.8359814463312383,1,17.86038315383313,0.9741921446784997,0.00018971006709974424,0.0023986797518176007,0,AGRI_BURN,TIER_A,weak_rule,0.85
TA-AGRI-019,NONE,GRP_RURAL_AGRI_11,52499.05202353322,0,29.577494512262724,4.719812232483199,5.233964870582518,331.56086881108683,0.886683611849205,0.8699300088888637,1,0.7767830654617294,0.7563323989004253,0.033795204390064636,0.07901955028462117,0,AGRI_BURN,TIER_A,weak_rule,0.85
TA-AGRI-020,NONE,GRP_RURAL_AGRI_05,21967.465666394022,0,22.13474589556289,16.921310701472024,0.9764741174336208,327.330710304907,3.866419271807159,0.9137843081593414,0,20.885047862700464,0.7543243623714457,0.1000590360205801,0.09222797652518225,0,AGRI_BURN,TIER_A,weak_rule,0.85
TA-AGRI-021,NONE,GRP_RURAL_AGRI_08,59844.02777017487,0,31.95099903800832,14.275218410487732,4.097896991291862,342.6144253607998,8.082495777714303,0.9073935089944729,2,11.830516846535588,0.9279666545682166,0.11133479721181212,0.005602228518654207,0,AGRI_BURN,TIER_A,weak_rule,0.85
TA-AGRI-022,NONE,GRP_RURAL_AGRI_09,21909.640418320683,0,29.08107692766522,7.077961943319909,4.559667688823636,320.8296484502008,6.326693052944645,0.9599070666971601,2,2.1222195122802665,0.741805373717314,0.10088869842693789,0.03391524179549423,0,AGRI_BURN,TIER_A,weak_rule,0.85
TA-AGRI-023,NONE,GRP_RURAL_AGRI_07,42030.41712833792,0,33.743509264953346,12.647399777203962,3.317417665353766,340.94997708555996,7.849046369268919,0.9503080417339227,2,17.89108036290773,0.7760192766478916,0.010415734199036146,0.08770487326207925,0,AGRI_BURN,TIER_A,weak_rule,0.85
TA-AGRI-024,NONE,GRP_RURAL_AGRI_06,31292.239271191014,0,38.0438519657728,4.911849367970146,2.5766823553730407,315.8360261578799,7.172023857517971,0.9555580782921589,0,11.372465278184935,0.7069817368963888,0.05791958293761831,0.050005430842993984,0,AGRI_BURN,TIER_A,weak_rule,0.85
TA-AGRI-025,NONE,GRP_RURAL_AGRI_04,24417.12811070428,0,19.493836134507582,19.250564245992074,2.6449454386850957,327.0215734798561,7.0405918762854585,0.8196503129931368,1,5.527084196001146,0.7102347103403743,0.0465105858865476,0.08648102024372285,0,AGRI_BURN,TIER_A,weak_rule,0.85
TA-AGRI-026,NONE,GRP_RURAL_AGRI_02,3752.7569578986627,0,37.31379255762688,15.177740809985275,5.0555015608833695,314.5279463628759,4.468445171103477,0.8092279540048583,2,1.050766398386775,0.9123782697871328,0.07666210224521361,0.020984568685949126,0,AGRI_BURN,TIER_A,weak_rule,0.85
TA-AGRI-027,NONE,GRP_RURAL_AGRI_04,15341.556836842698,0,11.282986685122172,7.157465432932665,3.7550716371673576,316.11784361435485,1.7692261437976065,0.8547273771680302,0,23.97830233545714,0.8566952137942387,0.012285035139242447,0.05425287138694386,0,AGRI_BURN,TIER_A,weak_rule,0.85
TA-AGRI-028,NONE,GRP_RURAL_AGRI_09,23086.82207889634,0,5.919806103021867,15.554910575801594,2.414942739113898,322.73090384085697,1.1055644053720624,0.9226525767031954,2,13.744138999800139,0.7142033314438218,0.003479122344317047,0.09032924076579209,0,AGRI_BURN,TIER_A,weak_rule,0.85
TA-AGRI-029,NONE,GRP_RURAL_AGRI_01,10014.505509967938,0,2.4358550661723855,9.496953245578595,1.5295656126939705,340.998310851651,5.538427903134381,0.9672348807604982,3,15.599725773280825,0.7874833823222889,0.09809303748441976,0.07128986847281646,0,AGRI_BURN,TIER_A,weak_rule,0.85
TA-AGRI-030,NONE,GRP_RURAL_AGRI_11,53271.939123491364,0,3.4182606149850097,20.316691011750667,6.499996129153323,339.52504371742424,1.2897874817940116,0.9604700996275083,3,2.8829434228078434,0.7869096716616588,0.0773302331956171,0.07664934952959163,0,AGRI_BURN,TIER_A,weak_rule,0.85
TA-AGRI-031,NONE,GRP_RURAL_AGRI_08,17749.19413974932,0,9.18463982049935,18.97189883981853,5.247838320738583,357.46880375518924,3.8326538060493847,0.9399229242164857,2,19.82507830552305,0.9470730892638348,0.05439396812394863,0.00302641322118431,0,AGRI_BURN,TIER_A,weak_rule,0.85
TA-AGRI-032,NONE,GRP_RURAL_AGRI_08,10442.55402396329,0,19.302487807059993,18.637704522337568,2.4063650621460626,328.1280029969729,5.384765193483598,0.9015899331911388,3,20.53004585951336,0.923092176541349,0.0391043673957734,0.06494514127889572,0,AGRI_BURN,TIER_A,weak_rule,0.85
TA-AGRI-033,NONE,GRP_RURAL_AGRI_13,22080.26478263625,0,18.60070165404986,13.073683856524775,2.035504227289761,322.6719351745646,1.8516724614655944,0.8964749312159664,0,8.847496875389178,0.9278963973696288,0.07091642388506098,0.07843139766171964,0,AGRI_BURN,TIER_A,weak_rule,0.85
TA-AGRI-034,NONE,GRP_RURAL_AGRI_07,38383.488445882474,0,13.885373135043064,15.332102818400891,1.4794955219743995,344.81947019733866,6.784619882049691,0.9423817643138592,3,3.3009100817739716,0.8669011381984827,0.03904537131347152,0.009765390919166096,0,AGRI_BURN,TIER_A,weak_rule,0.85
TA-AGRI-035,NONE,GRP_RURAL_AGRI_08,14334.701135338817,0,38.24857282124467,1.7174464392814797,0.9332419412580774,352.3314694390675,7.05641872040077,0.8757822026720766,3,16.30223332847682,0.7172150220375451,0.026113412812680235,0.01389167374913508,0,AGRI_BURN,TIER_A,weak_rule,0.85
TA-AGRI-036,NONE,GRP_RURAL_AGRI_10,59050.24428987349,0,25.55447295494842,0.2040186219237302,1.2556982559031469,317.75925445224846,5.015674479140174,0.8779965320461574,3,5.293832194348506,0.8908247006362608,0.03799172607040583,0.05702764078553516,0,AGRI_BURN,TIER_A,weak_rule,0.85
TA-AGRI-037,NONE,GRP_RURAL_AGRI_11,22229.83318185694,0,37.75033191059571,9.677049327253165,8.352106776828698,327.9017605743933,1.2589429389922264,0.8016238504819434,3,21.26710026059385,0.9387014502463616,0.00748926702370305,0.09010756950742388,0,AGRI_BURN,TIER_A,weak_rule,0.85
TA-AGRI-038,NONE,GRP_RURAL_AGRI_01,3551.8638175448655,0,22.53320123690296,21.535577808555463,0.9413387105762522,324.67488081019627,0.7650703079964956,0.8863431002232759,3,15.81775043378859,0.899296622478821,0.048723918540684905,0.043519004840492294,0,AGRI_BURN,TIER_A,weak_rule,0.85
TA-AGRI-039,NONE,GRP_RURAL_AGRI_04,44242.9849592203,0,19.152395094342783,4.303345070095289,3.275212039797394,358.0730662251634,7.63968283717708,0.830853458178745,1,3.7897974795421008,0.7200888790305628,0.0018849359250031838,0.07213392323619774,0,AGRI_BURN,TIER_A,weak_rule,0.85
TA-AGRI-040,NONE,GRP_RURAL_AGRI_08,43962.49185397632,0,39.006508574721515,3.1599112528984468,1.1750000775802296,351.90896396059156,7.811298477472689,0.978716493828488,3,15.76958779919919,0.8272304205792858,0.05089496214871111,0.08200714249167276,0,AGRI_BURN,TIER_A,weak_rule,0.85
TA-AGRI-041,NONE,GRP_RURAL_AGRI_07,25351.394678526118,0,7.675904037531035,13.379697009637756,4.916697871605698,354.03380210703233,2.5123747218631576,0.900345760985092,3,23.200829065450083,0.861378658881423,0.004015425126165248,0.003786503201834535,0,AGRI_BURN,TIER_A,weak_rule,0.85
TA-AGRI-042,NONE,GRP_RURAL_AGRI_08,46850.276367124796,0,4.792625473712908,10.697417409463842,5.872321778682886,317.38854895509513,6.715992055643114,0.996715819626079,2,11.89094001922953,0.7219056885431699,0.10678985739654653,0.008844635073267893,0,AGRI_BURN,TIER_A,weak_rule,0.85
TA-AGRI-043,NONE,GRP_RURAL_AGRI_08,42285.765220326895,0,26.650356483670464,14.77803363131125,5.817788422554792,338.03825504706134,5.4268417407292695,0.922607822794876,2,13.608314909591634,0.7030193520432954,0.054484172623750354,0.0906055081406477,0,AGRI_BURN,TIER_A,weak_rule,0.85
TA-AGRI-044,NONE,GRP_RURAL_AGRI_10,48629.59466791235,0,17.01433945380678,21.140672394001328,6.786915154839353,325.0388390474798,0.800273041486254,0.9845729032123633,2,18.310806995131284,0.8578377565214341,0.007370131578415671,0.04731605319540283,0,AGRI_BURN,TIER_A,weak_rule,0.85
TA-AGRI-045,NONE,GRP_RURAL_AGRI_03,38730.88972028063,0,26.3558994890562,6.560219949736653,6.270356854799773,311.41950055148016,4.620461599538746,0.8253642670893612,0,21.36040877328954,0.7777976631415953,0.01590465153676071,0.02809719314814888,0,AGRI_BURN,TIER_A,weak_rule,0.85
TA-AGRI-046,NONE,GRP_RURAL_AGRI_14,19302.776816289756,0,29.73473788372063,13.363309565235538,7.737016338885786,348.42629614367377,6.102822943006097,0.8739533659932623,1,6.9006884036356855,0.896216964320353,0.0581902216501318,0.07993720064117674,0,AGRI_BURN,TIER_A,weak_rule,0.85
TA-AGRI-047,NONE,GRP_RURAL_AGRI_14,5535.067406186098,0,39.36764481030954,21.28813481451967,5.06616933993374,352.7296359242187,7.619720866647067,0.9505522593760276,3,19.374010834005407,0.7666252829506013,0.052822201007007734,0.06375746664947514,0,AGRI_BURN,TIER_A,weak_rule,0.85
TA-AGRI-048,NONE,GRP_RURAL_AGRI_04,39032.079720223,0,33.72077149897446,1.3843021467424312,2.2547177603398154,352.61561249220154,0.9464471744343887,0.8928029856067073,3,7.883494683865627,0.9089221527092941,0.09029134236794047,0.053252083237216856,0,AGRI_BURN,TIER_A,weak_rule,0.85
TA-AGRI-049,NONE,GRP_RURAL_AGRI_07,45535.86245249867,0,15.78579831899111,5.92522830191453,4.513453705598845,332.60618514282163,2.9547338886662677,0.9594618088734457,3,17.12308842863419,0.9692935623859685,0.08194515730965501,0.0041017615030439995,0,AGRI_BURN,TIER_A,weak_rule,0.85
TA-AGRI-050,NONE,GRP_RURAL_AGRI_09,42701.58530220708,0,38.26049113881811,9.612932153855153,7.804176719382701,354.6344950063133,3.347222956253379,0.853417563143844,0,6.755926013226884,0.8635695134812821,0.055333031213120526,0.06752911191365936,0,AGRI_BURN,TIER_A,weak_rule,0.85
TA-AGRI-051,NONE,GRP_RURAL_AGRI_04,48660.27752921898,0,23.672354356860684,4.449379924945238,2.874582060156964,345.89447310304024,2.029291545322489,0.9095225110807686,0,20.876392745709587,0.7033491950865809,0.0117238511370995,0.010390728477760814,0,AGRI_BURN,TIER_A,weak_rule,0.85
TA-AGRI-052,NONE,GRP_RURAL_AGRI_08,25118.2598173179,0,29.09245104452142,5.691335135766371,0.2990145638675758,342.20865563140023,0.9834962485529213,0.9188277164945089,1,23.786979501582174,0.8786632078446539,0.08496901269954026,0.011997710977782584,0,AGRI_BURN,TIER_A,weak_rule,0.85
TA-AGRI-053,NONE,GRP_RURAL_AGRI_14,40688.17573777807,0,15.22555007307877,16.852099304033512,5.510720566629798,351.76640342393966,2.070533239215715,0.8221690173382367,1,6.706725602723144,0.8307475616405442,0.11234184718940929,0.06387805078435224,0,AGRI_BURN,TIER_A,weak_rule,0.85
TA-AGRI-054,NONE,GRP_RURAL_AGRI_05,50815.58648690193,0,27.7811932248223,14.753226606424116,6.5483154876954925,323.38150295929785,7.136216037936322,0.8554574963109284,0,9.878575559857975,0.7931433263336747,0.0072070377393710005,0.09556056992173259,0,AGRI_BURN,TIER_A,weak_rule,0.85
TA-AGRI-055,NONE,GRP_RURAL_AGRI_05,14442.663428152739,0,3.05511970908459,21.551399167203762,1.7136807809879109,330.41699115394795,5.986607005316667,0.8216860937235841,3,5.850469205842718,0.8801346867512905,0.10951310674093517,0.07154003177508432,0,AGRI_BURN,TIER_A,weak_rule,0.85
TA-AGRI-056,NONE,GRP_RURAL_AGRI_02,5643.945019577067,0,3.095369387286744,16.060484302513306,6.608743533533354,310.9757692412931,4.7304617111776865,0.9305730665331114,0,23.355896226517654,0.8860896342198212,0.03197237773383332,0.07000551993387256,0,AGRI_BURN,TIER_A,weak_rule,0.85
TA-AGRI-057,NONE,GRP_RURAL_AGRI_07,38840.375481007846,0,20.76070521765906,20.69006139641699,4.175868563573089,332.67499870809513,7.674417806312613,0.9561874073926742,0,13.733153566965816,0.7009260608824989,0.11449864151113745,0.08179766593860827,0,AGRI_BURN,TIER_A,weak_rule,0.85
TA-AGRI-058,NONE,GRP_RURAL_AGRI_08,10954.024492841201,0,21.55157183648031,21.816910092714576,2.8409031619786123,325.7470599772928,0.9691547220521893,0.9994031592589973,0,9.451206357019723,0.9389357819338079,0.04080753482621024,0.08411815871271443,0,AGRI_BURN,TIER_A,weak_rule,0.85
TA-AGRI-059,NONE,GRP_RURAL_AGRI_13,50640.247515085764,0,26.017365100710713,4.050279038306812,0.34392174023527616,329.9765111085636,2.1235268677800736,0.9391764557214152,0,15.950117907499099,0.8005931140200867,0.010183498160732522,0.06327912691085319,0,AGRI_BURN,TIER_A,weak_rule,0.85
TA-AGRI-060,NONE,GRP_RURAL_AGRI_12,15152.066481161795,0,1.717222058518089,0.7529483995609778,8.46929642143925,322.4012268292911,3.8045240345257314,0.9585478343673826,2,12.742261712115488,0.9701870768784737,0.09741337041494899,0.09665741398620131,0,AGRI_BURN,TIER_A,weak_rule,0.85
TA-AGRI-061,NONE,GRP_RURAL_AGRI_01,5778.124815717592,0,2.525361787583143,17.373571995780328,0.37349538902015705,316.1457296535914,7.360381499362918,0.9334632836626763,3,23.532199845559198,0.9436560082792603,0.06438736720289613,0.07410514993916877,0,AGRI_BURN,TIER_A,weak_rule,0.85
TA-AGRI-062,NONE,GRP_RURAL_AGRI_04,60376.17242284162,0,1.764043396694591,3.2866722945712845,5.561029662354624,334.50342106203215,8.303162144542952,0.809160338703815,1,0.8519475215680943,0.8771452073304968,0.10855948207438348,0.0820739223016032,0,AGRI_BURN,TIER_A,weak_rule,0.85
TA-AGRI-063,NONE,GRP_RURAL_AGRI_02,31555.35246499175,0,7.076368698950712,13.084726266520288,6.9531235092157395,315.52922241343066,4.725719720552175,0.9598350444668957,1,2.0461977363311594,0.7567395192335487,0.04048117322759719,0.08358959479793365,0,AGRI_BURN,TIER_A,weak_rule,0.85
TA-AGRI-064,NONE,GRP_RURAL_AGRI_12,45221.46699371583,0,13.17212715816391,21.473601273545075,4.899959918741597,317.14112890305125,7.609630284457544,0.95862033398931,0,15.030588699500763,0.7939410437472323,0.014489458746218702,0.014123680261932371,0,AGRI_BURN,TIER_A,weak_rule,0.85
TA-AGRI-065,NONE,GRP_RURAL_AGRI_07,13835.12746782743,0,14.986115532147043,3.7971335631818643,2.0785427346004934,340.2632616916026,1.6336524549851315,0.9582104591240983,3,19.552710122354064,0.7043764913551177,0.05843609697883361,0.0006349578553616953,0,AGRI_BURN,TIER_A,weak_rule,0.85
TA-AGRI-066,NONE,GRP_RURAL_AGRI_03,60457.42281140525,0,28.357627563735132,13.143325408807023,2.4188808223882816,346.06218342472175,7.234046075990669,0.8952024946992969,1,5.550925355446728,0.8791511970450425,0.06277042369581978,0.0412031324500246,0,AGRI_BURN,TIER_A,weak_rule,0.85
TA-AGRI-067,NONE,GRP_RURAL_AGRI_03,41048.08630077484,0,1.793562115520216,4.124010180197154,4.254046020331255,359.4154993338667,5.831129059382606,0.9565166060644384,2,10.760253817677244,0.8561589129714587,0.023028343424953055,0.09866035247608945,0,AGRI_BURN,TIER_A,weak_rule,0.85
TA-AGRI-068,NONE,GRP_RURAL_AGRI_02,41563.63780242897,0,34.55042308581464,21.71185027484564,4.319021023598718,334.1392323677035,5.824946083905404,0.8416217405742803,0,5.246115328823314,0.9230516320599681,0.08222925052980931,0.09685738378128735,0,AGRI_BURN,TIER_A,weak_rule,0.85
TA-AGRI-069,NONE,GRP_RURAL_AGRI_08,34097.16252493794,0,6.642455863242314,20.314272260218264,0.46869444567612173,328.9380395920825,2.2815128989123474,0.8502763559435228,3,1.561278325008726,0.9073167277476776,0.11098336148622093,0.01758876082155526,0,AGRI_BURN,TIER_A,weak_rule,0.85
TA-AGRI-070,NONE,GRP_RURAL_AGRI_13,5287.511347467271,0,20.741677589027464,1.7447370671683984,2.007695565556825,333.13068642333707,5.427975094100569,0.8838132548313609,2,6.136549272275674,0.7308372030505316,0.027333847670016398,0.023711836142650145,0,AGRI_BURN,TIER_A,weak_rule,0.85
TA-AGRI-071,NONE,GRP_RURAL_AGRI_07,56998.00763128164,0,15.20863579874632,5.010448130987195,4.008707305993387,335.18920122702156,8.069155173039832,0.8289882543923932,3,4.862488754016103,0.8045758229359484,0.05492882316096533,0.01941549229027414,0,AGRI_BURN,TIER_A,weak_rule,0.85
TA-AGRI-072,NONE,GRP_RURAL_AGRI_06,63496.68731604675,0,8.327772363535212,2.9732164703284347,5.88686739554981,313.1018894209818,1.6602627444597235,0.9703302733086561,3,10.746483819145203,0.9128950832501149,0.026382427710064323,0.02951615125211774,0,AGRI_BURN,TIER_A,weak_rule,0.85
TA-AGRI-073,NONE,GRP_RURAL_AGRI_03,52057.138348860826,0,25.62856879103614,13.531312371355313,1.452752259733163,360.44706377940844,7.7675341848468,0.817294866460109,3,21.62387680183184,0.7606039292040664,0.05681867912738533,0.04627629166779732,0,AGRI_BURN,TIER_A,weak_rule,0.85
TA-AGRI-074,NONE,GRP_RURAL_AGRI_01,48396.09191066613,0,29.526300707028504,5.577061060091297,2.7887425928322345,340.1322855618979,8.08049233916087,0.9183543264064973,1,22.88699065935365,0.9515105024086067,0.05013262240307095,0.0044224195480783825,0,AGRI_BURN,TIER_A,weak_rule,0.85
TA-AGRI-075,NONE,GRP_RURAL_AGRI_08,48608.7925603188,0,20.317388241996884,9.480208629209201,3.35777812673894,352.10525910181485,6.4215548037065275,0.8195998407191655,3,6.392531566588149,0.8563763506029698,0.0014907589791654052,0.07317862838999784,0,AGRI_BURN,TIER_A,weak_rule,0.85
TA-AGRI-076,NONE,GRP_RURAL_AGRI_04,11661.788110002497,0,12.042880000105328,14.318556326457456,0.7802934969607522,334.9487134724099,3.0911111189076603,0.9406608975817008,0,24.422309071895477,0.8298529798993006,0.016634869761048884,0.07031348899406223,0,AGRI_BURN,TIER_A,weak_rule,0.85
TA-AGRI-077,NONE,GRP_RURAL_AGRI_03,52076.31083652702,0,15.005692285928093,10.32164816517431,5.387585551377962,354.7398978517939,1.1009380316099056,0.9786868880551318,2,13.507548010360429,0.7830451947394954,0.09034656131546738,0.06980549838103017,0,AGRI_BURN,TIER_A,weak_rule,0.85
TA-AGRI-078,NONE,GRP_RURAL_AGRI_10,36859.75904670809,0,31.84080650451566,17.371682202262438,0.6973422629212193,355.80405689370724,6.753966673642902,0.8109623350422628,2,22.25545869591298,0.7310706322433606,0.04387090307356673,0.06191334503954227,0,AGRI_BURN,TIER_A,weak_rule,0.85
TA-AGRI-079,NONE,GRP_RURAL_AGRI_06,26035.629248462206,0,26.032454537480927,15.566245770906871,4.770837190615179,350.2259264487405,1.6764493610012434,0.8669859353283536,0,16.401440808349026,0.9064664180797444,0.09027325682054702,0.08711313825778941,0,AGRI_BURN,TIER_A,weak_rule,0.85
TA-AGRI-080,NONE,GRP_RURAL_AGRI_12,16402.329499424766,0,29.877163571172733,5.114531533316605,3.0045220726985593,323.9026083214986,6.281927280835044,0.8554290667987764,0,9.633937578335784,0.8266749818335737,0.060174011462941095,0.08295598262750314,0,AGRI_BURN,TIER_A,weak_rule,0.85
TA-AGRI-081,NONE,GRP_RURAL_AGRI_08,47154.25525763724,0,27.22883918931743,11.816249142647058,2.491324358040812,342.2894659276574,7.299182871156223,0.9890730644661532,0,5.114662769076441,0.9475141147390362,0.010477050018462889,0.039068250282068444,0,AGRI_BURN,TIER_A,weak_rule,0.85
TA-AGRI-082,NONE,GRP_RURAL_AGRI_03,21234.920292591858,0,38.278089117667136,2.584155268906827,2.3527538304112006,346.24826976428636,4.718794247353327,0.9749986279074194,0,7.682651327588765,0.9714808895518849,0.06497219496821295,0.013202736879814348,0,AGRI_BURN,TIER_A,weak_rule,0.85
TA-AGRI-083,NONE,GRP_RURAL_AGRI_06,29337.993340919857,0,29.587056983962448,0.6683141064276259,1.6151249922397832,311.1459041635191,7.316907372137818,0.9669895037225614,2,10.58644737436073,0.795981894013382,0.07752614717497619,0.03263064137559264,0,AGRI_BURN,TIER_A,weak_rule,0.85
TA-AGRI-084,NONE,GRP_RURAL_AGRI_10,44450.103769876885,0,21.347599327741133,12.156617928345405,3.8984802115832196,339.49708636747016,8.135396344285162,0.8612990009363549,2,6.056157483637007,0.8041326486453617,0.0345775551525501,0.0845513709242038,0,AGRI_BURN,TIER_A,weak_rule,0.85
TA-AGRI-085,NONE,GRP_RURAL_AGRI_03,25216.93506456535,0,18.400283526343777,3.826714981244048,7.8558776278429185,347.01423296210515,2.9245959486766475,0.9946412178506842,1,4.450740473931137,0.7327368537450015,0.1192527645676963,0.05745251709705107,0,AGRI_BURN,TIER_A,weak_rule,0.85
TA-AGRI-086,NONE,GRP_RURAL_AGRI_08,19515.042630842596,0,7.624514348392693,12.462221884843181,0.3045103626739031,326.48107575518765,3.422699628453894,0.8745829872018532,1,13.57425245559375,0.7340172065624707,0.002991024617459468,0.09310689158694216,0,AGRI_BURN,TIER_A,weak_rule,0.85
TA-AGRI-087,NONE,GRP_RURAL_AGRI_13,12441.10902614166,0,18.484217222289058,7.18075089456112,0.046458656389823855,348.40173903405343,8.79260880733264,0.8662561292160212,2,12.110811505104955,0.7811516111455079,0.11328114308788922,0.09806897788797747,0,AGRI_BURN,TIER_A,weak_rule,0.85
TA-AGRI-088,NONE,GRP_RURAL_AGRI_10,44513.59548453713,0,32.04317414566644,16.082254567518838,7.84025994340685,327.6115903544101,1.4546827950994998,0.8957962466778971,0,3.9158706896841835,0.8542687972838081,0.03696986409258448,0.04016299219244867,0,AGRI_BURN,TIER_A,weak_rule,0.85
TA-AGRI-089,NONE,GRP_RURAL_AGRI_14,17052.43504365772,0,14.488523878689861,7.314789038894572,5.17320377003211,320.14778681351567,4.974687657417526,0.9562566711539999,2,5.295033999178125,0.7234050741102951,0.10193416665088362,0.06770633881655169,0,AGRI_BURN,TIER_A,weak_rule,0.85
TA-AGRI-090,NONE,GRP_RURAL_AGRI_02,63514.12967573801,0,15.958617432562013,10.892144853823782,5.130929215528895,336.6009038169452,0.9764047505095524,0.9333532770887984,3,4.124675490268411,0.9390651395897517,0.04435559605310495,0.03728311509802251,0,AGRI_BURN,TIER_A,weak_rule,0.85
TA-AGRI-091,NONE,GRP_RURAL_AGRI_05,24712.59310922276,0,12.530988179204524,9.913557693807615,4.773170264539959,321.2161480922131,8.046341451077707,0.9483055353054362,3,20.190294860611534,0.7808175251324571,0.09668073421239912,0.09703606732020051,0,AGRI_BURN,TIER_A,weak_rule,0.85
TA-AGRI-092,NONE,GRP_RURAL_AGRI_07,48309.23920221905,0,16.74349337250618,18.414151404801945,5.086474152585879,317.4692427128908,3.0774646776483316,0.9976764855794993,2,2.119836638586582,0.9688266835018253,0.0907336864254824,0.00884482786552523,0,AGRI_BURN,TIER_A,weak_rule,0.85
TA-AGRI-093,NONE,GRP_RURAL_AGRI_07,42786.56898242418,0,11.151155691267597,4.012667635952991,3.9333984993397966,339.53164886886384,8.276412942736446,0.839851512292037,3,7.591847580445853,0.8373639730500073,0.09873590632639673,0.030199289943713837,0,AGRI_BURN,TIER_A,weak_rule,0.85
TA-AGRI-094,NONE,GRP_RURAL_AGRI_10,22190.73432599887,0,22.5034579498491,10.303249985684014,0.23787172472070128,310.1272270978186,2.7327547002691017,0.9912053192266155,3,3.5423346461237784,0.886455769315006,0.034522683993420095,0.017937230685268712,0,AGRI_BURN,TIER_A,weak_rule,0.85
TA-AGRI-095,NONE,GRP_RURAL_AGRI_12,43154.3295052062,0,1.4291706192372713,16.870860156739734,4.195996410562744,360.47251697979635,5.5905762488939414,0.8723519020990518,3,14.356577446190107,0.9431368570939841,0.0753595256977494,0.04760407132972683,0,AGRI_BURN,TIER_A,weak_rule,0.85
TA-AGRI-096,NONE,GRP_RURAL_AGRI_12,53824.268868970845,0,15.116127974147176,16.17846849814615,0.1589577336343211,323.49593356600445,5.4440632238785795,0.8292274241442698,3,22.018772978227098,0.7379392702882582,0.019597062217791363,0.027267035365971505,0,AGRI_BURN,TIER_A,weak_rule,0.85
TA-AGRI-097,NONE,GRP_RURAL_AGRI_07,42629.198805201304,0,38.219707442317734,1.2619848349605878,2.4862281892926137,343.2252193144596,1.1530267847170317,0.8387629669404663,1,19.23488978904085,0.8676534966434238,0.020056310484152136,0.032260686064096634,0,AGRI_BURN,TIER_A,weak_rule,0.85
TA-AGRI-098,NONE,GRP_RURAL_AGRI_06,54349.55279132116,0,27.493195905947125,6.7633763351872975,5.82941717822659,345.7940253827809,1.314583983589505,0.9160093282932481,1,0.815992764050224,0.8450878089576734,0.04476170341265902,0.04848990247547217,0,AGRI_BURN,TIER_A,weak_rule,0.85
TA-AGRI-099,NONE,GRP_RURAL_AGRI_06,60135.803718220144,0,6.772256956741131,4.949701420734055,4.283720762113135,353.24182484893254,7.258407273329662,0.9117310428819483,0,10.724983306840345,0.956488724808336,0.013987878101031245,0.013123215677894463,0,AGRI_BURN,TIER_A,weak_rule,0.85
TA-AGRI-100,NONE,GRP_RURAL_AGRI_01,32990.37113722346,0,12.66946659412021,8.103994733322446,6.946658590823804,356.26577203984743,5.58001343493558,0.9527179091723434,2,4.719075410756652,0.7853115925792803,0.08933522595278094,0.01185968907353121,0,AGRI_BURN,TIER_A,weak_rule,0.85
TA-AGRI-101,NONE,GRP_RURAL_AGRI_03,56194.13536560551,0,5.951665654148699,5.139322588607202,1.0741720978286122,316.7713491247423,1.1681421779903993,0.9381636273309941,0,2.404514789288914,0.9169138462513042,0.09088008412532282,0.004251694080495083,0,AGRI_BURN,TIER_A,weak_rule,0.85
TA-AGRI-102,NONE,GRP_RURAL_AGRI_02,5516.752014107207,0,26.493617080786258,13.131240541428193,3.9925090792003983,357.243523516928,0.8678927165501009,0.8603291610890424,0,18.98648165065302,0.9190638279517158,0.11041176849763866,0.02054011865526664,0,AGRI_BURN,TIER_A,weak_rule,0.85
TA-AGRI-103,NONE,GRP_RURAL_AGRI_04,14864.082211568499,0,14.255886558902167,2.178989024260208,7.191364325621881,358.9759389342631,8.564728643207896,0.8695673083546807,1,21.450883010518126,0.9186245981156465,0.07355477146073208,0.05049092290568006,0,AGRI_BURN,TIER_A,weak_rule,0.85
TA-AGRI-104,NONE,GRP_RURAL_AGRI_02,9594.999603216125,0,23.251907023048314,0.5048579925945738,1.8523136636409216,319.960471050007,2.895782727450686,0.9803320583015946,0,24.352707645081423,0.7276320011823251,0.025681846368739453,0.05041952718145907,0,AGRI_BURN,TIER_A,weak_rule,0.85
TA-AGRI-105,NONE,GRP_RURAL_AGRI_12,32695.003483723667,0,28.01587639896876,4.235741980259977,5.728233177447902,315.58087424489946,7.595308307677432,0.996260224848412,3,5.749713011824707,0.7637151795187729,0.013541457439729062,0.09846127503684184,0,AGRI_BURN,TIER_A,weak_rule,0.85
TA-AGRI-106,NONE,GRP_RURAL_AGRI_02,32152.954304847448,0,20.933184976098843,11.008789244425042,3.0770163879779386,324.99010551699155,6.638160864600336,0.8164495890261463,3,3.3352038705880727,0.77941120392043,0.07204674101129867,0.031200691079383003,0,AGRI_BURN,TIER_A,weak_rule,0.85
TA-AGRI-107,NONE,GRP_RURAL_AGRI_14,30803.28601517689,0,22.290460876890304,6.53484728539123,7.2720545124515485,319.81681925469815,1.091677834133911,0.9682116550243444,3,23.507509042611062,0.8028835905358436,0.0015343013394385396,0.06741589120898274,0,AGRI_BURN,TIER_A,weak_rule,0.85
TA-AGRI-108,NONE,GRP_RURAL_AGRI_11,9968.070901011974,0,17.690916511041646,14.556352139622769,0.7317001766872367,317.4551132062837,3.9053064466105063,0.9181114464664025,0,18.665087909770104,0.9498797365561048,0.020246785340944297,0.036370999347573145,0,AGRI_BURN,TIER_A,weak_rule,0.85
TA-AGRI-109,NONE,GRP_RURAL_AGRI_04,24325.84624973092,0,23.91994494876244,21.79641674618051,1.0522508037616545,353.58167482975585,6.664204252827435,0.8557036664557711,2,19.029422121812193,0.9242755846699531,0.11318700706979827,0.03560973068760803,0,AGRI_BURN,TIER_A,weak_rule,0.85
TA-AGRI-110,NONE,GRP_RURAL_AGRI_11,40594.67409501625,0,16.35641088787221,10.762816331899437,2.37778147579138,349.935976890035,1.4183116781608425,0.8501379720707855,3,6.1551339283219715,0.9638728412813719,0.0035668222006589633,0.07377983559135527,0,AGRI_BURN,TIER_A,weak_rule,0.85
TA-AGRI-111,NONE,GRP_RURAL_AGRI_14,7696.063400322915,0,27.220865394636473,21.391181600870834,3.2585540236750057,345.3186268285044,1.798261534969487,0.9243933523047456,0,19.124200372954256,0.8851025692407095,0.06239386954984555,0.04921875133568898,0,AGRI_BURN,TIER_A,weak_rule,0.85
TA-AGRI-112,NONE,GRP_RURAL_AGRI_08,15918.802898780403,0,26.585101362068894,10.887457853589396,2.23153817434087,327.86801378498257,7.8072146519608525,0.9093240067626095,0,24.772433355785584,0.9464351878775876,0.014296093032029158,0.04501155191254556,0,AGRI_BURN,TIER_A,weak_rule,0.85
TA-AGRI-113,NONE,GRP_RURAL_AGRI_14,26644.698621460815,0,18.54835268131234,0.9163435552697472,4.736099013599749,354.7387565413705,3.0758788587149373,0.9412118407549623,3,11.051687388084545,0.787488709095139,0.04668965889881991,0.07640111380024403,0,AGRI_BURN,TIER_A,weak_rule,0.85
TA-AGRI-114,NONE,GRP_RURAL_AGRI_10,45014.011678614115,0,26.50511999417261,15.141156842997326,4.868064881851955,334.74737487165095,7.7619874911654225,0.9013370097514051,3,6.95307911649296,0.8654926332223699,0.0453357246073541,0.06764877837357205,0,AGRI_BURN,TIER_A,weak_rule,0.85
TA-AGRI-115,NONE,GRP_RURAL_AGRI_13,63633.65108514509,0,13.023166504044324,0.8136043077118877,0.393055658105027,353.52057590375335,3.4654526962429584,0.9484114268183216,0,19.247253498717402,0.8750428400602327,0.0456688053286225,0.04281481902684497,0,AGRI_BURN,TIER_A,weak_rule,0.85
TA-AGRI-116,NONE,GRP_RURAL_AGRI_06,28833.67055731311,0,2.5410351004542995,5.524189724013087,2.001941530795568,326.22917546936606,1.2220047618322563,0.9375982523940507,2,3.3045467642773634,0.7475381875449371,0.06461001753161862,0.0037377621687273545,0,AGRI_BURN,TIER_A,weak_rule,0.85
TA-AGRI-117,NONE,GRP_RURAL_AGRI_11,56597.164090589366,0,22.85156137374017,19.850734625619374,2.273594335788602,346.18984076696927,5.497908485598934,0.9971529563017403,3,14.473661747294434,0.7902779832505495,0.011727080769830844,0.04883586175743988,0,AGRI_BURN,TIER_A,weak_rule,0.85
TA-AGRI-118,NONE,GRP_RURAL_AGRI_12,45019.34466260196,0,13.637908260675045,11.160353792382526,6.504034115494194,327.65605009097317,5.72603692521101,0.87266686107133,3,5.443086357230817,0.8779243761096414,0.11689287166638637,0.00753211814193463,0,AGRI_BURN,TIER_A,weak_rule,0.85
TA-AGRI-119,NONE,GRP_RURAL_AGRI_14,36453.79244287257,0,11.708015694667827,1.2361836722611017,8.467973116630246,330.9054223138046,2.420030804789546,0.9485776051252202,0,18.0838176547183,0.8618941094467447,0.07102375865295951,0.027336493184618484,0,AGRI_BURN,TIER_A,weak_rule,0.85
TA-AGRI-120,NONE,GRP_RURAL_AGRI_10,52772.91879549931,0,19.168154175252496,4.772313658680761,6.765083351961202,343.87991430487057,3.0656996241914922,0.9608253423868254,3,16.75468908420738,0.7877388305665668,0.049717710079819816,0.025126479286673567,0,AGRI_BURN,TIER_A,weak_rule,0.85
TA-AGRI-121,NONE,GRP_RURAL_AGRI_09,31373.55922759291,0,30.608655932830505,4.137098549332807,0.16794220477636887,346.5732455763493,7.833033357453204,0.9153686590480858,1,16.689752292423456,0.9306942397938538,0.11257235926445898,0.026793595356615574,0,AGRI_BURN,TIER_A,weak_rule,0.85
TA-AGRI-122,NONE,GRP_RURAL_AGRI_11,36262.239104132415,0,24.69256522547568,16.9667978001313,3.6923208763827304,339.4380550219415,5.827447008408562,0.9044539171466948,2,11.830923792866768,0.7673047053972806,0.08957202197787757,0.07655300818404233,0,AGRI_BURN,TIER_A,weak_rule,0.85
TA-AGRI-123,NONE,GRP_RURAL_AGRI_14,30276.410227499946,0,12.950531252096459,18.298673496118216,0.5569897256943904,320.58501815788657,4.005726227677952,0.964742140899665,1,6.782942554562874,0.8683450355091419,0.04870391270978756,0.01135585766282845,0,AGRI_BURN,TIER_A,weak_rule,0.85
TA-AGRI-124,NONE,GRP_RURAL_AGRI_04,5203.806680467547,0,31.942676979608716,6.969784378399562,4.130896172470706,361.54724149911783,4.087162595233599,0.9811311245515998,1,4.404282969843172,0.7382005760681608,0.03100762169629618,0.08035381829572617,0,AGRI_BURN,TIER_A,weak_rule,0.85
TA-AGRI-125,NONE,GRP_RURAL_AGRI_11,37368.42590066113,0,25.87846470359776,1.1206657008122958,6.1438042389213905,350.6761547404174,0.9702818193023197,0.9793010951339148,2,15.239193635437559,0.9428080983296251,0.10806898619689506,0.0407006851559678,0,AGRI_BURN,TIER_A,weak_rule,0.85
TA-AGRI-126,NONE,GRP_RURAL_AGRI_06,44807.832516223054,0,35.46305828008919,8.852312102622795,7.139990921309221,353.8230138965631,2.506349790479429,0.9141946758843666,0,13.287960192362366,0.9321148431488687,0.11396094004075155,0.09315556252394627,0,AGRI_BURN,TIER_A,weak_rule,0.85
TA-AGRI-127,NONE,GRP_RURAL_AGRI_05,34031.74273223235,0,3.882876871166013,13.276104669761917,6.574390608063151,326.29733712317693,7.574840403845704,0.9474472707360247,1,23.41975235089876,0.7610423478513793,0.01281768158837043,0.02141086382413169,0,AGRI_BURN,TIER_A,weak_rule,0.85
TA-AGRI-128,NONE,GRP_RURAL_AGRI_05,30527.73788284582,0,10.395945042797383,13.050684587800307,4.173144345500766,329.4846591977784,8.56404256045946,0.8632979892875925,3,12.13392604311624,0.7689770730564616,0.033328051757306035,0.07842732514215432,0,AGRI_BURN,TIER_A,weak_rule,0.85
TA-AGRI-129,NONE,GRP_RURAL_AGRI_03,25824.377754525383,0,28.712147796148432,18.105764982984486,0.18892004668284507,360.27386828565545,5.649425229399503,0.9682945933035757,0,17.421720154417333,0.9208647589985103,0.028761099505111173,0.05527279033116267,0,AGRI_BURN,TIER_A,weak_rule,0.85
TA-AGRI-130,NONE,GRP_RURAL_AGRI_05,42795.36710639851,0,28.11448703933766,19.888824751280666,5.827758394675228,337.81535602421724,2.5092461056262305,0.8884805595702991,0,22.78983294992391,0.81003315910475,0.11735914252811075,0.02555336900121581,0,AGRI_BURN,TIER_A,weak_rule,0.85
TA-AGRI-131,NONE,GRP_RURAL_AGRI_02,61083.827883724305,0,30.3397167678757,6.68381927152295,7.306448099972267,318.3318160148436,4.230189706135525,0.8634368715874363,3,19.838276288137592,0.7767302271917796,0.009611347159622103,0.07794566820598797,0,AGRI_BURN,TIER_A,weak_rule,0.85
TA-AGRI-132,NONE,GRP_RURAL_AGRI_08,32472.11392836221,0,16.694564346089507,18.537363566855667,6.100607292025441,355.5915838164419,7.472051138828414,0.9648801731472363,2,12.905195591047384,0.7985197770434896,0.07225391304126225,0.08134280484000424,0,AGRI_BURN,TIER_A,weak_rule,0.85
TA-AGRI-133,NONE,GRP_RURAL_AGRI_12,23596.253036525828,0,27.899840947135022,16.811064706264094,5.455255048253539,319.55446035242176,4.268942253467918,0.9282197611571732,0,10.316215324415603,0.8759229565080502,0.0376466163180554,0.008223205142340206,0,AGRI_BURN,TIER_A,weak_rule,0.85
TA-AGRI-134,NONE,GRP_RURAL_AGRI_03,18850.619303111,0,28.62848846536639,16.93384044399519,5.521543013745929,316.7648336592461,5.5491370620496845,0.88206324099398,2,11.56150252908434,0.9445816362339868,0.016021176213633897,0.01734790257175778,0,AGRI_BURN,TIER_A,weak_rule,0.85
TA-AGRI-135,NONE,GRP_RURAL_AGRI_10,54346.26947452274,0,32.04128811722512,4.530869087874121,3.5290746444532295,319.45824119792655,7.949315109902771,0.9889514309684619,1,1.0079986209323677,0.7064316265171129,0.06702359823623896,0.06120031597213996,0,AGRI_BURN,TIER_A,weak_rule,0.85
TA-AGRI-136,NONE,GRP_RURAL_AGRI_04,59270.95400148674,0,38.97286459846994,4.522203218243068,5.963707199186415,318.77530973098214,3.908796744443732,0.8857806736236703,2,4.1566544225961035,0.968249201946092,0.02041474605850294,0.05672428989212999,0,AGRI_BURN,TIER_A,weak_rule,0.85
TA-AGRI-137,NONE,GRP_RURAL_AGRI_01,47692.88056596382,0,17.575801792013383,20.255761266027466,3.861979774560151,345.0277222223263,1.5073549666115156,0.9427127423929353,1,23.678282004724814,0.927755479358093,0.03194434161898073,0.07464430294496428,0,AGRI_BURN,TIER_A,weak_rule,0.85
TA-AGRI-138,NONE,GRP_RURAL_AGRI_07,11507.258873622699,0,34.29660778792393,13.2818047456395,8.459311250273247,324.7142967417003,6.256103535067938,0.8836661982243804,3,19.91535659935772,0.7080564725492449,0.11713537954848956,0.023548562539875684,0,AGRI_BURN,TIER_A,weak_rule,0.85
TA-AGRI-139,NONE,GRP_RURAL_AGRI_08,59300.686450835725,0,14.974618259379657,15.117022477907948,3.899813305943618,310.5366525976497,1.632241956198733,0.8646491959309566,3,17.327885007108247,0.8997340657366717,0.08501437999900364,0.07361041053920682,0,AGRI_BURN,TIER_A,weak_rule,0.85
TA-WILD-000,NONE,GRP_FOREST_WILD_05,11575.005639904342,0,421.2939809977577,24.54222936051672,559.6727953656184,392.51774200370187,86.98614681756737,0.5925497857908069,0,1.4235178309596588,0.09081755959643734,0.775709432883765,0.0,0,WILDFIRE,TIER_A,weak_rule,0.88
TA-WILD-001,NONE,GRP_FOREST_WILD_07,65413.58190313808,0,106.12078425510887,339.58473037805516,39.0581185339752,352.5739945743975,48.99249870905149,0.5471359310457913,2,70.35384340568412,0.023745516062800856,0.7547147376416947,0.0,0,WILDFIRE,TIER_A,weak_rule,0.88
TA-WILD-002,NONE,GRP_FOREST_WILD_09,43963.66926105034,0,201.22125995678306,122.47610301942235,587.4322121575834,396.3918545947976,214.51452685869955,0.4624002598161201,2,74.17272635532018,0.050926591474582845,0.9393890072171495,0.0,0,WILDFIRE,TIER_A,weak_rule,0.88
TA-WILD-003,NONE,GRP_FOREST_WILD_10,79663.02609846556,0,695.6239256837099,198.8647571383332,269.92859063456217,350.6027831750317,165.79506308496298,0.5465099119057518,1,44.89830195449038,0.16611350475501646,0.8600952235118497,0.0,0,WILDFIRE,TIER_A,weak_rule,0.88
TA-WILD-004,NONE,GRP_FOREST_WILD_08,9789.996944388711,0,118.27663882440947,91.19770458845791,35.97941517900527,363.65068301116696,159.42834969035806,0.5245719466090919,3,4.222544974685121,0.0641736209242593,0.8839796169480829,0.0,0,WILDFIRE,TIER_A,weak_rule,0.88
TA-WILD-005,NONE,GRP_FOREST_WILD_08,46198.37339497334,0,91.46823578783905,274.91148628353875,101.61141836894843,375.89578935369974,55.96914455923185,0.46364657932715103,1,60.244995468782506,0.14806291616784392,0.8358716384619116,0.0,0,WILDFIRE,TIER_A,weak_rule,0.88
TA-WILD-006,NONE,GRP_FOREST_WILD_11,57710.96616324524,0,440.99216410904654,369.3602579947348,322.71901286099745,406.1979301254297,99.7823122263336,0.38073418511795226,3,54.47577277161265,0.159726185643363,0.6585675156400562,0.0,0,WILDFIRE,TIER_A,weak_rule,0.88
TA-WILD-007,NONE,GRP_FOREST_WILD_11,93320.10277552565,0,98.51728074605752,145.08436610085465,558.551838967678,342.53157920886485,80.6488968705963,0.3615498008759714,3,66.62523882023115,0.11871707816700575,0.7998383199971745,0.0,0,WILDFIRE,TIER_A,weak_rule,0.88
TA-WILD-008,NONE,GRP_FOREST_WILD_05,58478.38334158485,0,12.307577672859807,368.66394267561003,398.86106285515007,458.27274768110345,80.9325864700093,0.6426180869335565,1,17.69798202215901,0.008762804748717191,0.8624025297416361,0.0,0,WILDFIRE,TIER_A,weak_rule,0.88
TA-WILD-009,NONE,GRP_FOREST_WILD_06,76833.227388547,0,559.8995943850075,210.18358317734726,367.3405434423215,340.6794884848864,66.56376378737556,0.44603205312803174,3,8.045876306447763,0.15342224998384782,0.703770425678834,0.0,0,WILDFIRE,TIER_A,weak_rule,0.88
TA-WILD-010,NONE,GRP_FOREST_WILD_13,41215.66106113962,0,488.19865687488357,362.91217066551826,105.16877718681216,368.90089250539074,179.02668676574405,0.6443557137440239,2,72.395007477045,0.10863244923674761,0.7684846053989358,0.0,0,WILDFIRE,TIER_A,weak_rule,0.88
TA-WILD-011,NONE,GRP_FOREST_WILD_02,79884.7586890393,0,388.38869343924875,188.60863843590695,532.9666276055005,393.2722370682782,129.98975784830893,0.5192282321757744,3,65.06855440952364,0.11049620102006233,0.7932549544284229,0.0,0,WILDFIRE,TIER_A,weak_rule,0.88
TA-WILD-012,NONE,GRP_FOREST_WILD_07,13365.271491106061,0,388.8993627248307,369.9769214825468,410.71741872410973,416.7226545737267,161.00890950817137,0.722267045066721,0,23.965538933793557,0.07872399340758443,0.9493785446473192,0.0,0,WILDFIRE,TIER_A,weak_rule,0.88
TA-WILD-013,NONE,GRP_FOREST_WILD_08,32035.39292048355,0,738.2661849172412,261.6177264868383,190.7390618495621,362.06553020822713,102.11275219074797,0.5774142743579396,0,73.46685900958252,0.09241461321244976,0.8185150227712203,0.0,0,WILDFIRE,TIER_A,weak_rule,0.88
TA-WILD-014,NONE,GRP_FOREST_WILD_07,13503.592623912422,0,498.35459842138,218.17932888723377,163.2274936731362,362.91584799604715,30.844529675999528,0.5513778269775769,0,59.500777298694004,0.08331820988893056,0.9094384405771545,0.0,0,WILDFIRE,TIER_A,weak_rule,0.88
TA-WILD-015,NONE,GRP_FOREST_WILD_14,40366.16037840608,0,69.80159933014701,333.7832551758137,189.12379673614066,408.4475491806937,107.72961862396431,0.6181039465962288,2,27.965416016957533,0.16526014683277954,0.9173019829524551,0.0,0,WILDFIRE,TIER_A,weak_rule,0.88
TA-WILD-016,NONE,GRP_FOREST_WILD_04,21657.865174411585,0,562.2957549004417,231.5198275241563,524.895239986063,342.56730024837293,124.08145661421518,0.3523388278333361,0,2.0510633928112116,0.11804417495341282,0.8018537957094316,0.0,0,WILDFIRE,TIER_A,weak_rule,0.88
TA-WILD-017,NONE,GRP_FOREST_WILD_07,83190.24688895447,0,724.6264252083834,230.7077900485454,299.73265895350266,412.7344143047865,214.6279097873675,0.4942915132363507,3,64.56661806188431,0.01577432351198872,0.6945876025749672,0.0,0,WILDFIRE,TIER_A,weak_rule,0.88
TA-WILD-018,NONE,GRP_FOREST_WILD_04,15072.125222065593,0,19.786852914512654,368.9451363726177,517.5220377049368,356.6644388058264,147.61638367102861,0.6098959304147369,3,67.52508707686269,0.15447408439369556,0.827732236556722,0.0,0,WILDFIRE,TIER_A,weak_rule,0.88
TA-WILD-019,NONE,GRP_FOREST_WILD_02,32082.60826226251,0,351.86176213576573,182.74590781483582,27.76284451133317,350.75645256512536,45.39898142359347,0.6310392422833023,3,38.24764669351722,0.154763360179312,0.8431246688967033,0.0,0,WILDFIRE,TIER_A,weak_rule,0.88
TA-WILD-020,NONE,GRP_FOREST_WILD_04,31534.826615815917,0,623.4524657928064,151.90002254468064,210.30228275512496,342.06490247224383,188.61168319655297,0.5227151810511557,3,68.04068461925203,0.13267409640669098,0.8466270516906375,0.0,0,WILDFIRE,TIER_A,weak_rule,0.88
TA-WILD-021,NONE,GRP_FOREST_WILD_09,94912.37309701522,0,35.46677349300988,154.8801395840038,315.31309705792347,427.27214336972577,206.66787651036373,0.7120292568704165,3,19.320557098306235,0.010926842801985037,0.6562764874790721,0.0,0,WILDFIRE,TIER_A,weak_rule,0.88
TA-WILD-022,NONE,GRP_FOREST_WILD_10,33426.5135213212,0,55.12484215754164,339.82894855076523,259.02541298528945,392.84730210170807,115.92649287190673,0.7255857904141539,2,36.41770607310265,0.078521400717983,0.7032400340217617,0.0,0,WILDFIRE,TIER_A,weak_rule,0.88
TA-WILD-023,NONE,GRP_FOREST_WILD_12,22298.11677509277,0,263.1347632339457,92.03866742822137,143.5258718489136,452.54261112095,83.86551771966764,0.5908400531216078,3,11.361526800473763,0.05281092755600139,0.8847571113617905,0.0,0,WILDFIRE,TIER_A,weak_rule,0.88
TA-WILD-024,NONE,GRP_FOREST_WILD_07,79977.2671215812,0,507.4456118803854,280.46923708242053,480.64400826625547,437.5664430783615,187.97344450188655,0.598736951372649,2,55.565106363528145,0.015514541566894646,0.8093536224410076,0.0,0,WILDFIRE,TIER_A,weak_rule,0.88
TA-WILD-025,NONE,GRP_FOREST_WILD_03,22953.580052169174,0,457.4657633841173,42.83889709082186,258.35085173463074,464.146111247244,76.55229003989767,0.43377317654141934,0,79.9416366102719,0.06458161561610623,0.7360666428344285,0.0,0,WILDFIRE,TIER_A,weak_rule,0.88
TA-WILD-026,NONE,GRP_FOREST_WILD_11,19274.4918594087,0,622.3379268029373,340.42155149433455,33.70245454450762,336.72218531571076,102.70781528560573,0.5970251686176367,0,45.3965344481435,0.08754575361615406,0.9779087311946376,0.0,0,WILDFIRE,TIER_A,weak_rule,0.88
TA-WILD-027,NONE,GRP_FOREST_WILD_13,36971.687892404574,0,42.6338579014719,334.14261768671406,171.48237280060238,348.7114372098216,156.16792996213815,0.5561549770959898,0,56.805988468105646,0.16679377772158527,0.7944828131322985,0.0,0,WILDFIRE,TIER_A,weak_rule,0.88
TA-WILD-028,NONE,GRP_FOREST_WILD_08,91638.2398139218,0,568.7771374755403,370.49740873060705,472.2666513710091,411.52285117771777,190.82780651123076,0.39074721581819716,0,41.077152448352244,0.030068333695729827,0.6889595858558039,0.0,0,WILDFIRE,TIER_A,weak_rule,0.88
TA-WILD-029,NONE,GRP_FOREST_WILD_04,86988.71934821799,0,124.51815013911693,114.54612039447767,273.2879773955743,397.3078364899722,164.90569018812104,0.38971769557683383,2,27.433994499696055,0.024799043552108272,0.9300363802658305,0.0,0,WILDFIRE,TIER_A,weak_rule,0.88
TA-WILD-030,NONE,GRP_FOREST_WILD_08,92267.30002028856,0,578.7607205407515,7.470340333830729,503.36582137905026,392.8918765690986,73.07220979060739,0.4185047182000692,2,30.422472234821164,0.13587213825212083,0.7690123241224537,0.0,0,WILDFIRE,TIER_A,weak_rule,0.88
TA-WILD-031,NONE,GRP_FOREST_WILD_11,27090.615210272437,0,566.8790439300412,203.6188527803557,475.5212085953837,346.90522356958917,102.33750674994542,0.717208023099033,3,76.19540275140737,0.09290795283786446,0.8751255508466478,0.0,0,WILDFIRE,TIER_A,weak_rule,0.88
TA-WILD-032,NONE,GRP_FOREST_WILD_01,44832.08204137226,0,579.4526809258904,274.10965090500247,317.6489888282944,337.53262287836236,83.69054735339985,0.5106603472886828,1,35.29171003293989,0.07078792793046405,0.6622409321208159,0.0,0,WILDFIRE,TIER_A,weak_rule,0.88
TA-WILD-033,NONE,GRP_FOREST_WILD_11,18585.68900246919,0,434.32148700129153,371.6498660061719,588.3275387609092,437.4726948773082,194.41754631008462,0.7390644588939084,3,32.75822262448702,0.12255671833561561,0.8326914413144462,0.0,0,WILDFIRE,TIER_A,weak_rule,0.88
TA-WILD-034,NONE,GRP_FOREST_WILD_05,69939.59394725243,0,240.7618653822637,134.05901020737986,498.79708002263106,451.32856749227244,139.7426190943481,0.40874472469179346,3,36.248935005564,0.036924042848977115,0.8296603460314772,0.0,0,WILDFIRE,TIER_A,weak_rule,0.88
TA-WILD-035,NONE,GRP_FOREST_WILD_13,60636.87159630163,0,336.0707129353542,134.46897993145944,489.9211805106283,416.879709857831,173.73246892275603,0.7023898729727608,0,3.92064361614917,0.06020872645228234,0.8892825651707543,0.0,0,WILDFIRE,TIER_A,weak_rule,0.88
TA-WILD-036,NONE,GRP_FOREST_WILD_12,84188.80545601627,0,394.18851941829604,207.79633426273574,140.03469168617903,398.0990101366837,78.32399720993031,0.48628355192257855,1,2.850317636157619,0.1602574809147996,0.8281777721310123,0.0,0,WILDFIRE,TIER_A,weak_rule,0.88
TA-WILD-037,NONE,GRP_FOREST_WILD_05,26720.580122624393,0,582.4250780606644,277.44096739984826,592.3684996410134,343.13054115535397,26.348822156833013,0.49919154721425907,2,10.781228466115117,0.13618078974763478,0.9606432008085208,0.0,0,WILDFIRE,TIER_A,weak_rule,0.88
TA-WILD-038,NONE,GRP_FOREST_WILD_08,31816.500138634256,0,554.7491522719587,174.9301852071107,590.0260790669689,438.3380960089628,217.73401625311618,0.5762388906319353,1,28.67663366822099,0.05121638909016568,0.9089804567320358,0.0,0,WILDFIRE,TIER_A,weak_rule,0.88
TA-WILD-039,NONE,GRP_FOREST_WILD_12,56548.91617982865,0,111.85884746945216,146.62464678194368,446.44470844317595,342.416088245176,120.38907596445101,0.4270221049274287,2,36.89045768038212,0.026379585624451005,0.7904784036679895,0.0,0,WILDFIRE,TIER_A,weak_rule,0.88
TA-WILD-040,NONE,GRP_FOREST_WILD_07,12375.244709121991,0,54.147705027952384,338.19098631869065,293.6080468494361,389.12447992485727,90.0746085600959,0.5605022412620595,3,69.88916862630697,0.10517467997810924,0.8600321792790988,0.0,0,WILDFIRE,TIER_A,weak_rule,0.88
TA-WILD-041,NONE,GRP_FOREST_WILD_08,67011.60754109325,0,711.2824650797207,279.3938601760356,258.8995758587861,350.3094600347834,118.19189351936829,0.5439057609771208,3,11.22142985071623,0.12681444326321323,0.9348796470062178,0.0,0,WILDFIRE,TIER_A,weak_rule,0.88
TA-WILD-042,NONE,GRP_FOREST_WILD_02,67502.36346675328,0,345.93082138322166,17.227771095455545,106.75122340977704,404.5866566792018,203.86965522226154,0.3975064235973364,3,9.716556880984061,0.06652547376541536,0.7455648897833609,0.0,0,WILDFIRE,TIER_A,weak_rule,0.88
TA-WILD-043,NONE,GRP_FOREST_WILD_09,18797.405962622157,0,283.6287768055054,376.6325379194499,192.4071483834017,394.5717990534973,176.9879624205164,0.40685592229304457,3,4.843432679838171,0.16096552710927658,0.9433888780590084,0.0,0,WILDFIRE,TIER_A,weak_rule,0.88
TA-WILD-044,NONE,GRP_FOREST_WILD_04,21476.94195599299,0,556.8279621205098,5.782157636232378,335.30932027071435,337.25634179449406,23.204590067420014,0.5424705731065842,2,45.69535410953744,0.16205171183353798,0.9078452851214324,0.0,0,WILDFIRE,TIER_A,weak_rule,0.88
TA-WILD-045,NONE,GRP_FOREST_WILD_08,80101.3989359365,0,626.5931313740954,54.80360277542255,96.03553731208187,415.1950560297687,170.90582888339054,0.6168882979425034,1,69.44129865244976,0.05853893157896917,0.913937834994303,0.0,0,WILDFIRE,TIER_A,weak_rule,0.88
TA-WILD-046,NONE,GRP_FOREST_WILD_11,61123.052663106835,0,295.32846028174555,342.5916566571141,213.31376106650944,334.27730086637206,152.11143093816108,0.527238481449821,2,52.02740584309296,0.15587164319910599,0.883378846631835,0.0,0,WILDFIRE,TIER_A,weak_rule,0.88
TA-WILD-047,NONE,GRP_FOREST_WILD_10,61709.829059647695,0,580.523594326451,120.81802990579331,392.4184113920647,416.2162439795683,31.54131847351719,0.7320673305353643,0,76.62613174356002,0.0939156820929889,0.8976843292789591,0.0,0,WILDFIRE,TIER_A,weak_rule,0.88
TA-WILD-048,NONE,GRP_FOREST_WILD_09,85717.78522193257,0,97.25011691767547,356.06817874645657,120.14988983415368,330.59938094518975,176.07195148166886,0.4481146777561025,3,7.687187625071113,0.09603789604629476,0.7557422831102706,0.0,0,WILDFIRE,TIER_A,weak_rule,0.88
TA-WILD-049,NONE,GRP_FOREST_WILD_10,9048.527957741715,0,647.5849570998237,13.723718132702313,270.65519057659196,384.8462900168881,191.0875725503844,0.4769529741466373,2,8.19098172379229,0.17636150045603552,0.8287871602586767,0.0,0,WILDFIRE,TIER_A,weak_rule,0.88
TA-WILD-050,NONE,GRP_FOREST_WILD_05,17963.082763852202,0,197.62145778597952,38.610711305106136,194.47461774212394,383.79687149799895,48.85335588556697,0.5957901715073685,2,15.335169368583882,0.12839411221839725,0.7483480311831839,0.0,0,WILDFIRE,TIER_A,weak_rule,0.88
TA-WILD-051,NONE,GRP_FOREST_WILD_02,33803.7317456413,0,314.31452650289367,126.58167154882369,234.675197607449,441.4005716162302,38.91905028139718,0.43102378320581597,1,39.945375831284224,0.1354301961570667,0.7770660642779457,0.0,0,WILDFIRE,TIER_A,weak_rule,0.88
TA-WILD-052,NONE,GRP_FOREST_WILD_02,29235.877435333117,0,244.20564261748686,212.4204070691293,53.29305397898207,331.96018198003355,144.50950680785277,0.7154940393154499,0,22.26361933180649,0.17342544380956204,0.8727821515761175,0.0,0,WILDFIRE,TIER_A,weak_rule,0.88
TA-WILD-053,NONE,GRP_FOREST_WILD_04,73668.04674210899,0,491.45077504686213,52.08925347201386,347.4236979182538,389.09956902634684,188.33323764037036,0.550172949443629,1,30.491112416198398,0.17735556878353578,0.9080678086795158,0.0,0,WILDFIRE,TIER_A,weak_rule,0.88
TA-WILD-054,NONE,GRP_FOREST_WILD_09,90735.13640565962,0,721.3232650632232,213.18209308686292,39.44836669106492,439.33218932641546,211.9895751688673,0.5982919671811147,1,1.0428916048543626,0.16803122688774708,0.8091214657589045,0.0,0,WILDFIRE,TIER_A,weak_rule,0.88
TA-WILD-055,NONE,GRP_FOREST_WILD_10,27580.00616396885,0,512.5583654945635,379.7157007961103,507.8266235429127,357.14731645708383,187.18094400411584,0.46252451552595114,1,59.39545270199368,0.10135468402943268,0.7492106550157516,0.0,0,WILDFIRE,TIER_A,weak_rule,0.88
TA-WILD-056,NONE,GRP_FOREST_WILD_07,67858.63787731473,0,624.2295960010624,276.9026679819796,599.3104331082336,448.32426332070565,57.43513631635705,0.5519280998629843,2,70.83059735511226,0.17017352388556556,0.8596060605812741,0.0,0,WILDFIRE,TIER_A,weak_rule,0.88
TA-WILD-057,NONE,GRP_FOREST_WILD_13,68697.86844212284,0,210.57574922203108,253.35388543928585,203.1583770726132,356.8554734214582,211.55249195918302,0.4813828975435335,1,52.06902006162975,0.00036855242834697987,0.8072545535222602,0.0,0,WILDFIRE,TIER_A,weak_rule,0.88
TA-WILD-058,NONE,GRP_FOREST_WILD_01,65543.57637180568,0,314.56697033641234,340.7255664556006,426.43030990698463,432.45773808518334,124.85507946250326,0.6649220939776905,0,43.55329693440238,0.16066299475561896,0.9192986777546429,0.0,0,WILDFIRE,TIER_A,weak_rule,0.88
TA-WILD-059,NONE,GRP_FOREST_WILD_08,65502.1321856037,0,269.922091403998,309.7929677452234,499.0680985284362,377.0413064433999,50.50044720518612,0.6571863377448013,0,10.856345314925237,0.06668651542458394,0.7136869830393093,0.0,0,WILDFIRE,TIER_A,weak_rule,0.88
TA-WILD-060,NONE,GRP_FOREST_WILD_01,24936.86882319301,0,22.677998891088173,110.42543143188864,554.0182334548286,377.0214795934938,32.533102975441864,0.5953770834959643,2,64.86474505593593,0.03980658249681017,0.9734393096935514,0.0,0,WILDFIRE,TIER_A,weak_rule,0.88
TA-WILD-061,NONE,GRP_FOREST_WILD_06,8311.643863231478,0,373.6857035245346,269.01788752610236,369.5257739150188,328.9775498201243,216.75828882419643,0.6053744417312329,0,69.72338236801666,0.10243840165479938,0.8130237360764849,0.0,0,WILDFIRE,TIER_A,weak_rule,0.88
TA-WILD-062,NONE,GRP_FOREST_WILD_09,22439.3231375922,0,556.2006020378666,257.06582997660223,367.7389411300945,352.04745104129915,135.16190426363613,0.6483893754036705,1,21.510333975788267,0.1025825923233197,0.725228507822238,0.0,0,WILDFIRE,TIER_A,weak_rule,0.88
TA-WILD-063,NONE,GRP_FOREST_WILD_09,70600.89797081606,0,211.55135557319107,322.8751916009338,28.523740398075713,460.86407299294365,153.6132989509847,0.5957826204685004,3,1.1544422216217138,0.07688060578237423,0.8721229292542823,0.0,0,WILDFIRE,TIER_A,weak_rule,0.88
TA-WILD-064,NONE,GRP_FOREST_WILD_11,9667.651778812571,0,704.5594223712791,167.2055643545693,597.1372888089895,365.5428766882071,154.1157359389128,0.536634691046401,2,41.8632961881363,0.007823641442391553,0.8880026920445331,0.0,0,WILDFIRE,TIER_A,weak_rule,0.88
TA-WILD-065,NONE,GRP_FOREST_WILD_01,30013.972764128695,0,319.6860552657278,173.3230613812114,18.018181206564922,354.66131511222346,30.852633694561423,0.5787278467645434,0,79.23090693546898,0.04061304059667296,0.8775511584420552,0.0,0,WILDFIRE,TIER_A,weak_rule,0.88
TA-WILD-066,NONE,GRP_FOREST_WILD_02,87529.5699573947,0,154.08259871635826,128.45923756474403,51.76381290858156,413.6653740350267,19.74178696329208,0.5227795773984762,0,47.80993087575176,0.1127334795021336,0.7603198368651234,0.0,0,WILDFIRE,TIER_A,weak_rule,0.88
TA-WILD-067,NONE,GRP_FOREST_WILD_05,27243.820948195887,0,359.39378165351246,364.55099670440507,502.0227448407055,440.5638300381721,121.05305920233496,0.44469746632441154,0,62.28420827088662,0.11152198000949104,0.9021525282529842,0.0,0,WILDFIRE,TIER_A,weak_rule,0.88
TA-WILD-068,NONE,GRP_FOREST_WILD_11,45181.05717080907,0,100.62116825183288,370.4470920395672,551.2779111005816,379.7031332248396,197.3572497265382,0.6273454668075686,1,5.898176451102993,0.14442967787046218,0.6680803139469434,0.0,0,WILDFIRE,TIER_A,weak_rule,0.88
TA-WILD-069,NONE,GRP_FOREST_WILD_10,61356.66905988387,0,56.81637225714372,259.0866715529653,342.1659601892444,368.4035975220823,92.57982971330517,0.3883321005621611,3,19.41584673748937,0.10792365358580248,0.8677089304173193,0.0,0,WILDFIRE,TIER_A,weak_rule,0.88
TA-WILD-070,NONE,GRP_FOREST_WILD_01,45807.01220447422,0,352.44314709314847,165.53965281677847,377.82326204515897,341.87507608180834,148.08981380717813,0.6203104400126014,0,36.8720643062876,0.05907486040745975,0.7135188347521586,0.0,0,WILDFIRE,TIER_A,weak_rule,0.88
TA-WILD-071,NONE,GRP_FOREST_WILD_02,6105.972406013007,0,537.2681504645794,227.33243693434565,506.8559855093397,451.898688879088,39.95221499574876,0.5535592027195874,2,34.25955327622998,0.13043214657718805,0.7967260234903896,0.0,0,WILDFIRE,TIER_A,weak_rule,0.88
TA-WILD-072,NONE,GRP_FOREST_WILD_04,17390.543533357246,0,40.70052482846716,52.880281633697955,356.94554273017604,398.2982263377649,148.2512258991671,0.4930974552368767,1,12.64531594583673,0.0555613946065255,0.7631571041498415,0.0,0,WILDFIRE,TIER_A,weak_rule,0.88
TA-WILD-073,NONE,GRP_FOREST_WILD_06,92324.39525967363,0,392.11899759723553,251.62880230220136,99.59122485317903,360.522067699386,182.75186032091105,0.5737799670061534,0,34.34283009291792,0.03517328333684755,0.7161227281494669,0.0,0,WILDFIRE,TIER_A,weak_rule,0.88
TA-WILD-074,NONE,GRP_FOREST_WILD_04,75673.74263820305,0,261.4315273650127,255.44755211768222,421.447222417049,462.52348604823743,137.55103448508123,0.4824581737876197,2,49.672147845260014,0.0753651519056516,0.703552395586668,0.0,0,WILDFIRE,TIER_A,weak_rule,0.88
TA-WILD-075,NONE,GRP_FOREST_WILD_08,83849.49304928798,0,683.6229244418932,190.97400249747338,553.1728514072506,415.51108590181497,156.8034348445866,0.5366147030112743,1,19.882504150114578,0.13222551195549004,0.9643541155668749,0.0,0,WILDFIRE,TIER_A,weak_rule,0.88
TA-WILD-076,NONE,GRP_FOREST_WILD_06,77654.4176534364,0,286.92655825871776,155.11721248993044,498.2593290439148,328.92137822289726,16.03777089110477,0.4931546659172105,0,12.24975587394476,0.07927346151316626,0.8583404105400779,0.0,0,WILDFIRE,TIER_A,weak_rule,0.88
TA-WILD-077,NONE,GRP_FOREST_WILD_13,37391.83130824144,0,731.6794822814069,79.67107623207845,181.19901714381402,357.9954705409509,67.97176361143852,0.41971380811875303,1,15.104773033283776,0.003868565050467356,0.9281508688359725,0.0,0,WILDFIRE,TIER_A,weak_rule,0.88
TA-WILD-078,NONE,GRP_FOREST_WILD_02,6889.438441620135,0,510.66966521616797,147.09603421819168,475.6372371146958,343.20275430648405,206.83950545868947,0.47202895121635097,1,30.20161169729779,0.06702304645600593,0.7065487362487866,0.0,0,WILDFIRE,TIER_A,weak_rule,0.88
TA-WILD-079,NONE,GRP_FOREST_WILD_09,92939.16614288132,0,748.2896263481467,335.6239231500348,528.856884322324,336.9567201601981,43.753042637116906,0.7196621868932088,1,16.142822079895595,0.06807519529002681,0.7735042496392431,0.0,0,WILDFIRE,TIER_A,weak_rule,0.88
TA-WILD-080,NONE,GRP_FOREST_WILD_10,43658.61481374754,0,480.0180678625094,350.3800977567076,461.40318922978923,408.46364451875536,190.0136991911119,0.4676730984139078,1,26.886767756391762,0.009586615512539766,0.9125519336195602,0.0,0,WILDFIRE,TIER_A,weak_rule,0.88
TA-WILD-081,NONE,GRP_FOREST_WILD_14,16381.267880165848,0,385.13595499501486,224.03083348414194,301.05952219966036,427.63990045452755,175.6410359364559,0.6663988878235286,0,14.227249765250756,0.06986085187819185,0.9411992886876583,0.0,0,WILDFIRE,TIER_A,weak_rule,0.88
TA-WILD-082,NONE,GRP_FOREST_WILD_13,50824.26655057034,0,377.95212987823885,179.1002290854189,203.2665327325822,379.221384823249,157.06899279027576,0.6362599490754361,3,38.42689429371432,0.10461360329516449,0.8605748481600815,0.0,0,WILDFIRE,TIER_A,weak_rule,0.88
TA-WILD-083,NONE,GRP_FOREST_WILD_13,57558.4359353509,0,35.16053005860816,87.3223559974263,133.75529057880368,446.2540521257422,95.55539494030405,0.4723996145278896,3,46.13826055392278,0.16838980325786534,0.7734554272442657,0.0,0,WILDFIRE,TIER_A,weak_rule,0.88
TA-WILD-084,NONE,GRP_FOREST_WILD_09,12628.302440715783,0,565.7040819700724,115.6430062404982,318.51012152188525,359.53432821484523,22.475441856996255,0.5549048352871114,2,34.66208514303673,0.08415917797275645,0.7849544158673207,0.0,0,WILDFIRE,TIER_A,weak_rule,0.88
TA-WILD-085,NONE,GRP_FOREST_WILD_13,49778.875548629745,0,210.58044352918284,14.26932370168826,273.3877693620874,364.39060830633053,29.63301919380681,0.7105903389525965,2,67.56566774576476,0.09230237810609743,0.8624059517368113,0.0,0,WILDFIRE,TIER_A,weak_rule,0.88
TA-WILD-086,NONE,GRP_FOREST_WILD_13,29878.245617408542,0,176.98426153525378,49.47045569684916,225.73858117606198,402.80557021827997,82.75411536178844,0.620042930034522,2,24.914531036255475,0.14680166034644032,0.8755679788365804,0.0,0,WILDFIRE,TIER_A,weak_rule,0.88
TA-WILD-087,NONE,GRP_FOREST_WILD_05,22157.819297223064,0,456.19326052451737,56.69942229540577,515.174539351048,426.1173942115566,125.88388106190264,0.45445417764345963,2,23.2657763508141,0.06239382476332101,0.9789579706136708,0.0,0,WILDFIRE,TIER_A,weak_rule,0.88
TA-WILD-088,NONE,GRP_FOREST_WILD_07,78967.51845028877,0,570.2921076732792,9.459020137797989,397.6432549945896,463.5306238552853,210.0067038443082,0.6961864483282127,1,18.927177884754048,0.1348446735574119,0.8065646230960537,0.0,0,WILDFIRE,TIER_A,weak_rule,0.88
TA-WILD-089,NONE,GRP_FOREST_WILD_09,57830.32753123133,0,418.0405179571733,180.7768738712473,491.42266094624745,374.67036138096705,31.69042638311844,0.6883206671114163,3,61.84035421470144,0.12562942844021183,0.7191629686561575,0.0,0,WILDFIRE,TIER_A,weak_rule,0.88
TA-WILD-090,NONE,GRP_FOREST_WILD_08,81764.97124329368,0,30.33722268065451,57.10633457873511,526.1438732972905,369.86335518389564,165.98784258957443,0.5499200845074694,2,27.84595710645437,0.07544651684634,0.8763017259416479,0.0,0,WILDFIRE,TIER_A,weak_rule,0.88
TA-WILD-091,NONE,GRP_FOREST_WILD_07,73655.74225841393,0,520.3648061968548,117.36395312309126,358.3687250584014,405.75810756976915,20.635052650881583,0.4056538944056369,2,45.88707990018506,0.1438462399582602,0.9515382244481616,0.0,0,WILDFIRE,TIER_A,weak_rule,0.88
TA-WILD-092,NONE,GRP_FOREST_WILD_10,83025.02799913085,0,735.2877096454678,81.5767319557052,243.52214572779766,401.22520956353424,52.79776769730595,0.39345534243834424,3,51.48126116160124,0.05483618361341558,0.7065698076369118,0.0,0,WILDFIRE,TIER_A,weak_rule,0.88
TA-WILD-093,NONE,GRP_FOREST_WILD_11,54761.60977771318,0,31.787892350884626,263.3842061554004,300.8387937076429,353.57681841599066,28.315153328605984,0.7351978224095527,2,17.265491414145487,0.05239899515153899,0.8230505801222713,0.0,0,WILDFIRE,TIER_A,weak_rule,0.88
TA-WILD-094,NONE,GRP_FOREST_WILD_08,10170.786255439392,0,392.7505067005525,69.43464381649736,517.9287982153912,384.2879890991853,46.349303736214296,0.394297579315715,3,38.78184024772255,0.012377338335057499,0.965181932659327,0.0,0,WILDFIRE,TIER_A,weak_rule,0.88
TA-WILD-095,NONE,GRP_FOREST_WILD_14,23583.172274335506,0,653.8732082293357,121.15894110556879,493.46922036378004,419.0765924382572,46.708937468857656,0.580036553559167,2,47.41186431821327,0.0904455038086993,0.8759958566088648,0.0,0,WILDFIRE,TIER_A,weak_rule,0.88
TA-WILD-096,NONE,GRP_FOREST_WILD_05,23153.24560306889,0,743.3851539632489,172.14934277526112,497.3808352913975,410.86425813016683,64.84906539564162,0.48155658516377964,3,37.35616024250493,0.10370389541264817,0.8933059345935574,0.0,0,WILDFIRE,TIER_A,weak_rule,0.88
TA-WILD-097,NONE,GRP_FOREST_WILD_05,63166.92240006824,0,689.820732866075,135.04319006665574,507.94409223879904,436.55150957219655,94.5646157732879,0.6793718421756767,1,33.789167923343555,0.032324059769463766,0.8538530504105277,0.0,0,WILDFIRE,TIER_A,weak_rule,0.88
TA-WILD-098,NONE,GRP_FOREST_WILD_07,46204.53368589169,0,683.8381568270727,73.79161959101083,347.639930552896,381.9165305101449,208.8115964457011,0.44587810303432285,1,22.628325884952474,0.11305497658843365,0.7463235648721217,0.0,0,WILDFIRE,TIER_A,weak_rule,0.88
TA-WILD-099,NONE,GRP_FOREST_WILD_02,67823.95933112799,0,544.0277667750281,86.4705758599652,303.6902326762506,463.9573918981472,127.88172229359677,0.7481265526078107,0,60.67635242128923,0.0907910716382938,0.9072385118721749,0.0,0,WILDFIRE,TIER_A,weak_rule,0.88
TA-WILD-100,NONE,GRP_FOREST_WILD_07,45584.238505628105,0,195.55283069513803,194.77421441479166,285.3679797472801,338.02778240684216,157.06405710561683,0.649894456451845,3,28.14895950206099,0.07188153038948152,0.7141531828113088,0.0,0,WILDFIRE,TIER_A,weak_rule,0.88
TA-WILD-101,NONE,GRP_FOREST_WILD_01,5966.362525183826,0,93.09457597249668,348.9263658685998,206.35956210734625,430.56861581356554,113.86040288984434,0.37729486847683374,1,57.37294160613012,0.07879025746320213,0.80535995171026,0.0,0,WILDFIRE,TIER_A,weak_rule,0.88
TA-WILD-102,NONE,GRP_FOREST_WILD_05,80740.62797816833,0,134.5771089655453,11.77479786888291,73.80134581538596,368.29781755811524,124.13868961288016,0.5063398008598488,0,54.03998031708251,0.0020179112399292373,0.7401732473869163,0.0,0,WILDFIRE,TIER_A,weak_rule,0.88
TA-WILD-103,NONE,GRP_FOREST_WILD_08,37227.829069008076,0,168.77094549010624,17.91681702999685,409.9008165031284,357.614810441151,157.52892690776093,0.6846004564606858,0,31.858852733205183,0.05549836516318919,0.6672970345423204,0.0,0,WILDFIRE,TIER_A,weak_rule,0.88
TA-WILD-104,NONE,GRP_FOREST_WILD_01,9379.82253370339,0,288.0274842172769,80.65176932742973,161.07437226300797,452.499624682069,55.19705236573222,0.356415377323874,0,79.15395937226889,0.06068099564086479,0.7134101005225378,0.0,0,WILDFIRE,TIER_A,weak_rule,0.88
TA-WILD-105,NONE,GRP_FOREST_WILD_11,10685.43366976906,0,719.3889793504495,41.22620216642737,503.70027349005363,418.9828993603584,163.14636837252775,0.3676050049533844,0,65.43432257208359,0.05808232367910251,0.8568395234089395,0.0,0,WILDFIRE,TIER_A,weak_rule,0.88
TA-WILD-106,NONE,GRP_FOREST_WILD_10,23640.738383602074,0,409.9433688457118,357.0962104980283,85.67031741856604,357.2878581770233,87.45472313920983,0.4194486231058674,3,52.665428005032076,0.0021566481147229453,0.720213420103461,0.0,0,WILDFIRE,TIER_A,weak_rule,0.88
TA-WILD-107,NONE,GRP_FOREST_WILD_04,10941.465565685576,0,612.7929895715084,248.72937332068398,230.85327718931643,337.2243837886157,59.023536165698964,0.47061369945867393,3,78.66509694045386,0.018326446177479614,0.8269399049961248,0.0,0,WILDFIRE,TIER_A,weak_rule,0.88
TA-WILD-108,NONE,GRP_FOREST_WILD_14,56228.45556908339,0,194.93959369960237,40.529212839530224,204.74726013189772,414.4297275498152,94.04448085760701,0.7198213606249297,1,27.2316772405144,0.1143636213027606,0.9417091206231436,0.0,0,WILDFIRE,TIER_A,weak_rule,0.88
TA-WILD-109,NONE,GRP_FOREST_WILD_06,93021.93780720144,0,502.4469771514888,30.31755622971396,25.324547000169645,452.9581459324811,106.47578247464081,0.5544104565399646,1,40.77018350668262,0.1268332435034853,0.6543862547484036,0.0,0,WILDFIRE,TIER_A,weak_rule,0.88
TA-WILD-110,NONE,GRP_FOREST_WILD_01,60471.38071287194,0,673.4103343639498,120.81823575234873,446.67927109205164,431.7426668730808,141.67184306945103,0.3739692066238984,2,40.39939207160892,0.03636212175563502,0.773996821175867,0.0,0,WILDFIRE,TIER_A,weak_rule,0.88
TA-WILD-111,NONE,GRP_FOREST_WILD_11,8411.604400171016,0,693.169581548712,229.27819572915703,568.3377509532855,429.27802213426287,81.71010948463531,0.46125057732325386,0,42.14895590804965,0.1759621508023203,0.8638553202762789,0.0,0,WILDFIRE,TIER_A,weak_rule,0.88
TA-WILD-112,NONE,GRP_FOREST_WILD_05,72549.5819906324,0,177.92543635089436,279.8274234997209,215.4961230361138,356.19698862646305,25.13924013649078,0.7170712699443281,1,64.3146927826154,0.12533004872136114,0.7234065379996661,0.0,0,WILDFIRE,TIER_A,weak_rule,0.88
TA-WILD-113,NONE,GRP_FOREST_WILD_14,39333.73285034651,0,246.65464738153472,170.88533380008073,18.53495596200877,447.17174336578694,28.416893515394662,0.42698617891105073,1,75.12368760357336,0.022600979928051598,0.7073130221334705,0.0,0,WILDFIRE,TIER_A,weak_rule,0.88
TA-WILD-114,NONE,GRP_FOREST_WILD_09,79809.87907626464,0,699.4050161514059,93.616298066707,60.7262404587141,427.3235073535828,78.16137178105647,0.6386695063040742,1,34.49732522620562,0.10905322227488827,0.7500232334000353,0.0,0,WILDFIRE,TIER_A,weak_rule,0.88
TA-WILD-115,NONE,GRP_FOREST_WILD_10,45344.40731328221,0,479.6179989087547,106.9477942839978,472.054021369553,338.96218814916017,214.34637129361838,0.5092977892688437,1,38.18636528304747,0.07608550631219639,0.8511000927725901,0.0,0,WILDFIRE,TIER_A,weak_rule,0.88
TA-WILD-116,NONE,GRP_FOREST_WILD_07,73429.2017968674,0,616.1460254467135,302.58447543345596,26.589480122392132,380.2544456985103,189.93269532282625,0.6535433289601118,2,48.01948556630773,0.027503767605970668,0.8897939175961969,0.0,0,WILDFIRE,TIER_A,weak_rule,0.88
TA-WILD-117,NONE,GRP_FOREST_WILD_05,39240.52135444142,0,234.93868406544254,111.20965540915788,343.8531290704372,393.87567379963195,82.64623279982214,0.635945348349984,1,13.223232003855871,0.03413264662588014,0.654235309841828,0.0,0,WILDFIRE,TIER_A,weak_rule,0.88
TA-WILD-118,NONE,GRP_FOREST_WILD_09,70733.1777757487,0,285.69929804398606,156.70822271804624,258.2547971238696,382.06700877813614,166.89196086576467,0.5036149695204232,2,51.64284902821662,0.10589562097804384,0.7848999030295749,0.0,0,WILDFIRE,TIER_A,weak_rule,0.88
TA-WILD-119,NONE,GRP_FOREST_WILD_01,94322.52223003129,0,100.36231134489846,354.5485844992341,109.98199420886851,432.52426723966613,211.16195658283854,0.6585081515106141,2,41.25906071082613,0.08795193176192308,0.8772015003971724,0.0,0,WILDFIRE,TIER_A,weak_rule,0.88
TA-UNCERTAIN-000,NONE,GRP_UNCERTAIN_00,60564.660669455094,0,1.6796298865641124,1.6765515106349271,0.0,311.2419557008315,0.0,0.0,0,0.0,0.33,0.33,0.34,0,OTHER_UNCERTAIN,TIER_A,weak_rule,0.8
TA-UNCERTAIN-001,NONE,GRP_UNCERTAIN_01,42956.90743832185,0,2.315451085648291,0.7271760042011779,0.0,310.7180611951326,0.0,0.0,0,0.0,0.33,0.33,0.34,0,OTHER_UNCERTAIN,TIER_A,weak_rule,0.8
TA-UNCERTAIN-002,NONE,GRP_UNCERTAIN_02,60646.44950693017,0,1.6665338121170405,0.5590355734313417,0.0,306.1984738632796,0.0,1.0,0,0.0,0.33,0.33,0.34,0,OTHER_UNCERTAIN,TIER_A,weak_rule,0.8
TA-UNCERTAIN-003,NONE,GRP_UNCERTAIN_03,16363.074887321789,0,0.7314247847724774,1.091614218346681,0.0,309.92688398917977,0.0,0.0,0,0.0,0.33,0.33,0.34,0,OTHER_UNCERTAIN,TIER_A,weak_rule,0.8
TA-UNCERTAIN-004,NONE,GRP_UNCERTAIN_04,5493.159691965698,0,1.961784635982801,1.2025876164101352,0.0,314.50389135568037,0.0,0.5,0,0.0,0.33,0.33,0.34,0,OTHER_UNCERTAIN,TIER_A,weak_rule,0.8
TA-UNCERTAIN-005,NONE,GRP_UNCERTAIN_05,61338.616633310274,0,2.4392421377252025,0.25498517208652355,0.0,314.3790846571238,0.0,0.5,0,0.0,0.33,0.33,0.34,0,OTHER_UNCERTAIN,TIER_A,weak_rule,0.8
TA-UNCERTAIN-006,NONE,GRP_UNCERTAIN_06,17848.800393155507,0,1.1531479615289524,1.2822858222404783,0.0,307.0116427944474,0.0,1.0,0,0.0,0.33,0.33,0.34,0,OTHER_UNCERTAIN,TIER_A,weak_rule,0.8
TA-UNCERTAIN-007,NONE,GRP_UNCERTAIN_07,57508.12782626894,0,1.0495532343334515,0.6374044957236065,0.0,305.4089618589306,0.0,1.0,0,0.0,0.33,0.33,0.34,0,OTHER_UNCERTAIN,TIER_A,weak_rule,0.8
TA-UNCERTAIN-008,NONE,GRP_UNCERTAIN_08,74488.14566920929,0,0.40679406855272915,1.0819876481953343,0.0,312.35561104267146,0.0,0.0,0,0.0,0.33,0.33,0.34,0,OTHER_UNCERTAIN,TIER_A,weak_rule,0.8
TA-UNCERTAIN-009,NONE,GRP_UNCERTAIN_09,26156.217696314827,0,0.6423850538994343,1.377127621982917,0.0,310.58216192979967,0.0,0.0,0,0.0,0.33,0.33,0.34,0,OTHER_UNCERTAIN,TIER_A,weak_rule,0.8
TA-UNCERTAIN-010,NONE,GRP_UNCERTAIN_00,83955.55219841073,0,2.0685150385316438,0.1226520103420519,0.0,299.2571469092919,0.0,1.0,0,0.0,0.33,0.33,0.34,0,OTHER_UNCERTAIN,TIER_A,weak_rule,0.8
TA-UNCERTAIN-011,NONE,GRP_UNCERTAIN_01,38136.08824654996,0,1.1295794612774608,0.6044116386138718,0.0,305.75709266268774,0.0,0.0,0,0.0,0.33,0.33,0.34,0,OTHER_UNCERTAIN,TIER_A,weak_rule,0.8
TA-UNCERTAIN-012,NONE,GRP_UNCERTAIN_02,34659.436792174,0,1.8045109120434548,0.45267448855393905,0.0,301.2757179666091,0.0,0.0,0,0.0,0.33,0.33,0.34,0,OTHER_UNCERTAIN,TIER_A,weak_rule,0.8
TA-UNCERTAIN-013,NONE,GRP_UNCERTAIN_03,40778.19313593891,0,2.063770569112505,0.4318719102262007,0.0,299.06167716904343,0.0,0.0,0,0.0,0.33,0.33,0.34,0,OTHER_UNCERTAIN,TIER_A,weak_rule,0.8
TA-UNCERTAIN-014,NONE,GRP_UNCERTAIN_04,69638.87941176264,0,0.6009293564370051,1.771351170508706,0.0,313.68907984613077,0.0,0.5,0,0.0,0.33,0.33,0.34,0,OTHER_UNCERTAIN,TIER_A,weak_rule,0.8
TA-UNCERTAIN-015,NONE,GRP_UNCERTAIN_05,54960.40905635206,0,1.6173904210821486,1.5788481464178004,0.0,300.9902703869088,0.0,0.5,0,0.0,0.33,0.33,0.34,0,OTHER_UNCERTAIN,TIER_A,weak_rule,0.8
TA-UNCERTAIN-016,NONE,GRP_UNCERTAIN_06,11399.41863646468,0,0.44300171099894625,0.22796089481424697,0.0,298.53399973021175,0.0,0.0,0,0.0,0.33,0.33,0.34,0,OTHER_UNCERTAIN,TIER_A,weak_rule,0.8
TA-UNCERTAIN-017,NONE,GRP_UNCERTAIN_07,42970.71805267144,0,1.7310907918010199,0.2893593586681116,0.0,299.0990164040733,0.0,0.0,0,0.0,0.33,0.33,0.34,0,OTHER_UNCERTAIN,TIER_A,weak_rule,0.8
TA-UNCERTAIN-018,NONE,GRP_UNCERTAIN_08,58058.443403891164,0,2.0046368444033287,0.19032369854073444,0.0,301.79923045189696,0.0,0.0,0,0.0,0.33,0.33,0.34,0,OTHER_UNCERTAIN,TIER_A,weak_rule,0.8
TA-UNCERTAIN-019,NONE,GRP_UNCERTAIN_09,34741.09716370911,0,1.3721741856575573,1.7362572371891996,0.0,302.78504437788064,0.0,0.5,0,0.0,0.33,0.33,0.34,0,OTHER_UNCERTAIN,TIER_A,weak_rule,0.8
TA-UNCERTAIN-020,NONE,GRP_UNCERTAIN_00,42595.1585466518,0,0.942020425351509,0.8414820838377203,0.0,304.67413220013293,0.0,0.5,0,0.0,0.33,0.33,0.34,0,OTHER_UNCERTAIN,TIER_A,weak_rule,0.8
TA-UNCERTAIN-021,NONE,GRP_UNCERTAIN_01,84955.33338841435,0,2.069590901308157,1.7008649585160156,0.0,309.9714091358519,0.0,0.5,0,0.0,0.33,0.33,0.34,0,OTHER_UNCERTAIN,TIER_A,weak_rule,0.8
TA-UNCERTAIN-022,NONE,GRP_UNCERTAIN_02,53670.12919938522,0,2.4419668926795475,1.5867700862499237,0.0,312.51286369415516,0.0,0.0,0,0.0,0.33,0.33,0.34,0,OTHER_UNCERTAIN,TIER_A,weak_rule,0.8
TA-UNCERTAIN-023,NONE,GRP_UNCERTAIN_03,41282.000378359786,0,1.791024433778596,1.3383699146174455,0.0,313.9834699232181,0.0,0.0,0,0.0,0.33,0.33,0.34,0,OTHER_UNCERTAIN,TIER_A,weak_rule,0.8
TA-UNCERTAIN-024,NONE,GRP_UNCERTAIN_04,6567.274395031397,0,0.43880216771485214,1.0114572893791307,0.0,315.1191149099675,0.0,0.0,0,0.0,0.33,0.33,0.34,0,OTHER_UNCERTAIN,TIER_A,weak_rule,0.8
TA-UNCERTAIN-025,NONE,GRP_UNCERTAIN_05,34158.606558139654,0,1.603126484621573,1.2269118566911903,0.0,306.5535896962021,0.0,0.5,0,0.0,0.33,0.33,0.34,0,OTHER_UNCERTAIN,TIER_A,weak_rule,0.8
TA-UNCERTAIN-026,NONE,GRP_UNCERTAIN_06,57648.3870270011,0,0.15735340764765646,1.191963073079878,0.0,314.95487870743233,0.0,0.5,0,0.0,0.33,0.33,0.34,0,OTHER_UNCERTAIN,TIER_A,weak_rule,0.8
TA-UNCERTAIN-027,NONE,GRP_UNCERTAIN_07,5838.739480965375,0,0.9964831885141957,0.19686719617935944,0.0,312.5360406133878,0.0,0.5,0,0.0,0.33,0.33,0.34,0,OTHER_UNCERTAIN,TIER_A,weak_rule,0.8
TA-UNCERTAIN-028,NONE,GRP_UNCERTAIN_08,59073.31827854101,0,0.698862831859984,0.9340207221528704,0.0,311.30568342675764,0.0,0.0,0,0.0,0.33,0.33,0.34,0,OTHER_UNCERTAIN,TIER_A,weak_rule,0.8
TA-UNCERTAIN-029,NONE,GRP_UNCERTAIN_09,32540.883618945332,0,2.3568491692765514,1.7016823867247908,0.0,306.570194510845,0.0,1.0,0,0.0,0.33,0.33,0.34,0,OTHER_UNCERTAIN,TIER_A,weak_rule,0.8
TA-UNCERTAIN-030,NONE,GRP_UNCERTAIN_00,73496.55001841283,0,2.277226490796141,1.3535866082203563,0.0,303.28953351772674,0.0,0.0,0,0.0,0.33,0.33,0.34,0,OTHER_UNCERTAIN,TIER_A,weak_rule,0.8
TA-UNCERTAIN-031,NONE,GRP_UNCERTAIN_01,61811.328862044924,0,2.1941679997155656,1.5920731312094603,0.0,312.12751498388087,0.0,1.0,0,0.0,0.33,0.33,0.34,0,OTHER_UNCERTAIN,TIER_A,weak_rule,0.8
TA-UNCERTAIN-032,NONE,GRP_UNCERTAIN_02,45123.247567978,0,0.4504741830387998,1.4586588775091696,0.0,303.4242694898127,0.0,1.0,0,0.0,0.33,0.33,0.34,0,OTHER_UNCERTAIN,TIER_A,weak_rule,0.8
TA-UNCERTAIN-033,NONE,GRP_UNCERTAIN_03,84702.5315402009,0,2.4699660797100256,0.9042291161591468,0.0,314.1353543701258,0.0,0.0,0,0.0,0.33,0.33,0.34,0,OTHER_UNCERTAIN,TIER_A,weak_rule,0.8
TA-UNCERTAIN-034,NONE,GRP_UNCERTAIN_04,43314.56789629675,0,1.4205695842662363,0.5288380774524553,0.0,301.0677942302715,0.0,1.0,0,0.0,0.33,0.33,0.34,0,OTHER_UNCERTAIN,TIER_A,weak_rule,0.8
TA-UNCERTAIN-035,NONE,GRP_UNCERTAIN_05,60842.674681538796,0,0.3978537412136755,1.788847271222513,0.0,298.52599207225614,0.0,0.5,0,0.0,0.33,0.33,0.34,0,OTHER_UNCERTAIN,TIER_A,weak_rule,0.8
TA-UNCERTAIN-036,NONE,GRP_UNCERTAIN_06,77163.20576795138,0,1.950825735992498,0.49023173874776044,0.0,302.6373137681692,0.0,0.5,0,0.0,0.33,0.33,0.34,0,OTHER_UNCERTAIN,TIER_A,weak_rule,0.8
TA-UNCERTAIN-037,NONE,GRP_UNCERTAIN_07,81096.06230444927,0,1.7259129892236036,1.2380002980535538,0.0,314.6092513622476,0.0,1.0,0,0.0,0.33,0.33,0.34,0,OTHER_UNCERTAIN,TIER_A,weak_rule,0.8
TA-UNCERTAIN-038,NONE,GRP_UNCERTAIN_08,62895.85971908779,0,0.36253812290370513,1.2821980410747669,0.0,313.69493092617773,0.0,1.0,0,0.0,0.33,0.33,0.34,0,OTHER_UNCERTAIN,TIER_A,weak_rule,0.8
TA-UNCERTAIN-039,NONE,GRP_UNCERTAIN_09,66190.15962905975,0,1.5615966379789075,1.2018973882244475,0.0,304.78618580388286,0.0,1.0,0,0.0,0.33,0.33,0.34,0,OTHER_UNCERTAIN,TIER_A,weak_rule,0.8
TA-UNCERTAIN-040,NONE,GRP_UNCERTAIN_00,64308.909485103184,0,1.8538160010939737,1.2185850110555565,0.0,312.1314738848373,0.0,0.5,0,0.0,0.33,0.33,0.34,0,OTHER_UNCERTAIN,TIER_A,weak_rule,0.8
TA-UNCERTAIN-041,NONE,GRP_UNCERTAIN_01,69580.02229620575,0,0.675344463876417,0.314359141654078,0.0,299.5782461315757,0.0,0.0,0,0.0,0.33,0.33,0.34,0,OTHER_UNCERTAIN,TIER_A,weak_rule,0.8
TA-UNCERTAIN-042,NONE,GRP_UNCERTAIN_02,31889.14724526396,0,1.5416711453530567,0.43610270478544993,0.0,314.95613817937607,0.0,1.0,0,0.0,0.33,0.33,0.34,0,OTHER_UNCERTAIN,TIER_A,weak_rule,0.8
TA-UNCERTAIN-043,NONE,GRP_UNCERTAIN_03,34102.83059073318,0,2.1553262262525026,1.7228352796936615,0.0,308.38450315046697,0.0,0.0,0,0.0,0.33,0.33,0.34,0,OTHER_UNCERTAIN,TIER_A,weak_rule,0.8
TA-UNCERTAIN-044,NONE,GRP_UNCERTAIN_04,29519.312552971664,0,1.536640491401159,0.4389608948168101,0.0,304.98661951450475,0.0,0.5,0,0.0,0.33,0.33,0.34,0,OTHER_UNCERTAIN,TIER_A,weak_rule,0.8
TA-UNCERTAIN-045,NONE,GRP_UNCERTAIN_05,30231.26062443936,0,1.0078060297233433,1.261227646239059,0.0,312.338175447833,0.0,1.0,0,0.0,0.33,0.33,0.34,0,OTHER_UNCERTAIN,TIER_A,weak_rule,0.8
TA-UNCERTAIN-046,NONE,GRP_UNCERTAIN_06,57931.293606238214,0,1.5383235605212497,0.29906435030791767,0.0,298.1653933948969,0.0,0.5,0,0.0,0.33,0.33,0.34,0,OTHER_UNCERTAIN,TIER_A,weak_rule,0.8
TA-UNCERTAIN-047,NONE,GRP_UNCERTAIN_07,29932.0611182482,0,2.067947706697816,0.6186635682472883,0.0,301.94027628747364,0.0,1.0,0,0.0,0.33,0.33,0.34,0,OTHER_UNCERTAIN,TIER_A,weak_rule,0.8
TA-UNCERTAIN-048,NONE,GRP_UNCERTAIN_08,41190.65470894978,0,1.5634437219498538,0.36506277363792566,0.0,309.97631267670016,0.0,1.0,0,0.0,0.33,0.33,0.34,0,OTHER_UNCERTAIN,TIER_A,weak_rule,0.8
TA-UNCERTAIN-049,NONE,GRP_UNCERTAIN_09,7264.681173189466,0,0.9023274919084819,0.9639950304013714,0.0,310.3947999493953,0.0,0.5,0,0.0,0.33,0.33,0.34,0,OTHER_UNCERTAIN,TIER_A,weak_rule,0.8
TA-UNCERTAIN-050,NONE,GRP_UNCERTAIN_00,84746.3126572771,0,1.8103273294779216,0.9235150147990099,0.0,312.91637147875645,0.0,0.5,0,0.0,0.33,0.33,0.34,0,OTHER_UNCERTAIN,TIER_A,weak_rule,0.8
TA-UNCERTAIN-051,NONE,GRP_UNCERTAIN_01,27965.355945254174,0,2.421264902019987,0.21880514836549675,0.0,312.5837832092986,0.0,0.0,0,0.0,0.33,0.33,0.34,0,OTHER_UNCERTAIN,TIER_A,weak_rule,0.8
TA-UNCERTAIN-052,NONE,GRP_UNCERTAIN_02,71144.71789225703,0,0.6449407513660517,1.3508656124014204,0.0,312.58753573932717,0.0,1.0,0,0.0,0.33,0.33,0.34,0,OTHER_UNCERTAIN,TIER_A,weak_rule,0.8
TA-UNCERTAIN-053,NONE,GRP_UNCERTAIN_03,63725.90875425626,0,2.319420958934463,1.4237450788971335,0.0,313.42201834004436,0.0,1.0,0,0.0,0.33,0.33,0.34,0,OTHER_UNCERTAIN,TIER_A,weak_rule,0.8
TA-UNCERTAIN-054,NONE,GRP_UNCERTAIN_04,36040.53304029772,0,2.4633154240643873,1.2275405223130607,0.0,313.2733284299484,0.0,0.0,0,0.0,0.33,0.33,0.34,0,OTHER_UNCERTAIN,TIER_A,weak_rule,0.8
TA-UNCERTAIN-055,NONE,GRP_UNCERTAIN_05,48609.40421804032,0,0.94291384698993,1.2588697927843655,0.0,315.8256573995168,0.0,0.5,0,0.0,0.33,0.33,0.34,0,OTHER_UNCERTAIN,TIER_A,weak_rule,0.8
TA-UNCERTAIN-056,NONE,GRP_UNCERTAIN_06,35980.57912127501,0,1.3904344209125137,0.5955069815693173,0.0,310.53477368217074,0.0,0.0,0,0.0,0.33,0.33,0.34,0,OTHER_UNCERTAIN,TIER_A,weak_rule,0.8
TA-UNCERTAIN-057,NONE,GRP_UNCERTAIN_07,60939.24798763024,0,1.437823574806491,0.283496872037002,0.0,303.82153454080816,0.0,1.0,0,0.0,0.33,0.33,0.34,0,OTHER_UNCERTAIN,TIER_A,weak_rule,0.8
TA-UNCERTAIN-058,NONE,GRP_UNCERTAIN_08,74201.3622433564,0,0.27718976361343867,1.6900867205270163,0.0,303.4733321386247,0.0,1.0,0,0.0,0.33,0.33,0.34,0,OTHER_UNCERTAIN,TIER_A,weak_rule,0.8
TA-UNCERTAIN-059,NONE,GRP_UNCERTAIN_09,17677.40467161813,0,0.47326825476010714,1.2892052836008525,0.0,303.2394682478154,0.0,0.0,0,0.0,0.33,0.33,0.34,0,OTHER_UNCERTAIN,TIER_A,weak_rule,0.8
TA-UNCERTAIN-060,NONE,GRP_UNCERTAIN_00,21386.19076132763,0,2.0402423415981152,0.4487005146990398,0.0,309.72228390100884,0.0,0.5,0,0.0,0.33,0.33,0.34,0,OTHER_UNCERTAIN,TIER_A,weak_rule,0.8
TA-UNCERTAIN-061,NONE,GRP_UNCERTAIN_01,62939.57969858775,0,1.5028529278157456,1.259573914107969,0.0,315.79271538147145,0.0,0.0,0,0.0,0.33,0.33,0.34,0,OTHER_UNCERTAIN,TIER_A,weak_rule,0.8
TA-UNCERTAIN-062,NONE,GRP_UNCERTAIN_02,34812.741305731615,0,2.459346280274622,1.2614680461137664,0.0,301.0280125339906,0.0,0.0,0,0.0,0.33,0.33,0.34,0,OTHER_UNCERTAIN,TIER_A,weak_rule,0.8
TA-UNCERTAIN-063,NONE,GRP_UNCERTAIN_03,12231.842418197539,0,2.439273085919082,0.42178323736567913,0.0,298.94449807787123,0.0,1.0,0,0.0,0.33,0.33,0.34,0,OTHER_UNCERTAIN,TIER_A,weak_rule,0.8
TA-UNCERTAIN-064,NONE,GRP_UNCERTAIN_04,56832.873286665286,0,1.5444721171221163,1.749141315293273,0.0,309.2855058387362,0.0,0.5,0,0.0,0.33,0.33,0.34,0,OTHER_UNCERTAIN,TIER_A,weak_rule,0.8
TA-UNCERTAIN-065,NONE,GRP_UNCERTAIN_05,24222.580773654747,0,0.42918597322710017,0.7863632591135166,0.0,303.4484129725673,0.0,1.0,0,0.0,0.33,0.33,0.34,0,OTHER_UNCERTAIN,TIER_A,weak_rule,0.8
TA-UNCERTAIN-066,NONE,GRP_UNCERTAIN_06,81341.70678172412,0,1.684072872260366,0.7506243564443862,0.0,310.4523072975945,0.0,1.0,0,0.0,0.33,0.33,0.34,0,OTHER_UNCERTAIN,TIER_A,weak_rule,0.8
TA-UNCERTAIN-067,NONE,GRP_UNCERTAIN_07,57510.76754341794,0,1.977667406124125,1.573024926294147,0.0,309.70559685586255,0.0,0.5,0,0.0,0.33,0.33,0.34,0,OTHER_UNCERTAIN,TIER_A,weak_rule,0.8
TA-UNCERTAIN-068,NONE,GRP_UNCERTAIN_08,55402.847916500534,0,1.1960279603541581,0.13949206144810194,0.0,300.0992974153717,0.0,0.0,0,0.0,0.33,0.33,0.34,0,OTHER_UNCERTAIN,TIER_A,weak_rule,0.8
TA-UNCERTAIN-069,NONE,GRP_UNCERTAIN_09,43882.084497313575,0,1.721661693117949,0.9763774762890554,0.0,298.4144817036637,0.0,1.0,0,0.0,0.33,0.33,0.34,0,OTHER_UNCERTAIN,TIER_A,weak_rule,0.8
TA-UNCERTAIN-070,NONE,GRP_UNCERTAIN_00,83981.62151945203,0,1.2768211602662,1.2854594317987829,0.0,299.7019582860037,0.0,1.0,0,0.0,0.33,0.33,0.34,0,OTHER_UNCERTAIN,TIER_A,weak_rule,0.8
TA-UNCERTAIN-071,NONE,GRP_UNCERTAIN_01,19078.275810247436,0,1.2878499716512286,1.2029223702892522,0.0,305.80581661589844,0.0,1.0,0,0.0,0.33,0.33,0.34,0,OTHER_UNCERTAIN,TIER_A,weak_rule,0.8
TA-UNCERTAIN-072,NONE,GRP_UNCERTAIN_02,14581.533215977403,0,0.9142880905361547,1.31913048570543,0.0,313.51978878910876,0.0,1.0,0,0.0,0.33,0.33,0.34,0,OTHER_UNCERTAIN,TIER_A,weak_rule,0.8
TA-UNCERTAIN-073,NONE,GRP_UNCERTAIN_03,19383.632809885636,0,2.0602396525199973,0.1531739325938983,0.0,308.00908294852326,0.0,1.0,0,0.0,0.33,0.33,0.34,0,OTHER_UNCERTAIN,TIER_A,weak_rule,0.8
TA-UNCERTAIN-074,NONE,GRP_UNCERTAIN_04,67569.70173404961,0,1.3957060031453046,0.22740519338662823,0.0,313.0685909131541,0.0,1.0,0,0.0,0.33,0.33,0.34,0,OTHER_UNCERTAIN,TIER_A,weak_rule,0.8
TA-UNCERTAIN-075,NONE,GRP_UNCERTAIN_05,61956.80450212674,0,2.006659077342574,0.328470072045131,0.0,311.5537874380823,0.0,1.0,0,0.0,0.33,0.33,0.34,0,OTHER_UNCERTAIN,TIER_A,weak_rule,0.8
TA-UNCERTAIN-076,NONE,GRP_UNCERTAIN_06,76756.98500830492,0,0.5745608070918028,1.1264923790690502,0.0,301.2388760156619,0.0,1.0,0,0.0,0.33,0.33,0.34,0,OTHER_UNCERTAIN,TIER_A,weak_rule,0.8
TA-UNCERTAIN-077,NONE,GRP_UNCERTAIN_07,40502.246696064576,0,0.8885957940605018,0.1857605103880975,0.0,308.3514585324536,0.0,1.0,0,0.0,0.33,0.33,0.34,0,OTHER_UNCERTAIN,TIER_A,weak_rule,0.8
TA-UNCERTAIN-078,NONE,GRP_UNCERTAIN_08,17477.42608613956,0,1.4718660924836033,1.5504361783352159,0.0,298.6300950312837,0.0,0.0,0,0.0,0.33,0.33,0.34,0,OTHER_UNCERTAIN,TIER_A,weak_rule,0.8
TA-UNCERTAIN-079,NONE,GRP_UNCERTAIN_09,45244.93901458027,0,1.0043651556279434,1.0346376124642296,0.0,305.6149238913346,0.0,1.0,0,0.0,0.33,0.33,0.34,0,OTHER_UNCERTAIN,TIER_A,weak_rule,0.8
TA-UNCERTAIN-080,NONE,GRP_UNCERTAIN_00,4506.887927585352,0,0.8564099476373993,1.7096405547032871,0.0,307.3499752900239,0.0,0.5,0,0.0,0.33,0.33,0.34,0,OTHER_UNCERTAIN,TIER_A,weak_rule,0.8
TA-UNCERTAIN-081,NONE,GRP_UNCERTAIN_01,57562.185041570985,0,1.1955626758088123,1.0894800682659742,0.0,310.51182689989247,0.0,1.0,0,0.0,0.33,0.33,0.34,0,OTHER_UNCERTAIN,TIER_A,weak_rule,0.8
TA-UNCERTAIN-082,NONE,GRP_UNCERTAIN_02,77818.0441101981,0,2.4924733305534366,1.1383691843166348,0.0,307.19062623215547,0.0,1.0,0,0.0,0.33,0.33,0.34,0,OTHER_UNCERTAIN,TIER_A,weak_rule,0.8
TA-UNCERTAIN-083,NONE,GRP_UNCERTAIN_03,12470.235074614488,0,2.0764437448615474,0.5183285974093752,0.0,301.3853257190437,0.0,0.5,0,0.0,0.33,0.33,0.34,0,OTHER_UNCERTAIN,TIER_A,weak_rule,0.8
TA-UNCERTAIN-084,NONE,GRP_UNCERTAIN_04,73414.85638936266,0,0.6557504110034099,0.3454694495469522,0.0,307.9372712812477,0.0,1.0,0,0.0,0.33,0.33,0.34,0,OTHER_UNCERTAIN,TIER_A,weak_rule,0.8
TA-UNCERTAIN-085,NONE,GRP_UNCERTAIN_05,33404.74555887546,0,0.451956470037962,1.165485407628009,0.0,299.33847387058495,0.0,0.5,0,0.0,0.33,0.33,0.34,0,OTHER_UNCERTAIN,TIER_A,weak_rule,0.8
TA-UNCERTAIN-086,NONE,GRP_UNCERTAIN_06,25484.292598318127,0,1.6769570099085631,0.39437654936387945,0.0,306.2092194817854,0.0,0.5,0,0.0,0.33,0.33,0.34,0,OTHER_UNCERTAIN,TIER_A,weak_rule,0.8
TA-UNCERTAIN-087,NONE,GRP_UNCERTAIN_07,58960.316473544684,0,2.359468421206706,0.3606498362147753,0.0,301.66773214392396,0.0,1.0,0,0.0,0.33,0.33,0.34,0,OTHER_UNCERTAIN,TIER_A,weak_rule,0.8
TA-UNCERTAIN-088,NONE,GRP_UNCERTAIN_08,63480.32934730257,0,2.48909428222352,1.2906289288741326,0.0,301.4672935669125,0.0,0.5,0,0.0,0.33,0.33,0.34,0,OTHER_UNCERTAIN,TIER_A,weak_rule,0.8
TA-UNCERTAIN-089,NONE,GRP_UNCERTAIN_09,49873.193602369,0,1.6722621115162541,0.9791981063508025,0.0,300.9527752962288,0.0,0.0,0,0.0,0.33,0.33,0.34,0,OTHER_UNCERTAIN,TIER_A,weak_rule,0.8
TA-UNCERTAIN-090,NONE,GRP_UNCERTAIN_00,29967.007327021238,0,2.0012925540583115,0.7566223940516157,0.0,315.3523186211655,0.0,0.0,0,0.0,0.33,0.33,0.34,0,OTHER_UNCERTAIN,TIER_A,weak_rule,0.8
TA-UNCERTAIN-091,NONE,GRP_UNCERTAIN_01,10740.730056502525,0,0.44285987614806654,0.3047834225675846,0.0,307.8706381270443,0.0,0.0,0,0.0,0.33,0.33,0.34,0,OTHER_UNCERTAIN,TIER_A,weak_rule,0.8
TA-UNCERTAIN-092,NONE,GRP_UNCERTAIN_02,31013.27952395594,0,0.35908927174378763,1.6475322538637305,0.0,312.0052771189701,0.0,0.0,0,0.0,0.33,0.33,0.34,0,OTHER_UNCERTAIN,TIER_A,weak_rule,0.8
TA-UNCERTAIN-093,NONE,GRP_UNCERTAIN_03,74442.85733064143,0,0.6805488515128937,0.13657039884143107,0.0,304.7888076724912,0.0,0.0,0,0.0,0.33,0.33,0.34,0,OTHER_UNCERTAIN,TIER_A,weak_rule,0.8
TA-UNCERTAIN-094,NONE,GRP_UNCERTAIN_04,34979.904287446436,0,0.39675641424524766,1.6750682452878793,0.0,301.16316470113816,0.0,1.0,0,0.0,0.33,0.33,0.34,0,OTHER_UNCERTAIN,TIER_A,weak_rule,0.8
TA-UNCERTAIN-095,NONE,GRP_UNCERTAIN_05,74978.7099002096,0,1.5337435672443853,1.4754209150564614,0.0,299.7197300309038,0.0,0.5,0,0.0,0.33,0.33,0.34,0,OTHER_UNCERTAIN,TIER_A,weak_rule,0.8
TA-UNCERTAIN-096,NONE,GRP_UNCERTAIN_06,60886.67062713746,0,2.1836861212752186,1.0465909497094947,0.0,308.93440499740234,0.0,0.0,0,0.0,0.33,0.33,0.34,0,OTHER_UNCERTAIN,TIER_A,weak_rule,0.8
TA-UNCERTAIN-097,NONE,GRP_UNCERTAIN_07,18245.167036344923,0,2.374299218259017,0.7744663958514465,0.0,304.2131119855458,0.0,1.0,0,0.0,0.33,0.33,0.34,0,OTHER_UNCERTAIN,TIER_A,weak_rule,0.8
TA-UNCERTAIN-098,NONE,GRP_UNCERTAIN_08,59063.85659369843,0,2.003556381906964,1.0468084487241247,0.0,313.87638057241844,0.0,0.5,0,0.0,0.33,0.33,0.34,0,OTHER_UNCERTAIN,TIER_A,weak_rule,0.8
TA-UNCERTAIN-099,NONE,GRP_UNCERTAIN_09,42887.38043368581,0,0.449794677337955,0.13595574761618678,0.0,307.2441775414199,0.0,0.0,0,0.0,0.33,0.33,0.34,0,OTHER_UNCERTAIN,TIER_A,weak_rule,0.8
TA-UNCERTAIN-100,NONE,GRP_UNCERTAIN_00,57433.816251700024,0,0.4852748348577436,1.0735021021627604,0.0,302.8126582723227,0.0,1.0,0,0.0,0.33,0.33,0.34,0,OTHER_UNCERTAIN,TIER_A,weak_rule,0.8
TA-UNCERTAIN-101,NONE,GRP_UNCERTAIN_01,55955.07594158677,0,1.019854140375783,1.4262473107763198,0.0,310.2078740519036,0.0,0.5,0,0.0,0.33,0.33,0.34,0,OTHER_UNCERTAIN,TIER_A,weak_rule,0.8
TA-UNCERTAIN-102,NONE,GRP_UNCERTAIN_02,61396.33438998327,0,0.580295635622412,1.7768937429392513,0.0,312.3724401774703,0.0,1.0,0,0.0,0.33,0.33,0.34,0,OTHER_UNCERTAIN,TIER_A,weak_rule,0.8
TA-UNCERTAIN-103,NONE,GRP_UNCERTAIN_03,27588.982728896655,0,2.3886483572814456,0.9945990346522434,0.0,310.93240257997047,0.0,0.0,0,0.0,0.33,0.33,0.34,0,OTHER_UNCERTAIN,TIER_A,weak_rule,0.8
TA-UNCERTAIN-104,NONE,GRP_UNCERTAIN_04,29067.58821508763,0,2.1661154646747884,1.7117238094919274,0.0,305.3172661205412,0.0,0.5,0,0.0,0.33,0.33,0.34,0,OTHER_UNCERTAIN,TIER_A,weak_rule,0.8
TA-UNCERTAIN-105,NONE,GRP_UNCERTAIN_05,72542.27143344519,0,1.6414901993182744,0.24884459693969097,0.0,302.32066132878964,0.0,0.0,0,0.0,0.33,0.33,0.34,0,OTHER_UNCERTAIN,TIER_A,weak_rule,0.8
TA-UNCERTAIN-106,NONE,GRP_UNCERTAIN_06,17791.606607384936,0,0.2849170774130152,1.368927887679856,0.0,307.97487594733093,0.0,0.5,0,0.0,0.33,0.33,0.34,0,OTHER_UNCERTAIN,TIER_A,weak_rule,0.8
TA-UNCERTAIN-107,NONE,GRP_UNCERTAIN_07,69571.92696173053,0,0.17513250344314324,1.7133064323089457,0.0,310.18659513560146,0.0,1.0,0,0.0,0.33,0.33,0.34,0,OTHER_UNCERTAIN,TIER_A,weak_rule,0.8
TA-UNCERTAIN-108,NONE,GRP_UNCERTAIN_08,15482.48475873696,0,1.3198422302326334,1.2710047316295165,0.0,310.1819349824298,0.0,1.0,0,0.0,0.33,0.33,0.34,0,OTHER_UNCERTAIN,TIER_A,weak_rule,0.8
TA-UNCERTAIN-109,NONE,GRP_UNCERTAIN_09,60679.49720500165,0,1.10285791145761,1.1553614997827197,0.0,314.3959553015616,0.0,1.0,0,0.0,0.33,0.33,0.34,0,OTHER_UNCERTAIN,TIER_A,weak_rule,0.8
TB-HN-AGRI-NEARFAC-000,FAC-GUJ-JAMNAGAR-01,GRP_GUJ_01,1671.1961350307686,1,15.575981017510713,10.570450949872512,0.7402364786172182,336.38644400849006,3.8280393646777147,1.0,0,0.0,0.9146726787077902,0.08803318958352609,0.07921671273270037,0,AGRI_BURN,TIER_B,hard_negative,0.92
TB-HN-AGRI-NEARFAC-001,FAC-GUJ-HAZIRA-01,GRP_GUJ_02,1473.6410608888139,1,21.236383489074544,9.540953707274342,2.646972391035365,329.2760417224866,1.287740022777391,1.0,0,0.0,0.7650244748101397,0.0839408935109666,0.07705267260218955,0,AGRI_BURN,TIER_B,hard_negative,0.92
TB-HN-AGRI-NEARFAC-002,FAC-GUJ-HAZIRA-01,GRP_GUJ_02,1132.036197309863,1,8.588446942586106,5.413986675331585,0.3485681925005927,342.16349077529526,1.37417828225376,1.0,0,0.0,0.8578239244979278,0.07664139111176593,0.01767981010310136,0,AGRI_BURN,TIER_B,hard_negative,0.92
TB-HN-AGRI-NEARFAC-003,FAC-JHK-BOKARO-01,GRP_JHK_02,1243.7806635577851,4,6.118617014603498,0.3306100190501826,1.8972175962540314,324.989508712115,3.7306972821568642,1.0,0,0.0,0.9358218013243547,0.09591349411232296,0.07732935193076064,0,AGRI_BURN,TIER_B,hard_negative,0.92
TB-HN-AGRI-NEARFAC-004,FAC-GUJ-HAZIRA-01,GRP_GUJ_02,2080.516611834283,1,19.677868417973603,11.922419389257211,0.1819152201985922,312.1944064372219,2.11123856641301,1.0,0,0.0,0.8096701299457144,0.010716405514742733,0.05245825487024664,0,AGRI_BURN,TIER_B,hard_negative,0.92
TB-HN-AGRI-NEARFAC-005,FAC-ODI-PARADEEP-01,GRP_ODI_01,1093.825963928437,1,0.591456632233381,6.202012288876114,0.6006578570856442,329.4601865632274,3.644784853145386,1.0,0,0.0,0.832143810575966,0.091310911243716,0.0010365677874129952,0,AGRI_BURN,TIER_B,hard_negative,0.92
TB-HN-AGRI-NEARFAC-006,FAC-JHK-JAMSHEDPUR-01,GRP_JHK_01,768.2761808543842,4,8.939750642218327,4.400203850817613,1.290740994868116,318.01200733111875,3.340403489345207,1.0,0,0.0,0.7717389985760588,0.04385720689317557,0.1259036191992723,0,AGRI_BURN,TIER_B,hard_negative,0.92
TB-HN-AGRI-NEARFAC-007,FAC-ODI-PARADEEP-01,GRP_ODI_01,608.7676424862063,1,16.537167499762322,0.379599996816689,2.651893033853449,335.40424134991565,0.8873297509810679,1.0,0,0.0,0.8069799528125767,0.013368033166636529,0.06315836542538253,0,AGRI_BURN,TIER_B,hard_negative,0.92
TB-HN-AGRI-NEARFAC-008,FAC-CHH-KORBA-01,GRP_CHH_01,2016.8459490572818,3,3.8627500235291117,3.026189360713578,1.443092005845156,333.9530155467737,1.4302986704988259,1.0,0,0.0,0.8342190645472226,0.05501236728993624,0.11997301282182686,0,AGRI_BURN,TIER_B,hard_negative,0.92
TB-HN-AGRI-NEARFAC-009,FAC-MAH-CHANDRAPUR-01,GRP_MAH_02,951.0422422700846,2,16.910882527048063,12.380201472925405,1.5105571617985047,342.47752127410826,3.450720197630954,1.0,0,0.0,0.8277697013786698,0.010973278401552579,0.0161819377460103,0,AGRI_BURN,TIER_B,hard_negative,0.92
TB-HN-AGRI-NEARFAC-010,FAC-GUJ-JAMNAGAR-01,GRP_GUJ_01,583.3286202531507,1,7.83300389945522,0.48699068734924317,2.0564686157342025,313.7173146187085,3.4044251605681586,1.0,0,0.0,0.835933010245023,0.059708682252043156,0.0012043335672414057,0,AGRI_BURN,TIER_B,hard_negative,0.92
TB-HN-AGRI-NEARFAC-011,FAC-KAR-BELLARY-01,GRP_KAR_01,885.5132637330385,4,10.896071667853606,10.724328590755475,0.7507644246270011,317.0323589225501,2.2893394243270966,1.0,0,0.0,0.7998933572786134,0.07667276048289239,0.1296250208432198,0,AGRI_BURN,TIER_B,hard_negative,0.92
TB-HN-AGRI-NEARFAC-012,FAC-ODI-ROURKELA-01,GRP_ODI_03,1582.711328701134,4,9.669832833749869,6.792331745315448,2.350323593927606,315.40114145083567,3.0565984976155223,1.0,0,0.0,0.8722200888114993,0.018866899604016288,0.12823078772931865,0,AGRI_BURN,TIER_B,hard_negative,0.92
TB-HN-AGRI-NEARFAC-013,FAC-MAH-CHANDRAPUR-01,GRP_MAH_02,774.3607556287436,2,3.2575895538010915,0.8256201122097995,2.9712923995748937,342.6602449404068,1.9920604196326037,1.0,0,0.0,0.8732934716338567,0.009093543041013263,0.0076433048177726335,0,AGRI_BURN,TIER_B,hard_negative,0.92
TB-HN-AGRI-NEARFAC-014,FAC-TN-MANALI-01,GRP_TN_01,1321.19668660257,1,15.52343140899759,13.727703474242677,0.6731079563883823,326.060503280263,0.7147240324655393,1.0,0,0.0,0.8354145655689733,0.005165548849321889,0.01650824241628433,0,AGRI_BURN,TIER_B,hard_negative,0.92
TB-HN-AGRI-NEARFAC-015,FAC-CHH-BHILAI-01,GRP_CHH_02,869.028490368632,4,7.982129497604437,6.027616538729296,0.9663242459026548,313.56936100868734,0.6431119516631643,1.0,0,0.0,0.7604261274046163,0.07447547042492002,0.03179663265345651,0,AGRI_BURN,TIER_B,hard_negative,0.92
TB-HN-AGRI-NEARFAC-016,FAC-KAR-BELLARY-01,GRP_KAR_01,868.2948040268693,4,13.500871382478273,6.203433113040833,0.7642665087841546,328.21244946865875,1.6699875151011976,1.0,0,0.0,0.7723057226790297,0.06689475403253851,0.10244422691140496,0,AGRI_BURN,TIER_B,hard_negative,0.92
TB-HN-AGRI-NEARFAC-017,FAC-MAH-CHANDRAPUR-01,GRP_MAH_02,962.741707019896,2,16.41190941852898,5.250974000827733,2.3386368396196073,329.4524480995205,1.8005729975840652,1.0,0,0.0,0.8800496686636611,0.021003330189233428,0.05760740349504853,0,AGRI_BURN,TIER_B,hard_negative,0.92
TB-HN-AGRI-NEARFAC-018,FAC-MAH-TROMBAY-01,GRP_MAH_01,591.3979997089763,1,16.43988863378494,1.9488545571434002,1.763818753699267,342.10183544586124,2.7902430583606064,1.0,0,0.0,0.788086720098447,0.07046600538922086,0.13882509592768258,0,AGRI_BURN,TIER_B,hard_negative,0.92
TB-HN-AGRI-NEARFAC-019,FAC-GUJ-DAHEJ-01,GRP_GUJ_03,2092.3633054731126,1,13.770623971571,4.43022691188234,1.4278535751181645,337.11260444422044,2.3674514407120135,1.0,0,0.0,0.7807344705519246,0.01278319447614753,0.06273188391755782,0,AGRI_BURN,TIER_B,hard_negative,0.92
TB-HN-AGRI-NEARFAC-020,FAC-JHK-JAMSHEDPUR-01,GRP_JHK_01,1999.435307998876,4,16.802071380870544,11.891406095947053,1.685434695077145,323.4622045720527,1.7810420883423668,1.0,0,0.0,0.8759729276855674,0.011742893540001787,0.06541886448976601,0,AGRI_BURN,TIER_B,hard_negative,0.92
TB-HN-AGRI-NEARFAC-021,FAC-KAR-BELLARY-01,GRP_KAR_01,1125.1576980125985,4,20.516778264737095,7.2030111591154835,0.07540594629299638,331.77207085525174,2.938471797005864,1.0,0,0.0,0.775786847307766,0.004544522580357579,0.08492621525465703,0,AGRI_BURN,TIER_B,hard_negative,0.92
TB-HN-AGRI-NEARFAC-022,FAC-ODI-JHARSUGUDA-01,GRP_ODI_02,1720.3231141484305,3,8.985866685901279,9.680311625412381,2.612064602712752,344.0607677807996,1.0793137701757793,1.0,0,0.0,0.9001455582816575,0.038415041984989184,0.11690582602126176,0,AGRI_BURN,TIER_B,hard_negative,0.92
TB-HN-AGRI-NEARFAC-023,FAC-TEL-RAMAGUNDAM-01,GRP_TEL_01,1473.354001732649,2,4.869571280299374,0.34932748594911245,1.7199749533924837,331.539720915197,0.5310146367329548,1.0,0,0.0,0.9357254606345994,0.05127956752139404,0.07557266470911429,0,AGRI_BURN,TIER_B,hard_negative,0.92
TB-HN-AGRI-NEARFAC-024,FAC-PUN-BATHINDA-01,GRP_PUN_01,828.8440425791501,1,18.81346169679809,4.36018250959433,0.8128588100592141,315.9304120588794,1.2837530758950382,1.0,0,0.0,0.8567131582471978,0.029184329538859924,0.09594230146870701,0,AGRI_BURN,TIER_B,hard_negative,0.92
TB-HN-AGRI-NEARFAC-025,FAC-JHK-JAMSHEDPUR-01,GRP_JHK_01,2065.408721163847,4,6.241392878182749,11.13151206080484,1.930815241636863,320.21726645271997,3.3819359334923575,1.0,0,0.0,0.8569189848246944,0.00013999614763668956,0.05211928483026051,0,AGRI_BURN,TIER_B,hard_negative,0.92
TB-HN-AGRI-NEARFAC-026,FAC-CHH-BHILAI-01,GRP_CHH_02,950.4394635856551,4,20.842841071173346,12.410613512434576,0.7994741603658944,316.40918280538403,3.644175157995426,1.0,0,0.0,0.8089790676901267,0.09852612842415528,0.09389329569331052,0,AGRI_BURN,TIER_B,hard_negative,0.92
TB-HN-AGRI-NEARFAC-027,FAC-GUJ-JAMNAGAR-01,GRP_GUJ_01,1874.2738042596268,1,5.13643920256418,13.523616262761879,0.5384383650526533,344.0629552641218,2.3808604314968846,1.0,0,0.0,0.9457524774491517,0.07781859929786392,0.11707697799421236,0,AGRI_BURN,TIER_B,hard_negative,0.92
TB-HN-AGRI-NEARFAC-028,FAC-MAH-TROMBAY-01,GRP_MAH_01,1686.8140591656722,1,15.263292445620813,13.255491371135403,0.779462054754623,332.66557815620365,2.6151959145670554,1.0,0,0.0,0.7912318018329845,0.04421848894703317,0.04863945462047326,0,AGRI_BURN,TIER_B,hard_negative,0.92
TB-HN-AGRI-NEARFAC-029,FAC-ODI-JHARSUGUDA-01,GRP_ODI_02,1426.0780290896535,3,17.847031957936142,10.614698457850878,0.47536801668783396,319.64686370703424,3.042001433809567,1.0,0,0.0,0.8237280013387415,0.09021681433842099,0.014053659322814466,0,AGRI_BURN,TIER_B,hard_negative,0.92
TB-HN-AGRI-NEARFAC-030,FAC-ODI-PARADEEP-01,GRP_ODI_01,1199.8717083953456,1,18.01691653301423,2.7127145647062414,1.7132773753006008,343.130716950244,1.1314232481008388,1.0,0,0.0,0.8064088493899215,0.03101602208831805,0.13278795649603112,0,AGRI_BURN,TIER_B,hard_negative,0.92
TB-HN-AGRI-NEARFAC-031,FAC-TEL-RAMAGUNDAM-01,GRP_TEL_01,1621.628626990846,2,4.457517170162566,2.266256331556044,1.2849211416640056,327.01579727233445,2.7579156525161053,1.0,0,0.0,0.8305008591715005,0.0724306922605474,0.020593694292118346,0,AGRI_BURN,TIER_B,hard_negative,0.92
TB-HN-AGRI-NEARFAC-032,FAC-GUJ-JAMNAGAR-01,GRP_GUJ_01,1466.0930054970115,1,8.562102802799611,0.5838080421647911,2.481421122331326,337.1937099502017,2.7556873952699608,1.0,0,0.0,0.7587480085077569,0.02483429444590034,0.012539331914100582,0,AGRI_BURN,TIER_B,hard_negative,0.92
TB-HN-AGRI-NEARFAC-033,FAC-MAH-CHANDRAPUR-01,GRP_MAH_02,2086.4070244927784,2,13.352163102414705,11.155885950767566,0.038094556505060786,338.12480300299217,2.3982955893610436,1.0,0,0.0,0.9136510719930975,0.08527202137370092,0.012744778993340172,0,AGRI_BURN,TIER_B,hard_negative,0.92
TB-HN-AGRI-NEARFAC-034,FAC-MAH-CHANDRAPUR-01,GRP_MAH_02,1238.7870464875753,2,12.5575866645249,6.3872689155628475,0.4978018808296405,322.9479585498868,1.0407966327170355,1.0,0,0.0,0.7611751013152696,0.06920411979217576,0.09412287795202386,0,AGRI_BURN,TIER_B,hard_negative,0.92
TB-HN-URBAN-NONFAC-000,NONE,GRP_URBAN_NONFAC_00,10799.945092403203,0,3.7996996058382346,0.6878828728571375,0.14836924561324,324.1846786602088,1.6729667695654133,1.0,0,0.0024208413387381,0.05,0.05,0.8791606568777569,0,OTHER_UNCERTAIN,TIER_B,hard_negative,0.9
TB-HN-URBAN-NONFAC-001,NONE,GRP_URBAN_NONFAC_01,14840.330501334976,0,2.0415322228484305,1.3892677533255582,0.1434231036375626,330.7470546816576,1.3688349483123987,1.0,0,0.9836411501401521,0.05,0.05,0.9787998469495597,0,OTHER_UNCERTAIN,TIER_B,hard_negative,0.9
TB-HN-URBAN-NONFAC-002,NONE,GRP_URBAN_NONFAC_02,14756.375834105265,0,4.3258659528448895,1.189079962674246,0.03814497074371859,321.3395966432513,0.7209870207804381,1.0,0,1.791172981908125,0.05,0.05,0.9285858296576395,0,OTHER_UNCERTAIN,TIER_B,hard_negative,0.9
TB-HN-URBAN-NONFAC-003,NONE,GRP_URBAN_NONFAC_03,12944.643294189182,0,2.621922562564732,2.078912157623644,0.33971665585504673,318.40352057136505,1.3345467699641096,1.0,1,1.2495165440076967,0.05,0.05,0.8873107219881574,0,OTHER_UNCERTAIN,TIER_B,hard_negative,0.9
TB-HN-URBAN-NONFAC-004,NONE,GRP_URBAN_NONFAC_04,40140.68456033602,0,1.584373113996814,1.7979021895889105,0.18455624927908865,320.2464155925178,1.8139693097964924,1.0,0,1.5777122527685576,0.05,0.05,0.9620228167720313,0,OTHER_UNCERTAIN,TIER_B,hard_negative,0.9
TB-HN-URBAN-NONFAC-005,NONE,GRP_URBAN_NONFAC_00,44143.927416183615,0,3.6111361579851544,0.8104494459682464,0.07389009144380526,323.1471262838058,1.5937014786235404,1.0,1,1.6292995224492792,0.05,0.05,0.8647113244616953,0,OTHER_UNCERTAIN,TIER_B,hard_negative,0.9
TB-HN-URBAN-NONFAC-006,NONE,GRP_URBAN_NONFAC_01,22670.673239408636,0,3.4068309151672165,0.8050698954854283,0.16152670605023084,318.04057194970517,1.535070827380082,1.0,1,0.6386315598220598,0.05,0.05,0.9050981690925919,0,OTHER_UNCERTAIN,TIER_B,hard_negative,0.9
TB-HN-URBAN-NONFAC-007,NONE,GRP_URBAN_NONFAC_02,33043.41255084504,0,2.1557773829025955,2.621804453302113,0.16673257253401452,328.8342548542059,1.307908444428517,1.0,0,0.7663704219260756,0.05,0.05,0.9214141039149708,0,OTHER_UNCERTAIN,TIER_B,hard_negative,0.9
TB-HN-URBAN-NONFAC-008,NONE,GRP_URBAN_NONFAC_03,27011.142364271393,0,2.470405624284578,1.9013951741153878,0.1150572575056078,317.33788354169894,1.4298421058333033,1.0,0,1.4061866266615721,0.05,0.05,0.8805750989692078,0,OTHER_UNCERTAIN,TIER_B,hard_negative,0.9
TB-HN-URBAN-NONFAC-009,NONE,GRP_URBAN_NONFAC_04,6111.778124629756,0,4.475621248799417,0.4480330244803101,0.27918723402144885,331.3218523423186,1.8418082015239643,1.0,0,1.822723855813556,0.05,0.05,0.8969116096968777,0,OTHER_UNCERTAIN,TIER_B,hard_negative,0.9
TB-HN-URBAN-NONFAC-010,NONE,GRP_URBAN_NONFAC_00,39123.83569631076,0,3.614587510198666,0.7901779742922813,0.23019419291667725,329.36403737703705,1.1030007745596706,1.0,1,0.4849948169400895,0.05,0.05,0.9576168350070442,0,OTHER_UNCERTAIN,TIER_B,hard_negative,0.9
TB-HN-URBAN-NONFAC-011,NONE,GRP_URBAN_NONFAC_01,8178.760969138288,0,1.0512052511345087,3.09374555906792,0.3519814280535153,322.03937253154294,0.05269376480761956,1.0,1,0.7433684625340005,0.05,0.05,0.9411822292490398,0,OTHER_UNCERTAIN,TIER_B,hard_negative,0.9
TB-HN-URBAN-NONFAC-012,NONE,GRP_URBAN_NONFAC_02,31847.14549543467,0,0.7950811826237012,2.7448241447135198,0.43523848860775377,316.4829716857537,0.7304884365391358,1.0,0,0.49009160812296404,0.05,0.05,0.851622101023747,0,OTHER_UNCERTAIN,TIER_B,hard_negative,0.9
TB-HN-URBAN-NONFAC-013,NONE,GRP_URBAN_NONFAC_03,38411.65172111048,0,2.1659794792448643,2.5431695707946167,0.23488236868216816,318.2417983708509,1.0549000754738438,1.0,1,0.9403690012026202,0.05,0.05,0.9439324646730259,0,OTHER_UNCERTAIN,TIER_B,hard_negative,0.9
TB-HN-URBAN-NONFAC-014,NONE,GRP_URBAN_NONFAC_04,23314.97182305514,0,3.079388609386892,0.4369863748770459,0.055633333161053566,316.96001277937376,1.2849085633772477,1.0,0,1.0065908455900667,0.05,0.05,0.8514127849156468,0,OTHER_UNCERTAIN,TIER_B,hard_negative,0.9
TB-HN-URBAN-NONFAC-015,NONE,GRP_URBAN_NONFAC_00,38474.523682305284,0,3.219614176399766,2.852734238445984,0.277077960637982,329.2722916910713,1.838300460160749,1.0,1,1.418705630709452,0.05,0.05,0.905077134006385,0,OTHER_UNCERTAIN,TIER_B,hard_negative,0.9
TB-HN-URBAN-NONFAC-016,NONE,GRP_URBAN_NONFAC_01,12115.224850187273,0,4.392489316819207,1.860202925333148,0.4889631418551245,318.0021336964529,0.4237284869015576,1.0,0,0.4378128259225331,0.05,0.05,0.8738801904538694,0,OTHER_UNCERTAIN,TIER_B,hard_negative,0.9
TB-HN-URBAN-NONFAC-017,NONE,GRP_URBAN_NONFAC_02,35093.83375990024,0,2.737177151593071,2.756796370567276,0.40827941779951227,323.4949775311251,0.6263793208107344,1.0,1,1.6545073595713087,0.05,0.05,0.8714271667384156,0,OTHER_UNCERTAIN,TIER_B,hard_negative,0.9
TB-HN-URBAN-NONFAC-018,NONE,GRP_URBAN_NONFAC_03,37330.23116355871,0,3.086588782793936,0.9452456500811486,0.0542004410341384,317.24493722471016,1.2063803341805526,1.0,1,0.05609771966233712,0.05,0.05,0.8866869010862622,0,OTHER_UNCERTAIN,TIER_B,hard_negative,0.9
TB-HN-URBAN-NONFAC-019,NONE,GRP_URBAN_NONFAC_04,27121.1486842641,0,0.7612766686651091,2.071910116305468,0.3782607201847695,320.9459218010597,1.1033827543515848,1.0,0,0.4806703071172238,0.05,0.05,0.8610551161092982,0,OTHER_UNCERTAIN,TIER_B,hard_negative,0.9
TB-HN-URBAN-NONFAC-020,NONE,GRP_URBAN_NONFAC_00,28234.788231753373,0,0.6794981528442894,3.1621831254112123,0.2419034952136897,316.76878241474395,0.1864218703435232,1.0,1,0.01695746154400135,0.05,0.05,0.896364388672399,0,OTHER_UNCERTAIN,TIER_B,hard_negative,0.9
TB-HN-URBAN-NONFAC-021,NONE,GRP_URBAN_NONFAC_01,17013.685013285438,0,2.0925455540483022,0.9456743782797666,0.37592113536090144,327.6110099978253,1.947701485894872,1.0,0,0.6626363755358242,0.05,0.05,0.9665464534341445,0,OTHER_UNCERTAIN,TIER_B,hard_negative,0.9
TB-HN-URBAN-NONFAC-022,NONE,GRP_URBAN_NONFAC_02,25639.55771132642,0,2.5087084712831476,2.570168519172986,0.01184265534272605,328.7371087529792,0.9539060680025546,1.0,0,0.5802387619200795,0.05,0.05,0.8696999154143678,0,OTHER_UNCERTAIN,TIER_B,hard_negative,0.9
TB-HN-URBAN-NONFAC-023,NONE,GRP_URBAN_NONFAC_03,24061.142698462016,0,4.040815491257689,0.6612144221953393,0.359231353668757,330.15043308921423,1.6149520677545626,1.0,0,1.5376514303468842,0.05,0.05,0.8709361134405744,0,OTHER_UNCERTAIN,TIER_B,hard_negative,0.9
TB-HN-URBAN-NONFAC-024,NONE,GRP_URBAN_NONFAC_04,43583.02700939161,0,2.5652031896197456,2.4404177911912575,0.32569745750459683,330.88363525493577,0.6828305787962705,1.0,0,0.6780414177602765,0.05,0.05,0.8968411262411713,0,OTHER_UNCERTAIN,TIER_B,hard_negative,0.9
TB-HN-URBAN-NONFAC-025,NONE,GRP_URBAN_NONFAC_00,39382.14956719804,0,2.2236057829860716,2.8939038067738334,0.3870875004040952,322.2021483467949,0.41764128203704187,1.0,0,1.9160313032925338,0.05,0.05,0.9236971119911421,0,OTHER_UNCERTAIN,TIER_B,hard_negative,0.9
TB-HN-URBAN-NONFAC-026,NONE,GRP_URBAN_NONFAC_01,44781.7766025915,0,0.8896241725899707,0.4418369084547687,0.38315865721723985,320.95267695750425,1.7350673521898257,1.0,0,0.9978245212750732,0.05,0.05,0.9091250214784102,0,OTHER_UNCERTAIN,TIER_B,hard_negative,0.9
TB-HN-URBAN-NONFAC-027,NONE,GRP_URBAN_NONFAC_02,12618.987928540875,0,1.6824327159366752,0.5908531515622772,0.2882558120911131,321.6538956271683,0.14226784079054355,1.0,1,0.5158881990036861,0.05,0.05,0.9115239240020728,0,OTHER_UNCERTAIN,TIER_B,hard_negative,0.9
TB-HN-URBAN-NONFAC-028,NONE,GRP_URBAN_NONFAC_03,15985.025836249499,0,4.006631476940077,2.2208178325567407,0.0702236217999066,317.9834595884896,1.1374668998756854,1.0,0,0.7269442209452874,0.05,0.05,0.8872612588265695,0,OTHER_UNCERTAIN,TIER_B,hard_negative,0.9
TB-HN-URBAN-NONFAC-029,NONE,GRP_URBAN_NONFAC_04,21952.295984499433,0,2.97873401394904,2.305637389132052,0.22041383894805705,324.1996680313153,1.2492638223177932,1.0,1,0.747366191200771,0.05,0.05,0.9386861165889744,0,OTHER_UNCERTAIN,TIER_B,hard_negative,0.9
TB-HN-WILD-MINING-000,FAC-JHK-BOKARO-01,GRP_JHK_02,2850.2768187856846,4,247.51328503353267,158.68722261774047,29.815382083812004,417.9688473637999,23.819984865086827,0.6871771914768594,2,12.318525526016996,0.001191441887500383,0.9132649460906125,0.029066060018406573,0,WILDFIRE,TIER_B,hard_negative,0.92
TB-HN-WILD-MINING-001,FAC-ODI-JHARSUGUDA-01,GRP_ODI_02,3210.401178880343,3,241.26473552986494,43.45769351894743,221.0565435612505,390.2235505611843,53.591672118898586,0.5905466094072561,2,13.5018977319773,0.06972794954752815,0.7214556365837778,0.0731778123291942,0,WILDFIRE,TIER_B,hard_negative,0.92
TB-HN-WILD-MINING-002,FAC-JHK-JAMSHEDPUR-01,GRP_JHK_01,3804.649951304072,4,67.85981495978625,59.30809557192571,92.97551832167366,419.6794408887122,67.60209165281644,0.6606872515558111,1,1.7148965163203023,0.06818679687188826,0.836270305431897,0.09485336800662246,0,WILDFIRE,TIER_B,hard_negative,0.92
TB-HN-WILD-MINING-003,FAC-ODI-JHARSUGUDA-01,GRP_ODI_02,3420.6491458446562,3,99.84945409428134,14.698488102641774,158.2478050743585,364.22563415479675,113.51888598852176,0.558447827673463,1,14.678412356236164,0.03201312466048915,0.7528732219115283,0.002294273639205846,0,WILDFIRE,TIER_B,hard_negative,0.92
TB-HN-WILD-MINING-004,FAC-CHH-BHILAI-01,GRP_CHH_02,3551.014321064659,4,86.50974919497139,105.35309394013764,39.225995187459255,336.23331445940937,59.31698496888823,0.5395010408918021,2,6.771313980738348,0.06295827909347929,0.753526225815796,0.08930733893770518,0,WILDFIRE,TIER_B,hard_negative,0.92
TB-HN-WILD-MINING-005,FAC-ODI-JHARSUGUDA-01,GRP_ODI_02,3991.6472745033116,3,39.49693390848854,145.2462605705868,98.66440401654039,397.78584455491193,34.78239469422206,0.5547828777326829,1,7.2243788252211445,0.08032594362888167,0.8959643478704413,0.09655898339799798,0,WILDFIRE,TIER_B,hard_negative,0.92
TB-HN-WILD-MINING-006,FAC-JHK-JAMSHEDPUR-01,GRP_JHK_01,2564.0771294965853,4,198.61888074229634,68.37069506535198,22.28424704826579,400.4765136572729,78.90712113867042,0.4733426140011631,2,8.677340405044598,0.021692585934399704,0.8660157348706721,0.08235038216335255,0,WILDFIRE,TIER_B,hard_negative,0.92
TB-HN-WILD-MINING-007,FAC-CHH-KORBA-01,GRP_CHH_01,3728.509042231029,3,210.23061077504272,57.47729340291035,54.61644430604022,371.2793160531204,33.04363178419663,0.709290404579955,0,11.88025228343637,0.1010917966139167,0.7657006735367545,0.07222860381281143,0,WILDFIRE,TIER_B,hard_negative,0.92
TB-HN-WILD-MINING-008,FAC-JHK-JAMSHEDPUR-01,GRP_JHK_01,4329.971235227082,4,242.17577295985114,105.14395793824865,166.95077093672177,382.05393149532483,21.72156910821439,0.6737122624643862,0,6.302641633500838,0.08191293415544673,0.7415252570080446,0.03775565714846349,0,WILDFIRE,TIER_B,hard_negative,0.92
TB-HN-WILD-MINING-009,FAC-ODI-ROURKELA-01,GRP_ODI_03,2129.2892385805444,4,65.65713560217836,111.94423635695475,239.67402475554744,363.32307736009466,55.10703426339856,0.5405833413377141,1,7.531278001411055,0.1301637222521886,0.874829286521544,0.06489116772938383,0,WILDFIRE,TIER_B,hard_negative,0.92
TB-HN-WILD-MINING-010,FAC-JHK-JAMSHEDPUR-01,GRP_JHK_01,2742.1611788210303,4,108.20817927521445,134.22787905760148,117.94531502074791,417.66631438476816,52.254314613079714,0.727904657667459,1,6.4257542088391055,0.026534274093158804,0.8487229525347373,0.05427628788044763,0,WILDFIRE,TIER_B,hard_negative,0.92
TB-HN-WILD-MINING-011,FAC-JHK-JAMSHEDPUR-01,GRP_JHK_01,2355.0838048404066,4,189.7954853435302,112.04227541106977,165.84466386696042,393.18833601350997,113.66595642539731,0.7217648301802515,0,14.93044831837939,0.12089096438575667,0.7259530098915806,0.06496245862277336,0,WILDFIRE,TIER_B,hard_negative,0.92
TB-HN-WILD-MINING-012,FAC-JHK-BOKARO-01,GRP_JHK_02,4297.490255786769,4,42.47395505418854,122.4915518817232,163.4799089525837,379.02603670189666,82.6195654369782,0.6010084560094034,0,10.01565202585285,0.12775578843873833,0.7529677816161501,0.07768802527683219,0,WILDFIRE,TIER_B,hard_negative,0.92
TB-HN-WILD-MINING-013,FAC-JHK-BOKARO-01,GRP_JHK_02,2643.239493247146,4,66.82346311905084,80.43613636927846,48.62132899940866,417.0854491847575,111.23099049421106,0.5738804226547336,2,10.557524351548608,0.11117295853325189,0.7019012837477341,0.03746438010200564,0,WILDFIRE,TIER_B,hard_negative,0.92
TB-HN-WILD-MINING-014,FAC-ODI-JHARSUGUDA-01,GRP_ODI_02,3022.6824421496185,3,85.91642233055752,108.80227625127777,90.70123786368488,411.24057577224403,110.75244641528342,0.6519902435873921,0,13.502808799116952,0.06218349900023037,0.7038825162243969,0.015337534837804824,0,WILDFIRE,TIER_B,hard_negative,0.92
TB-HN-WILD-MINING-015,FAC-ODI-ROURKELA-01,GRP_ODI_03,4022.3088745036794,4,152.52526024214262,121.186814606129,93.01832144760107,345.33696767929536,76.36311949244566,0.5790059057813088,2,14.602354845929412,0.02889906050592799,0.8611085895324455,0.08285498995451702,0,WILDFIRE,TIER_B,hard_negative,0.92
TB-HN-WILD-MINING-016,FAC-CHH-BHILAI-01,GRP_CHH_02,4295.821098488277,4,128.71214769147838,150.90875719071198,109.7946903466567,395.5301435711574,59.11813998390346,0.5454374839006597,0,6.561023805026282,0.014936688590822571,0.9002929935722244,0.05042570465681905,0,WILDFIRE,TIER_B,hard_negative,0.92
TB-HN-WILD-MINING-017,FAC-CHH-KORBA-01,GRP_CHH_01,3230.80124223861,3,118.88322709801153,124.32578037752029,230.83303332219216,405.3604090196006,34.22342321848444,0.5467213896001039,0,1.39898110467645,0.06561315582491992,0.8572235315479938,0.059328819180316184,0,WILDFIRE,TIER_B,hard_negative,0.92
TB-HN-WILD-MINING-018,FAC-ODI-PARADEEP-01,GRP_ODI_01,3354.298927804289,1,159.07320893524223,155.8599825338712,151.5125819888198,332.2760888696504,92.88525470581573,0.7450242574223271,2,9.472526883064553,0.0537182027696317,0.7599304710561832,0.08979092405867221,0,WILDFIRE,TIER_B,hard_negative,0.92
TB-HN-WILD-MINING-019,FAC-ODI-ROURKELA-01,GRP_ODI_03,2081.486743735162,4,237.72105015808657,118.94689311835424,205.6324011146358,364.0296261708084,44.56893178257559,0.4655246599204052,0,14.024638400648108,0.09411570134364905,0.8595966424509842,0.05793545757751095,0,WILDFIRE,TIER_B,hard_negative,0.92
TB-HN-WILD-MINING-020,FAC-ODI-PARADEEP-01,GRP_ODI_01,1832.7945573432976,1,260.70774173671026,28.40264846430344,52.62213882033897,353.5795206614914,36.42402508454969,0.47321442848647766,1,13.690786939671174,0.031195868243426315,0.7251679299232306,0.07954414563026799,0,WILDFIRE,TIER_B,hard_negative,0.92
TB-HN-WILD-MINING-021,FAC-JHK-JAMSHEDPUR-01,GRP_JHK_01,1720.7279090549935,4,269.19255085889944,21.44690276342924,178.08737446798858,363.77289325054153,49.98566346334131,0.722490719968554,0,2.6970965376595006,0.0015210437442788882,0.744669268018876,0.05672938498199984,0,WILDFIRE,TIER_B,hard_negative,0.92
TB-HN-WILD-MINING-022,FAC-JHK-BOKARO-01,GRP_JHK_02,4064.426780449982,4,46.05989198101837,61.421567790664255,99.76025641932729,419.5424443875287,79.19927252636285,0.4515043664538598,2,11.12545243514713,0.13898747688709975,0.7482113149130917,0.0029555242776529325,0,WILDFIRE,TIER_B,hard_negative,0.92
TB-HN-WILD-MINING-023,FAC-ODI-PARADEEP-01,GRP_ODI_01,3053.984765225903,1,216.65465835758815,42.44597934209658,103.92484796346234,410.8715134823784,21.00875708020517,0.49156950612312805,0,10.916158485219073,0.14097721553584214,0.766897633063917,0.04815748721304352,0,WILDFIRE,TIER_B,hard_negative,0.92
TB-HN-WILD-MINING-024,FAC-ODI-PARADEEP-01,GRP_ODI_01,2545.660139055928,1,161.14673523426055,54.14813160938443,191.39472489113135,374.6221534851609,70.29096776639864,0.5699826454870733,0,3.7513972267090723,0.029681466542621087,0.9115089444207305,0.07173961347422209,0,WILDFIRE,TIER_B,hard_negative,0.92
TB-HN-WILD-MINING-025,FAC-JHK-JAMSHEDPUR-01,GRP_JHK_01,1808.683803312069,4,225.18560650280824,98.13683313681014,58.100216557405076,348.5248622733249,91.65015557228656,0.5800415014092415,1,6.356059826500316,0.11206189051830089,0.9039730498916445,0.062291096231012866,0,WILDFIRE,TIER_B,hard_negative,0.92
TB-HN-WILD-MINING-026,FAC-JHK-BOKARO-01,GRP_JHK_02,2649.1375437970382,4,67.9260052017319,62.93732588063234,226.51577588558678,403.7407520844338,63.83914517655523,0.7168349058190584,2,3.795954911433448,0.06147123980537825,0.8509705238541334,0.08772520918033866,0,WILDFIRE,TIER_B,hard_negative,0.92
TB-HN-WILD-MINING-027,FAC-JHK-BOKARO-01,GRP_JHK_02,2556.760007105172,4,22.934086847172956,36.98563539502076,94.21666725545349,401.18067351529254,54.48994071053304,0.4717920993607882,2,5.574904423799099,0.021755951396578422,0.7786132237358085,0.0009632999588468195,0,WILDFIRE,TIER_B,hard_negative,0.92
TB-HN-WILD-MINING-028,FAC-CHH-KORBA-01,GRP_CHH_01,1532.7030729532826,3,102.15038811154433,79.80649408042719,202.90506686239752,410.8869576524078,75.287339514166,0.5656772649666986,2,3.18262746862274,0.03261951294122657,0.8402396751158842,0.07162656233303574,0,WILDFIRE,TIER_B,hard_negative,0.92
TB-HN-WILD-MINING-029,FAC-CHH-BHILAI-01,GRP_CHH_02,4079.7379166933515,4,34.828411915125855,143.89960301623134,117.00253238447264,398.05810830867665,50.413896061228485,0.5460364226955557,0,0.7448961365288326,0.07409013938007984,0.7116979609993467,0.027441545144645307,0,WILDFIRE,TIER_B,hard_negative,0.92
TB-HN-LOWFRP-FLARE-000,FAC-GUJ-HAZIRA-01,GRP_GUJ_02,33.577609032609836,1,4.540257561302751,4.788123318092508,1.654858569043899,363.8206908931094,598.8620158282292,0.5287333217014456,73,24.759095311857312,0.05,0.05,0.9323286286916909,1,IND_FLARE,TIER_B,hard_negative,0.95
TB-HN-LOWFRP-FLARE-001,FAC-ODI-PARADEEP-01,GRP_ODI_01,34.90102969044553,1,11.701681991109975,2.7590573673755423,2.227174634400986,361.37568415668613,686.8149796368414,0.4032544584117146,60,6.902396355547042,0.05,0.05,0.9105026564226729,1,IND_FLARE,TIER_B,hard_negative,0.95
TB-HN-LOWFRP-FLARE-002,FAC-ODI-PARADEEP-01,GRP_ODI_01,62.18797378440226,1,9.78323051417187,5.302410398113507,2.3145107652510033,350.6587330601434,1148.6986869505215,0.4786654983437714,89,24.679336764601132,0.05,0.05,0.8486673248539452,1,IND_FLARE,TIER_B,hard_negative,0.95
TB-HN-LOWFRP-FLARE-003,FAC-GUJ-HAZIRA-01,GRP_GUJ_02,170.18437222422776,1,11.439333800686843,3.219205276705453,1.0512545569372929,376.2728264966592,353.0738313244875,0.5987080742759392,88,19.485067194056878,0.05,0.05,0.7952682512554399,1,IND_FLARE,TIER_B,hard_negative,0.95
TB-HN-LOWFRP-FLARE-004,FAC-GUJ-HAZIRA-01,GRP_GUJ_02,46.32034173295276,1,11.120488362837865,5.082156730540344,3.6309462163055075,384.4782514888575,1689.305398138205,0.5736029744930431,33,22.666386929891114,0.05,0.05,0.7586152361494356,1,IND_FLARE,TIER_B,hard_negative,0.95
TB-HN-LOWFRP-FLARE-005,FAC-GUJ-JAMNAGAR-01,GRP_GUJ_01,189.95752355318604,1,3.6753795770819795,4.805302819724762,2.5284524053945074,375.6242763174908,573.4522513580092,0.43406772602328425,17,16.66906408379879,0.05,0.05,0.7739802839253674,1,IND_FLARE,TIER_B,hard_negative,0.95
TB-HN-LOWFRP-FLARE-006,FAC-TN-MANALI-01,GRP_TN_01,173.76003085166425,1,9.777313442954217,8.714588887625007,3.870177800974346,355.66469588760424,870.5899638133884,0.42447466182971555,67,9.810468938631523,0.05,0.05,0.8455853635985686,1,IND_FLARE,TIER_B,hard_negative,0.95
TB-HN-LOWFRP-FLARE-007,FAC-HAR-PANIPAT-01,GRP_HAR_01,195.50639602022545,1,5.897202267898587,7.616052064142705,1.0581559698942122,348.1906016790129,617.673436366921,0.41655885480792776,71,21.710841934810926,0.05,0.05,0.7984752515844714,1,IND_FLARE,TIER_B,hard_negative,0.95
TB-HN-LOWFRP-FLARE-008,FAC-MAH-TROMBAY-01,GRP_MAH_01,142.04336237030608,1,3.6762996222517406,5.962240252061699,1.007406790926209,368.5249476939944,906.4926565818431,0.47701204447137924,62,7.090694359011969,0.05,0.05,0.7917322916001013,1,IND_FLARE,TIER_B,hard_negative,0.95
TB-HN-LOWFRP-FLARE-009,FAC-TN-MANALI-01,GRP_TN_01,154.4927120911513,1,5.806428867404247,5.67815375765432,0.78519591556241,360.22557046475276,1655.7304446287576,0.44375696616872734,46,12.711514975885255,0.05,0.05,0.8404863787708562,1,IND_FLARE,TIER_B,hard_negative,0.95
TB-HN-LOWFRP-FLARE-010,FAC-MAH-TROMBAY-01,GRP_MAH_01,158.20400130777753,1,4.691581253839685,4.444869041157199,0.8239460349664893,350.35733899157293,1581.3167185318994,0.5296765925020939,18,14.219082426458037,0.05,0.05,0.7714346777573615,1,IND_FLARE,TIER_B,hard_negative,0.95
TB-HN-LOWFRP-FLARE-011,FAC-GUJ-HAZIRA-01,GRP_GUJ_02,55.7068676736333,1,11.046882488933365,3.8092083623058848,0.30862774856175157,368.0942751954814,880.4367389625866,0.45311574506510227,70,6.681335323218529,0.05,0.05,0.8362947273434193,1,IND_FLARE,TIER_B,hard_negative,0.95
TB-HN-LOWFRP-FLARE-012,FAC-GUJ-DAHEJ-01,GRP_GUJ_03,85.41632023018727,1,6.87763581105576,4.836176532299067,1.8770942705559557,353.489033765276,202.54579342666656,0.4765045057714009,54,8.878632529676837,0.05,0.05,0.787889926735598,1,IND_FLARE,TIER_B,hard_negative,0.95
TB-HN-LOWFRP-FLARE-013,FAC-GUJ-DAHEJ-01,GRP_GUJ_03,122.86934139151784,1,7.766064781449982,5.955313590394923,1.8475482986487544,369.05802624295336,1205.8593602346355,0.5917943434582393,28,7.303758122494484,0.05,0.05,0.929011692159903,1,IND_FLARE,TIER_B,hard_negative,0.95
TB-HN-LOWFRP-FLARE-014,FAC-ODI-PARADEEP-01,GRP_ODI_01,55.36575520419331,1,7.789185523310959,4.4282163425181436,3.553881100988677,369.9756139203248,799.6597905338226,0.47857708499029916,28,19.67848745347092,0.05,0.05,0.9259055341656264,1,IND_FLARE,TIER_B,hard_negative,0.95
TB-HN-LOWFRP-FLARE-015,FAC-ODI-PARADEEP-01,GRP_ODI_01,104.08261544320003,1,4.5392620717849494,3.925028357158838,2.620217008101729,370.29266737264146,603.8041021892593,0.4006213740918675,23,15.064803050127988,0.05,0.05,0.8900942454071616,1,IND_FLARE,TIER_B,hard_negative,0.95
TB-HN-LOWFRP-FLARE-016,FAC-HAR-PANIPAT-01,GRP_HAR_01,150.42724257716233,1,10.673075453639104,7.3155514424319295,0.8468837812351244,369.07212423885414,399.96436234368826,0.4664310632644135,58,7.836673105097267,0.05,0.05,0.7525469655782452,1,IND_FLARE,TIER_B,hard_negative,0.95
TB-HN-LOWFRP-FLARE-017,FAC-HAR-PANIPAT-01,GRP_HAR_01,91.30528437696611,1,3.1874416291537537,9.32059597854931,3.5487786031701627,343.53625561267245,1397.2380637615222,0.40194677501023585,45,24.390830617223703,0.05,0.05,0.866631771625588,1,IND_FLARE,TIER_B,hard_negative,0.95
TB-HN-LOWFRP-FLARE-018,FAC-HAR-PANIPAT-01,GRP_HAR_01,175.9115222619994,1,7.253114201012805,2.8162356371617694,0.266085122194987,369.00231301427374,608.3063969269631,0.4456575341899234,64,8.346094750611853,0.05,0.05,0.7793165918815979,1,IND_FLARE,TIER_B,hard_negative,0.95
TB-HN-LOWFRP-FLARE-019,FAC-GUJ-HAZIRA-01,GRP_GUJ_02,28.998568116682996,1,10.235033561480627,4.849741460146863,2.064515030326672,352.5390522889022,1036.8013229394733,0.5326817042924363,32,12.285786637477688,0.05,0.05,0.752712210756167,1,IND_FLARE,TIER_B,hard_negative,0.95
TB-HN-LOWFRP-FLARE-020,FAC-TN-MANALI-01,GRP_TN_01,67.21546623803569,1,6.00364983098471,6.12481738941136,2.7229606900843484,378.2563870780791,1537.411161965498,0.496870967913808,34,18.71568315018846,0.05,0.05,0.8956431085464363,1,IND_FLARE,TIER_B,hard_negative,0.95
TB-HN-LOWFRP-FLARE-021,FAC-GUJ-JAMNAGAR-01,GRP_GUJ_01,38.10107362226479,1,6.692870525318307,4.041789223369721,3.977530842559083,352.8597202516467,171.9198537657998,0.515516841025669,89,24.46581176381119,0.05,0.05,0.821883985707622,1,IND_FLARE,TIER_B,hard_negative,0.95
TB-HN-LOWFRP-FLARE-022,FAC-GUJ-HAZIRA-01,GRP_GUJ_02,46.83000136109425,1,11.593329663574726,6.971136270132076,3.8687216299840115,378.85720179486714,1260.386563207653,0.5798442764764882,57,24.746633314833957,0.05,0.05,0.9252185680373115,1,IND_FLARE,TIER_B,hard_negative,0.95
TB-HN-LOWFRP-FLARE-023,FAC-GUJ-DAHEJ-01,GRP_GUJ_03,60.40877329529965,1,9.111597263363045,8.715964319693816,1.6858996572998297,355.8647142891833,1789.8254297978817,0.46186465947415334,5,16.59033663870062,0.05,0.05,0.8903671269763624,1,IND_FLARE,TIER_B,hard_negative,0.95
TB-HN-LOWFRP-FLARE-024,FAC-GUJ-HAZIRA-01,GRP_GUJ_02,92.35732839340903,1,7.095249065011455,9.277071249095194,3.2108939462795236,349.42042667798347,1748.7094153017,0.4997854037988678,87,7.942621777402977,0.05,0.05,0.8861846136305149,1,IND_FLARE,TIER_B,hard_negative,0.95
TC-VERIFIED-00-0,FAC-GUJ-JAMNAGAR-01,GRP_GUJ_01,85.0,1,341.76,210.78,1254.64,483.7,28.5,0.48,2,28.0,0.02,0.01,0.95,1,IND_FIRE,TIER_C,manual_verified,1.0
TC-VERIFIED-00-1,FAC-GUJ-JAMNAGAR-01,GRP_GUJ_01,85.0,1,343.67,211.95,1261.63,483.0,28.5,0.48,2,28.0,0.02,0.01,0.95,1,IND_FIRE,TIER_C,manual_verified,1.0
TC-VERIFIED-00-2,FAC-GUJ-JAMNAGAR-01,GRP_GUJ_01,85.0,1,339.78,209.56,1247.36,482.4,28.5,0.48,2,28.0,0.02,0.01,0.95,1,IND_FIRE,TIER_C,manual_verified,1.0
TC-VERIFIED-00-3,FAC-GUJ-JAMNAGAR-01,GRP_GUJ_01,85.0,1,329.32,203.1,1208.95,484.7,28.5,0.48,2,28.0,0.02,0.01,0.95,1,IND_FIRE,TIER_C,manual_verified,1.0
TC-VERIFIED-01-0,FAC-GUJ-HAZIRA-01,GRP_GUJ_02,120.0,1,267.34,157.54,849.75,442.0,18.0,0.52,3,35.0,0.05,0.02,0.92,1,IND_FIRE,TIER_C,manual_verified,1.0
TC-VERIFIED-01-1,FAC-GUJ-HAZIRA-01,GRP_GUJ_02,120.0,1,263.13,155.06,836.38,439.9,18.0,0.52,3,35.0,0.05,0.02,0.92,1,IND_FIRE,TIER_C,manual_verified,1.0
TC-VERIFIED-01-2,FAC-GUJ-HAZIRA-01,GRP_GUJ_02,120.0,1,257.83,151.93,819.52,439.1,18.0,0.52,3,35.0,0.05,0.02,0.92,1,IND_FIRE,TIER_C,manual_verified,1.0
TC-VERIFIED-01-3,FAC-GUJ-HAZIRA-01,GRP_GUJ_02,120.0,1,294.97,173.82,937.58,437.3,18.0,0.52,3,35.0,0.05,0.02,0.92,1,IND_FIRE,TIER_C,manual_verified,1.0
TC-VERIFIED-02-0,FAC-TN-MANALI-01,GRP_TN_01,95.0,1,183.7,113.04,584.06,417.3,14.0,0.45,1,20.0,0.01,0.01,0.97,1,IND_FIRE,TIER_C,manual_verified,1.0
TC-VERIFIED-02-1,FAC-TN-MANALI-01,GRP_TN_01,95.0,1,203.9,125.48,648.3,415.0,14.0,0.45,1,20.0,0.01,0.01,0.97,1,IND_FIRE,TIER_C,manual_verified,1.0
TC-VERIFIED-02-2,FAC-TN-MANALI-01,GRP_TN_01,95.0,1,209.31,128.8,665.49,415.4,14.0,0.45,1,20.0,0.01,0.01,0.97,1,IND_FIRE,TIER_C,manual_verified,1.0
TC-VERIFIED-02-3,FAC-TN-MANALI-01,GRP_TN_01,95.0,1,209.15,128.71,665.01,416.3,14.0,0.45,1,20.0,0.01,0.01,0.97,1,IND_FIRE,TIER_C,manual_verified,1.0
TC-VERIFIED-03-0,FAC-ODI-PARADEEP-01,GRP_ODI_01,140.0,1,207.42,127.28,697.69,431.4,16.5,0.5,2,25.0,0.04,0.02,0.94,1,IND_FIRE,TIER_C,manual_verified,1.0
TC-VERIFIED-03-1,FAC-ODI-PARADEEP-01,GRP_ODI_01,140.0,1,217.61,133.53,731.95,432.5,16.5,0.5,2,25.0,0.04,0.02,0.94,1,IND_FIRE,TIER_C,manual_verified,1.0
TC-VERIFIED-03-2,FAC-ODI-PARADEEP-01,GRP_ODI_01,140.0,1,212.64,130.48,715.23,427.2,16.5,0.5,2,25.0,0.04,0.02,0.94,1,IND_FIRE,TIER_C,manual_verified,1.0
TC-VERIFIED-03-3,FAC-ODI-PARADEEP-01,GRP_ODI_01,140.0,1,235.24,144.35,791.26,428.5,16.5,0.5,2,25.0,0.04,0.02,0.94,1,IND_FIRE,TIER_C,manual_verified,1.0
TC-VERIFIED-04-0,FAC-GUJ-JAMNAGAR-01,GRP_GUJ_01,45.0,1,43.2,29.31,12.34,364.3,720.0,0.5,78,55.0,0.02,0.01,0.95,1,IND_FLARE,TIER_C,manual_verified,1.0
TC-VERIFIED-04-1,FAC-GUJ-JAMNAGAR-01,GRP_GUJ_01,45.0,1,41.32,28.04,11.81,367.4,720.0,0.5,78,55.0,0.02,0.01,0.95,1,IND_FLARE,TIER_C,manual_verified,1.0
TC-VERIFIED-04-2,FAC-GUJ-JAMNAGAR-01,GRP_GUJ_01,45.0,1,44.64,30.29,12.75,367.5,720.0,0.5,78,55.0,0.02,0.01,0.95,1,IND_FLARE,TIER_C,manual_verified,1.0
TC-VERIFIED-04-3,FAC-GUJ-JAMNAGAR-01,GRP_GUJ_01,45.0,1,42.65,28.94,12.19,363.0,720.0,0.5,78,55.0,0.02,0.01,0.95,1,IND_FLARE,TIER_C,manual_verified,1.0
TC-VERIFIED-05-0,FAC-GUJ-HAZIRA-01,GRP_GUJ_02,60.0,1,54.44,33.65,18.31,374.3,840.0,0.48,82,68.0,0.05,0.02,0.92,1,IND_FLARE,TIER_C,manual_verified,1.0
TC-VERIFIED-05-1,FAC-GUJ-HAZIRA-01,GRP_GUJ_02,60.0,1,57.68,35.66,19.4,369.8,840.0,0.48,82,68.0,0.05,0.02,0.92,1,IND_FLARE,TIER_C,manual_verified,1.0
TC-VERIFIED-05-2,FAC-GUJ-HAZIRA-01,GRP_GUJ_02,60.0,1,57.36,35.46,19.29,370.5,840.0,0.48,82,68.0,0.05,0.02,0.92,1,IND_FLARE,TIER_C,manual_verified,1.0
TC-VERIFIED-05-3,FAC-GUJ-HAZIRA-01,GRP_GUJ_02,60.0,1,54.26,33.54,18.25,370.2,840.0,0.48,82,68.0,0.05,0.02,0.92,1,IND_FLARE,TIER_C,manual_verified,1.0
TC-VERIFIED-06-0,FAC-MAH-TROMBAY-01,GRP_MAH_01,35.0,1,36.81,23.25,8.91,356.8,960.0,0.52,85,48.0,0.01,0.01,0.98,1,IND_FLARE,TIER_C,manual_verified,1.0
TC-VERIFIED-06-1,FAC-MAH-TROMBAY-01,GRP_MAH_01,35.0,1,40.6,25.64,9.83,357.8,960.0,0.52,85,48.0,0.01,0.01,0.98,1,IND_FLARE,TIER_C,manual_verified,1.0
TC-VERIFIED-06-2,FAC-MAH-TROMBAY-01,GRP_MAH_01,35.0,1,36.07,22.78,8.73,359.7,960.0,0.52,85,48.0,0.01,0.01,0.98,1,IND_FLARE,TIER_C,manual_verified,1.0
TC-VERIFIED-06-3,FAC-MAH-TROMBAY-01,GRP_MAH_01,35.0,1,40.03,25.28,9.69,355.6,960.0,0.52,85,48.0,0.01,0.01,0.98,1,IND_FLARE,TIER_C,manual_verified,1.0
TC-VERIFIED-07-0,FAC-HAR-PANIPAT-01,GRP_HAR_01,75.0,1,65.28,42.18,24.1,381.2,600.0,0.49,72,75.0,0.12,0.02,0.85,1,IND_FLARE,TIER_C,manual_verified,1.0
TC-VERIFIED-07-1,FAC-HAR-PANIPAT-01,GRP_HAR_01,75.0,1,65.04,42.03,24.01,381.1,600.0,0.49,72,75.0,0.12,0.02,0.85,1,IND_FLARE,TIER_C,manual_verified,1.0
TC-VERIFIED-07-2,FAC-HAR-PANIPAT-01,GRP_HAR_01,75.0,1,63.52,41.04,23.45,379.1,600.0,0.49,72,75.0,0.12,0.02,0.85,1,IND_FLARE,TIER_C,manual_verified,1.0
TC-VERIFIED-07-3,FAC-HAR-PANIPAT-01,GRP_HAR_01,75.0,1,64.65,41.78,23.87,382.8,600.0,0.49,72,75.0,0.12,0.02,0.85,1,IND_FLARE,TIER_C,manual_verified,1.0
TC-VERIFIED-08-0,FAC-CHH-KORBA-01,GRP_CHH_01,50.0,3,27.83,19.38,4.17,344.5,1400.0,0.5,88,32.0,0.05,0.1,0.82,1,IND_ROUTINE,TIER_C,manual_verified,1.0
TC-VERIFIED-08-1,FAC-CHH-KORBA-01,GRP_CHH_01,50.0,3,25.88,18.02,3.88,343.6,1400.0,0.5,88,32.0,0.05,0.1,0.82,1,IND_ROUTINE,TIER_C,manual_verified,1.0
TC-VERIFIED-08-2,FAC-CHH-KORBA-01,GRP_CHH_01,50.0,3,26.16,18.22,3.92,339.8,1400.0,0.5,88,32.0,0.05,0.1,0.82,1,IND_ROUTINE,TIER_C,manual_verified,1.0
TC-VERIFIED-08-3,FAC-CHH-KORBA-01,GRP_CHH_01,50.0,3,29.82,20.77,4.47,343.7,1400.0,0.5,88,32.0,0.05,0.1,0.82,1,IND_ROUTINE,TIER_C,manual_verified,1.0
TC-VERIFIED-09-0,FAC-MAH-CHANDRAPUR-01,GRP_MAH_02,80.0,2,35.45,24.31,6.89,347.2,1200.0,0.51,84,40.0,0.08,0.08,0.8,1,IND_ROUTINE,TIER_C,manual_verified,1.0
TC-VERIFIED-09-1,FAC-MAH-CHANDRAPUR-01,GRP_MAH_02,80.0,2,35.68,24.46,6.93,350.4,1200.0,0.51,84,40.0,0.08,0.08,0.8,1,IND_ROUTINE,TIER_C,manual_verified,1.0
TC-VERIFIED-09-2,FAC-MAH-CHANDRAPUR-01,GRP_MAH_02,80.0,2,37.12,25.45,7.21,345.3,1200.0,0.51,84,40.0,0.08,0.08,0.8,1,IND_ROUTINE,TIER_C,manual_verified,1.0
TC-VERIFIED-09-3,FAC-MAH-CHANDRAPUR-01,GRP_MAH_02,80.0,2,36.93,25.33,7.18,345.8,1200.0,0.51,84,40.0,0.08,0.08,0.8,1,IND_ROUTINE,TIER_C,manual_verified,1.0
TC-VERIFIED-10-0,FAC-TEL-RAMAGUNDAM-01,GRP_TEL_01,65.0,2,32.87,22.6,5.65,344.8,1350.0,0.49,86,38.0,0.06,0.05,0.85,1,IND_ROUTINE,TIER_C,manual_verified,1.0
TC-VERIFIED-10-1,FAC-TEL-RAMAGUNDAM-01,GRP_TEL_01,65.0,2,33.35,22.93,5.73,345.1,1350.0,0.49,86,38.0,0.06,0.05,0.85,1,IND_ROUTINE,TIER_C,manual_verified,1.0
TC-VERIFIED-10-2,FAC-TEL-RAMAGUNDAM-01,GRP_TEL_01,65.0,2,33.74,23.19,5.8,342.5,1350.0,0.49,86,38.0,0.06,0.05,0.85,1,IND_ROUTINE,TIER_C,manual_verified,1.0
TC-VERIFIED-10-3,FAC-TEL-RAMAGUNDAM-01,GRP_TEL_01,65.0,2,30.82,21.19,5.3,347.9,1350.0,0.49,86,38.0,0.06,0.05,0.85,1,IND_ROUTINE,TIER_C,manual_verified,1.0
TC-VERIFIED-11-0,FAC-JHK-JAMSHEDPUR-01,GRP_JHK_01,40.0,4,42.17,29.05,7.97,355.6,1500.0,0.5,89,52.0,0.02,0.02,0.95,1,IND_ROUTINE,TIER_C,manual_verified,1.0
TC-VERIFIED-11-1,FAC-JHK-JAMSHEDPUR-01,GRP_JHK_01,40.0,4,47.32,32.6,8.94,355.4,1500.0,0.5,89,52.0,0.02,0.02,0.95,1,IND_ROUTINE,TIER_C,manual_verified,1.0
TC-VERIFIED-11-2,FAC-JHK-JAMSHEDPUR-01,GRP_JHK_01,40.0,4,46.37,31.95,8.76,357.2,1500.0,0.5,89,52.0,0.02,0.02,0.95,1,IND_ROUTINE,TIER_C,manual_verified,1.0
TC-VERIFIED-11-3,FAC-JHK-JAMSHEDPUR-01,GRP_JHK_01,40.0,4,42.27,29.12,7.99,355.5,1500.0,0.5,89,52.0,0.02,0.02,0.95,1,IND_ROUTINE,TIER_C,manual_verified,1.0
TC-VERIFIED-12-0,NONE,GRP_RURAL_AGRI_01,8500.0,0,18.53,11.22,3.81,336.3,3.5,1.0,1,14.0,0.94,0.02,0.04,0,AGRI_BURN,TIER_C,manual_verified,1.0
TC-VERIFIED-12-1,NONE,GRP_RURAL_AGRI_01,8500.0,0,19.1,11.56,3.92,335.1,3.5,1.0,1,14.0,0.94,0.02,0.04,0,AGRI_BURN,TIER_C,manual_verified,1.0
TC-VERIFIED-12-2,NONE,GRP_RURAL_AGRI_01,8500.0,0,18.68,11.31,3.84,337.8,3.5,1.0,1,14.0,0.94,0.02,0.04,0,AGRI_BURN,TIER_C,manual_verified,1.0
TC-VERIFIED-12-3,NONE,GRP_RURAL_AGRI_01,8500.0,0,17.42,10.55,3.58,337.4,3.5,1.0,1,14.0,0.94,0.02,0.04,0,AGRI_BURN,TIER_C,manual_verified,1.0
TC-VERIFIED-13-0,NONE,GRP_RURAL_AGRI_02,6200.0,0,22.49,13.8,4.6,337.9,4.0,1.0,2,18.0,0.92,0.03,0.05,0,AGRI_BURN,TIER_C,manual_verified,1.0
TC-VERIFIED-13-1,NONE,GRP_RURAL_AGRI_02,6200.0,0,22.45,13.78,4.59,341.3,4.0,1.0,2,18.0,0.92,0.03,0.05,0,AGRI_BURN,TIER_C,manual_verified,1.0
TC-VERIFIED-13-2,NONE,GRP_RURAL_AGRI_02,6200.0,0,23.54,14.44,4.81,341.8,4.0,1.0,2,18.0,0.92,0.03,0.05,0,AGRI_BURN,TIER_C,manual_verified,1.0
TC-VERIFIED-13-3,NONE,GRP_RURAL_AGRI_02,6200.0,0,22.44,13.77,4.59,338.2,4.0,1.0,2,18.0,0.92,0.03,0.05,0,AGRI_BURN,TIER_C,manual_verified,1.0
TC-VERIFIED-14-0,NONE,GRP_RURAL_AGRI_03,9400.0,0,13.96,9.12,2.7,327.9,2.5,1.0,1,12.0,0.95,0.01,0.04,0,AGRI_BURN,TIER_C,manual_verified,1.0
TC-VERIFIED-14-1,NONE,GRP_RURAL_AGRI_03,9400.0,0,15.91,10.4,3.08,330.1,2.5,1.0,1,12.0,0.95,0.01,0.04,0,AGRI_BURN,TIER_C,manual_verified,1.0
TC-VERIFIED-14-2,NONE,GRP_RURAL_AGRI_03,9400.0,0,14.39,9.4,2.78,327.6,2.5,1.0,1,12.0,0.95,0.01,0.04,0,AGRI_BURN,TIER_C,manual_verified,1.0
TC-VERIFIED-14-3,NONE,GRP_RURAL_AGRI_03,9400.0,0,13.86,9.05,2.68,330.0,2.5,1.0,1,12.0,0.95,0.01,0.04,0,AGRI_BURN,TIER_C,manual_verified,1.0
TC-VERIFIED-15-0,NONE,GRP_RURAL_AGRI_04,12000.0,0,12.28,7.37,2.06,328.6,2.0,1.0,1,10.0,0.91,0.04,0.05,0,AGRI_BURN,TIER_C,manual_verified,1.0
TC-VERIFIED-15-1,NONE,GRP_RURAL_AGRI_04,12000.0,0,12.1,7.26,2.03,325.9,2.0,1.0,1,10.0,0.91,0.04,0.05,0,AGRI_BURN,TIER_C,manual_verified,1.0
TC-VERIFIED-15-2,NONE,GRP_RURAL_AGRI_04,12000.0,0,11.87,7.12,1.99,324.4,2.0,1.0,1,10.0,0.91,0.04,0.05,0,AGRI_BURN,TIER_C,manual_verified,1.0
TC-VERIFIED-15-3,NONE,GRP_RURAL_AGRI_04,12000.0,0,13.2,7.92,2.22,324.6,2.0,1.0,1,10.0,0.91,0.04,0.05,0,AGRI_BURN,TIER_C,manual_verified,1.0
TC-VERIFIED-16-0,NONE,GRP_FOREST_WILD_01,18500.0,0,147.62,79.41,183.25,394.6,48.0,0.58,1,45.0,0.02,0.94,0.01,0,WILDFIRE,TIER_C,manual_verified,1.0
TC-VERIFIED-16-1,NONE,GRP_FOREST_WILD_01,18500.0,0,148.67,79.97,184.55,392.7,48.0,0.58,1,45.0,0.02,0.94,0.01,0,WILDFIRE,TIER_C,manual_verified,1.0
TC-VERIFIED-16-2,NONE,GRP_FOREST_WILD_01,18500.0,0,136.79,73.59,169.81,392.1,48.0,0.58,1,45.0,0.02,0.94,0.01,0,WILDFIRE,TIER_C,manual_verified,1.0
TC-VERIFIED-16-3,NONE,GRP_FOREST_WILD_01,18500.0,0,136.69,73.53,169.68,396.5,48.0,0.58,1,45.0,0.02,0.94,0.01,0,WILDFIRE,TIER_C,manual_verified,1.0
TC-VERIFIED-17-0,NONE,GRP_FOREST_WILD_02,14200.0,0,172.53,91.06,230.04,410.1,62.0,0.62,2,60.0,0.01,0.96,0.01,0,WILDFIRE,TIER_C,manual_verified,1.0
TC-VERIFIED-17-1,NONE,GRP_FOREST_WILD_02,14200.0,0,185.75,98.03,247.67,408.2,62.0,0.62,2,60.0,0.01,0.96,0.01,0,WILDFIRE,TIER_C,manual_verified,1.0
TC-VERIFIED-17-2,NONE,GRP_FOREST_WILD_02,14200.0,0,179.44,94.7,239.25,408.7,62.0,0.62,2,60.0,0.01,0.96,0.01,0,WILDFIRE,TIER_C,manual_verified,1.0
TC-VERIFIED-17-3,NONE,GRP_FOREST_WILD_02,14200.0,0,168.48,88.92,224.64,410.5,62.0,0.62,2,60.0,0.01,0.96,0.01,0,WILDFIRE,TIER_C,manual_verified,1.0
TC-VERIFIED-18-0,NONE,GRP_FOREST_WILD_03,22000.0,0,107.67,60.68,127.24,383.7,36.0,0.55,1,35.0,0.03,0.93,0.01,0,WILDFIRE,TIER_C,manual_verified,1.0
TC-VERIFIED-18-1,NONE,GRP_FOREST_WILD_03,22000.0,0,107.99,60.87,127.63,386.8,36.0,0.55,1,35.0,0.03,0.93,0.01,0,WILDFIRE,TIER_C,manual_verified,1.0
TC-VERIFIED-18-2,NONE,GRP_FOREST_WILD_03,22000.0,0,109.37,61.64,129.25,386.9,36.0,0.55,1,35.0,0.03,0.93,0.01,0,WILDFIRE,TIER_C,manual_verified,1.0
TC-VERIFIED-18-3,NONE,GRP_FOREST_WILD_03,22000.0,0,103.81,58.51,122.68,383.7,36.0,0.55,1,35.0,0.03,0.93,0.01,0,WILDFIRE,TIER_C,manual_verified,1.0
TC-VERIFIED-19-0,NONE,GRP_UNCERTAIN_01,28000.0,0,0.8,0.61,0.0,307.3,0.0,1.0,0,0.0,0.15,0.05,0.1,0,OTHER_UNCERTAIN,TIER_C,manual_verified,1.0
TC-VERIFIED-19-1,NONE,GRP_UNCERTAIN_01,28000.0,0,0.86,0.66,0.0,305.2,0.0,1.0,0,0.0,0.15,0.05,0.1,0,OTHER_UNCERTAIN,TIER_C,manual_verified,1.0
TC-VERIFIED-19-2,NONE,GRP_UNCERTAIN_01,28000.0,0,0.87,0.67,0.0,308.9,0.0,1.0,0,0.0,0.15,0.05,0.1,0,OTHER_UNCERTAIN,TIER_C,manual_verified,1.0
TC-VERIFIED-19-3,NONE,GRP_UNCERTAIN_01,28000.0,0,0.84,0.64,0.0,310.4,0.0,1.0,0,0.0,0.15,0.05,0.1,0,OTHER_UNCERTAIN,TIER_C,manual_verified,1.0
TC-VERIFIED-20-0,NONE,GRP_UNCERTAIN_02,34000.0,0,0.9,0.68,0.0,307.8,0.0,1.0,0,0.0,0.05,0.02,0.08,0,OTHER_UNCERTAIN,TIER_C,manual_verified,1.0
TC-VERIFIED-20-1,NONE,GRP_UNCERTAIN_02,34000.0,0,0.98,0.74,0.0,309.8,0.0,1.0,0,0.0,0.05,0.02,0.08,0,OTHER_UNCERTAIN,TIER_C,manual_verified,1.0
TC-VERIFIED-20-2,NONE,GRP_UNCERTAIN_02,34000.0,0,0.85,0.65,0.0,307.9,0.0,1.0,0,0.0,0.05,0.02,0.08,0,OTHER_UNCERTAIN,TIER_C,manual_verified,1.0
TC-VERIFIED-20-3,NONE,GRP_UNCERTAIN_02,34000.0,0,0.92,0.7,0.0,312.2,0.0,1.0,0,0.0,0.05,0.02,0.08,0,OTHER_UNCERTAIN,TIER_C,manual_verified,1.0
